date,equipment_category,source_system,coverage_status,selection_reason,input_rows,selected_rows,suppressed_rows,input_liter,selected_liter,suppressed_liter
2025-01-01,BUS,EXCEL,NOT_APPLICABLE,EXCEL_OUTSIDE_UJB_COVERAGE,3,3,0,150.82999999999998,150.82999999999998,0.0
2025-01-01,ELF,EXCEL,NOT_APPLICABLE,EXCEL_OUTSIDE_UJB_COVERAGE,3,3,0,111.2,111.2,0.0
2025-01-01,HEAD_TRUCK,EXCEL,NOT_APPLICABLE,EXCEL_OUTSIDE_UJB_COVERAGE,80,80,0,6274.77,6274.77,0.0
2025-01-01,KEND_OPS,EXCEL,NOT_APPLICABLE,EXCEL_OUTSIDE_UJB_COVERAGE,5,5,0,125.37,125.37,0.0
2025-01-01,MODUL,EXCEL,NOT_APPLICABLE,EXCEL_MODUL_AUTHORITATIVE_WHEN_PRESENT,1,1,0,0.0,0.0,0.0
2025-01-01,RTGC,EXCEL,NOT_APPLICABLE,EXCEL_NON_UJB_CATEGORY,63,63,0,10732.7,10732.7,0.0
2025-01-01,SUPPORT,EXCEL,NOT_APPLICABLE,EXCEL_SUPPORT_RETAINED_FORKLIFT_BRIDGE,4,4,0,462.41999999999996,462.41999999999996,0.0
2025-01-02,BUS,EXCEL,NOT_APPLICABLE,EXCEL_OUTSIDE_UJB_COVERAGE,3,3,0,145.9,145.9,0.0
2025-01-02,ELF,EXCEL,NOT_APPLICABLE,EXCEL_OUTSIDE_UJB_COVERAGE,3,3,0,95.63,95.63,0.0
2025-01-02,HEAD_TRUCK,EXCEL,NOT_APPLICABLE,EXCEL_OUTSIDE_UJB_COVERAGE,80,80,0,6147.5,6147.5,0.0
2025-01-02,KEND_OPS,EXCEL,NOT_APPLICABLE,EXCEL_OUTSIDE_UJB_COVERAGE,8,8,0,184.45,184.45,0.0
2025-01-02,MODUL,EXCEL,NOT_APPLICABLE,EXCEL_MODUL_AUTHORITATIVE_WHEN_PRESENT,1,1,0,0.0,0.0,0.0
2025-01-02,RTGC,EXCEL,NOT_APPLICABLE,EXCEL_NON_UJB_CATEGORY,63,63,0,12738.0,12738.0,0.0
2025-01-02,SUPPORT,EXCEL,NOT_APPLICABLE,EXCEL_SUPPORT_RETAINED_FORKLIFT_BRIDGE,5,5,0,460.04,460.04,0.0
2025-01-03,BUS,EXCEL,NOT_APPLICABLE,EXCEL_OUTSIDE_UJB_COVERAGE,3,3,0,150.53,150.53,0.0
2025-01-03,ELF,EXCEL,NOT_APPLICABLE,EXCEL_OUTSIDE_UJB_COVERAGE,3,3,0,116.39,116.39,0.0
2025-01-03,HEAD_TRUCK,EXCEL,NOT_APPLICABLE,EXCEL_OUTSIDE_UJB_COVERAGE,79,79,0,6077.99,6077.99,0.0
2025-01-03,KEND_OPS,EXCEL,NOT_APPLICABLE,EXCEL_OUTSIDE_UJB_COVERAGE,9,9,0,257.9,257.9,0.0
2025-01-03,MODUL,EXCEL,NOT_APPLICABLE,EXCEL_MODUL_AUTHORITATIVE_WHEN_PRESENT,1,1,0,0.0,0.0,0.0
2025-01-03,RTGC,EXCEL,NOT_APPLICABLE,EXCEL_NON_UJB_CATEGORY,63,63,0,13193.6,13193.6,0.0
2025-01-03,SUPPORT,EXCEL,NOT_APPLICABLE,EXCEL_SUPPORT_RETAINED_FORKLIFT_BRIDGE,5,5,0,423.86,423.86,0.0
2025-01-04,BUS,EXCEL,NOT_APPLICABLE,EXCEL_OUTSIDE_UJB_COVERAGE,3,3,0,147.48,147.48,0.0
2025-01-04,ELF,EXCEL,NOT_APPLICABLE,EXCEL_OUTSIDE_UJB_COVERAGE,3,3,0,115.84,115.84,0.0
2025-01-04,HEAD_TRUCK,EXCEL,NOT_APPLICABLE,EXCEL_OUTSIDE_UJB_COVERAGE,77,77,0,5785.05,5785.05,0.0
2025-01-04,KEND_OPS,EXCEL,NOT_APPLICABLE,EXCEL_OUTSIDE_UJB_COVERAGE,7,7,0,239.57,239.57,0.0
2025-01-04,MODUL,EXCEL,NOT_APPLICABLE,EXCEL_MODUL_AUTHORITATIVE_WHEN_PRESENT,1,1,0,0.0,0.0,0.0
2025-01-04,RTGC,EXCEL,NOT_APPLICABLE,EXCEL_NON_UJB_CATEGORY,63,63,0,13922.9,13922.9,0.0
2025-01-04,SUPPORT,EXCEL,NOT_APPLICABLE,EXCEL_SUPPORT_RETAINED_FORKLIFT_BRIDGE,7,7,0,549.7,549.7,0.0
2025-01-05,BUS,EXCEL,NOT_APPLICABLE,EXCEL_OUTSIDE_UJB_COVERAGE,3,3,0,150.31,150.31,0.0
2025-01-05,ELF,EXCEL,NOT_APPLICABLE,EXCEL_OUTSIDE_UJB_COVERAGE,3,3,0,119.32,119.32,0.0
2025-01-05,HEAD_TRUCK,EXCEL,NOT_APPLICABLE,EXCEL_OUTSIDE_UJB_COVERAGE,80,80,0,6818.82,6818.82,0.0
2025-01-05,KEND_OPS,EXCEL,NOT_APPLICABLE,EXCEL_OUTSIDE_UJB_COVERAGE,8,8,0,205.3,205.3,0.0
2025-01-05,MODUL,EXCEL,NOT_APPLICABLE,EXCEL_MODUL_AUTHORITATIVE_WHEN_PRESENT,1,1,0,0.0,0.0,0.0
2025-01-05,RTGC,EXCEL,NOT_APPLICABLE,EXCEL_NON_UJB_CATEGORY,63,63,0,12612.6,12612.6,0.0
2025-01-05,SUPPORT,EXCEL,NOT_APPLICABLE,EXCEL_SUPPORT_RETAINED_FORKLIFT_BRIDGE,4,4,0,230.12,230.12,0.0
2025-01-06,BUS,EXCEL,NOT_APPLICABLE,EXCEL_OUTSIDE_UJB_COVERAGE,3,3,0,150.53,150.53,0.0
2025-01-06,ELF,EXCEL,NOT_APPLICABLE,EXCEL_OUTSIDE_UJB_COVERAGE,3,3,0,101.41,101.41,0.0
2025-01-06,HEAD_TRUCK,EXCEL,NOT_APPLICABLE,EXCEL_OUTSIDE_UJB_COVERAGE,82,82,0,6317.76,6317.76,0.0
2025-01-06,KEND_OPS,EXCEL,NOT_APPLICABLE,EXCEL_OUTSIDE_UJB_COVERAGE,9,9,0,227.53,227.53,0.0
2025-01-06,MODUL,EXCEL,NOT_APPLICABLE,EXCEL_MODUL_AUTHORITATIVE_WHEN_PRESENT,1,1,0,0.0,0.0,0.0
2025-01-06,RTGC,EXCEL,NOT_APPLICABLE,EXCEL_NON_UJB_CATEGORY,63,63,0,12173.8,12173.8,0.0
2025-01-06,SUPPORT,EXCEL,NOT_APPLICABLE,EXCEL_SUPPORT_RETAINED_FORKLIFT_BRIDGE,4,4,0,499.45000000000005,499.45000000000005,0.0
2025-01-07,BUS,EXCEL,NOT_APPLICABLE,EXCEL_OUTSIDE_UJB_COVERAGE,3,3,0,151.27,151.27,0.0
2025-01-07,ELF,EXCEL,NOT_APPLICABLE,EXCEL_OUTSIDE_UJB_COVERAGE,3,3,0,110.56,110.56,0.0
2025-01-07,HEAD_TRUCK,EXCEL,NOT_APPLICABLE,EXCEL_OUTSIDE_UJB_COVERAGE,80,80,0,5982.64,5982.64,0.0
2025-01-07,KEND_OPS,EXCEL,NOT_APPLICABLE,EXCEL_OUTSIDE_UJB_COVERAGE,8,8,0,192.29999999999998,192.29999999999998,0.0
2025-01-07,MODUL,EXCEL,NOT_APPLICABLE,EXCEL_MODUL_AUTHORITATIVE_WHEN_PRESENT,1,1,0,0.0,0.0,0.0
2025-01-07,RTGC,EXCEL,NOT_APPLICABLE,EXCEL_NON_UJB_CATEGORY,63,63,0,12281.5,12281.5,0.0
2025-01-07,SUPPORT,EXCEL,NOT_APPLICABLE,EXCEL_SUPPORT_RETAINED_FORKLIFT_BRIDGE,7,7,0,414.21,414.21,0.0
2025-01-08,BUS,EXCEL,NOT_APPLICABLE,EXCEL_OUTSIDE_UJB_COVERAGE,3,3,0,150.56,150.56,0.0
2025-01-08,ELF,EXCEL,NOT_APPLICABLE,EXCEL_OUTSIDE_UJB_COVERAGE,3,3,0,112.39,112.39,0.0
2025-01-08,HEAD_TRUCK,EXCEL,NOT_APPLICABLE,EXCEL_OUTSIDE_UJB_COVERAGE,79,79,0,5819.34,5819.34,0.0
2025-01-08,KEND_OPS,EXCEL,NOT_APPLICABLE,EXCEL_OUTSIDE_UJB_COVERAGE,6,6,0,178.12,178.12,0.0
2025-01-08,MODUL,EXCEL,NOT_APPLICABLE,EXCEL_MODUL_AUTHORITATIVE_WHEN_PRESENT,1,1,0,0.0,0.0,0.0
2025-01-08,RTGC,EXCEL,NOT_APPLICABLE,EXCEL_NON_UJB_CATEGORY,63,63,0,13992.1,13992.1,0.0
2025-01-08,SUPPORT,EXCEL,NOT_APPLICABLE,EXCEL_SUPPORT_RETAINED_FORKLIFT_BRIDGE,4,4,0,367.62,367.62,0.0
2025-01-09,BUS,EXCEL,NOT_APPLICABLE,EXCEL_OUTSIDE_UJB_COVERAGE,3,3,0,150.54,150.54,0.0
2025-01-09,ELF,EXCEL,NOT_APPLICABLE,EXCEL_OUTSIDE_UJB_COVERAGE,3,3,0,104.22,104.22,0.0
2025-01-09,HEAD_TRUCK,EXCEL,NOT_APPLICABLE,EXCEL_OUTSIDE_UJB_COVERAGE,81,81,0,6190.79,6190.79,0.0
2025-01-09,KEND_OPS,EXCEL,NOT_APPLICABLE,EXCEL_OUTSIDE_UJB_COVERAGE,9,9,0,255.11,255.11,0.0
2025-01-09,MODUL,EXCEL,NOT_APPLICABLE,EXCEL_MODUL_AUTHORITATIVE_WHEN_PRESENT,1,1,0,0.0,0.0,0.0
2025-01-09,RTGC,EXCEL,NOT_APPLICABLE,EXCEL_NON_UJB_CATEGORY,63,63,0,11790.3,11790.3,0.0
2025-01-09,SUPPORT,EXCEL,NOT_APPLICABLE,EXCEL_SUPPORT_RETAINED_FORKLIFT_BRIDGE,5,5,0,343.97,343.97,0.0
2025-01-10,BUS,EXCEL,NOT_APPLICABLE,EXCEL_OUTSIDE_UJB_COVERAGE,3,3,0,150.2,150.2,0.0
2025-01-10,ELF,EXCEL,NOT_APPLICABLE,EXCEL_OUTSIDE_UJB_COVERAGE,3,3,0,103.22,103.22,0.0
2025-01-10,HEAD_TRUCK,EXCEL,NOT_APPLICABLE,EXCEL_OUTSIDE_UJB_COVERAGE,75,75,0,5289.71,5289.71,0.0
2025-01-10,KEND_OPS,EXCEL,NOT_APPLICABLE,EXCEL_OUTSIDE_UJB_COVERAGE,8,8,0,275.69,275.69,0.0
2025-01-10,MODUL,EXCEL,NOT_APPLICABLE,EXCEL_MODUL_AUTHORITATIVE_WHEN_PRESENT,1,1,0,0.0,0.0,0.0
2025-01-10,RTGC,EXCEL,NOT_APPLICABLE,EXCEL_NON_UJB_CATEGORY,63,63,0,13253.0,13253.0,0.0
2025-01-10,SUPPORT,EXCEL,NOT_APPLICABLE,EXCEL_SUPPORT_RETAINED_FORKLIFT_BRIDGE,7,7,0,420.75,420.75,0.0
2025-01-11,BUS,EXCEL,NOT_APPLICABLE,EXCEL_OUTSIDE_UJB_COVERAGE,3,3,0,150.18,150.18,0.0
2025-01-11,ELF,EXCEL,NOT_APPLICABLE,EXCEL_OUTSIDE_UJB_COVERAGE,3,3,0,102.42,102.42,0.0
2025-01-11,HEAD_TRUCK,EXCEL,NOT_APPLICABLE,EXCEL_OUTSIDE_UJB_COVERAGE,80,80,0,6276.53,6276.53,0.0
2025-01-11,KEND_OPS,EXCEL,NOT_APPLICABLE,EXCEL_OUTSIDE_UJB_COVERAGE,8,8,0,219.75,219.75,0.0
2025-01-11,MODUL,EXCEL,NOT_APPLICABLE,EXCEL_MODUL_AUTHORITATIVE_WHEN_PRESENT,1,1,0,0.0,0.0,0.0
2025-01-11,RTGC,EXCEL,NOT_APPLICABLE,EXCEL_NON_UJB_CATEGORY,63,63,0,13499.4,13499.4,0.0
2025-01-11,SUPPORT,EXCEL,NOT_APPLICABLE,EXCEL_SUPPORT_RETAINED_FORKLIFT_BRIDGE,5,5,0,344.47,344.47,0.0
2025-01-12,BUS,EXCEL,NOT_APPLICABLE,EXCEL_OUTSIDE_UJB_COVERAGE,3,3,0,151.19,151.19,0.0
2025-01-12,ELF,EXCEL,NOT_APPLICABLE,EXCEL_OUTSIDE_UJB_COVERAGE,3,3,0,94.08,94.08,0.0
2025-01-12,HEAD_TRUCK,EXCEL,NOT_APPLICABLE,EXCEL_OUTSIDE_UJB_COVERAGE,78,78,0,5949.08,5949.08,0.0
2025-01-12,KEND_OPS,EXCEL,NOT_APPLICABLE,EXCEL_OUTSIDE_UJB_COVERAGE,4,4,0,62.14,62.14,0.0
2025-01-12,MODUL,EXCEL,NOT_APPLICABLE,EXCEL_MODUL_AUTHORITATIVE_WHEN_PRESENT,1,1,0,0.0,0.0,0.0
2025-01-12,RTGC,EXCEL,NOT_APPLICABLE,EXCEL_NON_UJB_CATEGORY,63,63,0,12985.0,12985.0,0.0
2025-01-12,SUPPORT,EXCEL,NOT_APPLICABLE,EXCEL_SUPPORT_RETAINED_FORKLIFT_BRIDGE,5,5,0,262.88,262.88,0.0
2025-01-13,BUS,EXCEL,NOT_APPLICABLE,EXCEL_OUTSIDE_UJB_COVERAGE,3,3,0,151.96,151.96,0.0
2025-01-13,ELF,EXCEL,NOT_APPLICABLE,EXCEL_OUTSIDE_UJB_COVERAGE,3,3,0,99.47,99.47,0.0
2025-01-13,HEAD_TRUCK,EXCEL,NOT_APPLICABLE,EXCEL_OUTSIDE_UJB_COVERAGE,78,78,0,6066.22,6066.22,0.0
2025-01-13,KEND_OPS,EXCEL,NOT_APPLICABLE,EXCEL_OUTSIDE_UJB_COVERAGE,10,10,0,320.16,320.16,0.0
2025-01-13,MODUL,EXCEL,NOT_APPLICABLE,EXCEL_MODUL_AUTHORITATIVE_WHEN_PRESENT,1,1,0,0.0,0.0,0.0
2025-01-13,RTGC,EXCEL,NOT_APPLICABLE,EXCEL_NON_UJB_CATEGORY,63,63,0,10863.4,10863.4,0.0
2025-01-13,SUPPORT,EXCEL,NOT_APPLICABLE,EXCEL_SUPPORT_RETAINED_FORKLIFT_BRIDGE,4,4,0,192.51,192.51,0.0
2025-01-14,BUS,EXCEL,NOT_APPLICABLE,EXCEL_OUTSIDE_UJB_COVERAGE,3,3,0,149.38,149.38,0.0
2025-01-14,ELF,EXCEL,NOT_APPLICABLE,EXCEL_OUTSIDE_UJB_COVERAGE,3,3,0,111.01,111.01,0.0
2025-01-14,HEAD_TRUCK,EXCEL,NOT_APPLICABLE,EXCEL_OUTSIDE_UJB_COVERAGE,80,80,0,4519.85,4519.85,0.0
2025-01-14,KEND_OPS,EXCEL,NOT_APPLICABLE,EXCEL_OUTSIDE_UJB_COVERAGE,11,11,0,300.41,300.41,0.0
2025-01-14,MODUL,EXCEL,NOT_APPLICABLE,EXCEL_MODUL_AUTHORITATIVE_WHEN_PRESENT,1,1,0,3000.0,3000.0,0.0
2025-01-14,RTGC,EXCEL,NOT_APPLICABLE,EXCEL_NON_UJB_CATEGORY,63,63,0,11867.4,11867.4,0.0
2025-01-14,SUPPORT,EXCEL,NOT_APPLICABLE,EXCEL_SUPPORT_RETAINED_FORKLIFT_BRIDGE,6,6,0,694.6600000000001,694.6600000000001,0.0
2025-01-15,BUS,EXCEL,NOT_APPLICABLE,EXCEL_OUTSIDE_UJB_COVERAGE,3,3,0,139.66,139.66,0.0
2025-01-15,ELF,EXCEL,NOT_APPLICABLE,EXCEL_OUTSIDE_UJB_COVERAGE,3,3,0,98.39,98.39,0.0
2025-01-15,HEAD_TRUCK,EXCEL,NOT_APPLICABLE,EXCEL_OUTSIDE_UJB_COVERAGE,82,82,0,6162.66,6162.66,0.0
2025-01-15,KEND_OPS,EXCEL,NOT_APPLICABLE,EXCEL_OUTSIDE_UJB_COVERAGE,7,7,0,179.48,179.48,0.0
2025-01-15,MODUL,EXCEL,NOT_APPLICABLE,EXCEL_MODUL_AUTHORITATIVE_WHEN_PRESENT,1,1,0,0.0,0.0,0.0
2025-01-15,RTGC,EXCEL,NOT_APPLICABLE,EXCEL_NON_UJB_CATEGORY,63,63,0,12317.6,12317.6,0.0
2025-01-15,SUPPORT,EXCEL,NOT_APPLICABLE,EXCEL_SUPPORT_RETAINED_FORKLIFT_BRIDGE,8,8,0,457.09000000000003,457.09000000000003,0.0
2025-01-16,BUS,EXCEL,NOT_APPLICABLE,EXCEL_OUTSIDE_UJB_COVERAGE,3,3,0,126.41,126.41,0.0
2025-01-16,ELF,EXCEL,NOT_APPLICABLE,EXCEL_OUTSIDE_UJB_COVERAGE,3,3,0,102.61000000000001,102.61000000000001,0.0
2025-01-16,HEAD_TRUCK,EXCEL,NOT_APPLICABLE,EXCEL_OUTSIDE_UJB_COVERAGE,79,79,0,6259.74,6259.74,0.0
2025-01-16,KEND_OPS,EXCEL,NOT_APPLICABLE,EXCEL_OUTSIDE_UJB_COVERAGE,10,10,0,230.35,230.35,0.0
2025-01-16,MODUL,EXCEL,NOT_APPLICABLE,EXCEL_MODUL_AUTHORITATIVE_WHEN_PRESENT,1,1,0,0.0,0.0,0.0
2025-01-16,RTGC,EXCEL,NOT_APPLICABLE,EXCEL_NON_UJB_CATEGORY,63,63,0,13328.199999999999,13328.199999999999,0.0
2025-01-16,SUPPORT,EXCEL,NOT_APPLICABLE,EXCEL_SUPPORT_RETAINED_FORKLIFT_BRIDGE,6,6,0,435.62,435.62,0.0
2025-01-17,BUS,EXCEL,NOT_APPLICABLE,EXCEL_OUTSIDE_UJB_COVERAGE,3,3,0,143.57,143.57,0.0
2025-01-17,ELF,EXCEL,NOT_APPLICABLE,EXCEL_OUTSIDE_UJB_COVERAGE,3,3,0,105.91,105.91,0.0
2025-01-17,HEAD_TRUCK,EXCEL,NOT_APPLICABLE,EXCEL_OUTSIDE_UJB_COVERAGE,79,79,0,5977.81,5977.81,0.0
2025-01-17,KEND_OPS,EXCEL,NOT_APPLICABLE,EXCEL_OUTSIDE_UJB_COVERAGE,6,6,0,174.48,174.48,0.0
2025-01-17,MODUL,EXCEL,NOT_APPLICABLE,EXCEL_MODUL_AUTHORITATIVE_WHEN_PRESENT,1,1,0,0.0,0.0,0.0
2025-01-17,RTGC,EXCEL,NOT_APPLICABLE,EXCEL_NON_UJB_CATEGORY,63,63,0,12422.2,12422.2,0.0
2025-01-17,SUPPORT,EXCEL,NOT_APPLICABLE,EXCEL_SUPPORT_RETAINED_FORKLIFT_BRIDGE,4,4,0,254.82999999999998,254.82999999999998,0.0
2025-01-18,BUS,EXCEL,NOT_APPLICABLE,EXCEL_OUTSIDE_UJB_COVERAGE,3,3,0,140.82999999999998,140.82999999999998,0.0
2025-01-18,ELF,EXCEL,NOT_APPLICABLE,EXCEL_OUTSIDE_UJB_COVERAGE,3,3,0,103.12,103.12,0.0
2025-01-18,HEAD_TRUCK,EXCEL,NOT_APPLICABLE,EXCEL_OUTSIDE_UJB_COVERAGE,83,83,0,6332.41,6332.41,0.0
2025-01-18,KEND_OPS,EXCEL,NOT_APPLICABLE,EXCEL_OUTSIDE_UJB_COVERAGE,11,11,0,356.5,356.5,0.0
2025-01-18,MODUL,EXCEL,NOT_APPLICABLE,EXCEL_MODUL_AUTHORITATIVE_WHEN_PRESENT,1,1,0,0.0,0.0,0.0
2025-01-18,RTGC,EXCEL,NOT_APPLICABLE,EXCEL_NON_UJB_CATEGORY,63,63,0,13459.6,13459.6,0.0
2025-01-18,SUPPORT,EXCEL,NOT_APPLICABLE,EXCEL_SUPPORT_RETAINED_FORKLIFT_BRIDGE,7,7,0,408.72,408.72,0.0
2025-01-19,BUS,EXCEL,NOT_APPLICABLE,EXCEL_OUTSIDE_UJB_COVERAGE,3,3,0,148.01,148.01,0.0
2025-01-19,ELF,EXCEL,NOT_APPLICABLE,EXCEL_OUTSIDE_UJB_COVERAGE,3,3,0,93.91,93.91,0.0
2025-01-19,HEAD_TRUCK,EXCEL,NOT_APPLICABLE,EXCEL_OUTSIDE_UJB_COVERAGE,79,79,0,6421.05,6421.05,0.0
2025-01-19,KEND_OPS,EXCEL,NOT_APPLICABLE,EXCEL_OUTSIDE_UJB_COVERAGE,6,6,0,130.15,130.15,0.0
2025-01-19,MODUL,EXCEL,NOT_APPLICABLE,EXCEL_MODUL_AUTHORITATIVE_WHEN_PRESENT,1,1,0,0.0,0.0,0.0
2025-01-19,RTGC,EXCEL,NOT_APPLICABLE,EXCEL_NON_UJB_CATEGORY,63,63,0,10480.3,10480.3,0.0
2025-01-19,SUPPORT,EXCEL,NOT_APPLICABLE,EXCEL_SUPPORT_RETAINED_FORKLIFT_BRIDGE,4,4,0,322.53999999999996,322.53999999999996,0.0
2025-01-20,BUS,EXCEL,NOT_APPLICABLE,EXCEL_OUTSIDE_UJB_COVERAGE,3,3,0,146.07,146.07,0.0
2025-01-20,ELF,EXCEL,NOT_APPLICABLE,EXCEL_OUTSIDE_UJB_COVERAGE,3,3,0,96.07,96.07,0.0
2025-01-20,HEAD_TRUCK,EXCEL,NOT_APPLICABLE,EXCEL_OUTSIDE_UJB_COVERAGE,77,77,0,6277.18,6277.18,0.0
2025-01-20,KEND_OPS,EXCEL,NOT_APPLICABLE,EXCEL_OUTSIDE_UJB_COVERAGE,12,12,0,311.22,311.22,0.0
2025-01-20,MODUL,EXCEL,NOT_APPLICABLE,EXCEL_MODUL_AUTHORITATIVE_WHEN_PRESENT,1,1,0,0.0,0.0,0.0
2025-01-20,RTGC,EXCEL,NOT_APPLICABLE,EXCEL_NON_UJB_CATEGORY,63,63,0,10809.8,10809.8,0.0
2025-01-20,SUPPORT,EXCEL,NOT_APPLICABLE,EXCEL_SUPPORT_RETAINED_FORKLIFT_BRIDGE,6,6,0,464.46999999999997,464.46999999999997,0.0
2025-01-21,BUS,EXCEL,NOT_APPLICABLE,EXCEL_OUTSIDE_UJB_COVERAGE,3,3,0,150.41,150.41,0.0
2025-01-21,ELF,EXCEL,NOT_APPLICABLE,EXCEL_OUTSIDE_UJB_COVERAGE,3,3,0,102.62,102.62,0.0
2025-01-21,HEAD_TRUCK,EXCEL,NOT_APPLICABLE,EXCEL_OUTSIDE_UJB_COVERAGE,81,81,0,6324.95,6324.95,0.0
2025-01-21,KEND_OPS,EXCEL,NOT_APPLICABLE,EXCEL_OUTSIDE_UJB_COVERAGE,9,9,0,252.51999999999998,252.51999999999998,0.0
2025-01-21,MODUL,EXCEL,NOT_APPLICABLE,EXCEL_MODUL_AUTHORITATIVE_WHEN_PRESENT,1,1,0,0.0,0.0,0.0
2025-01-21,RTGC,EXCEL,NOT_APPLICABLE,EXCEL_NON_UJB_CATEGORY,63,63,0,13366.8,13366.8,0.0
2025-01-21,SUPPORT,EXCEL,NOT_APPLICABLE,EXCEL_SUPPORT_RETAINED_FORKLIFT_BRIDGE,5,5,0,498.70000000000005,498.70000000000005,0.0
2025-01-22,BUS,EXCEL,NOT_APPLICABLE,EXCEL_OUTSIDE_UJB_COVERAGE,3,3,0,150.54,150.54,0.0
2025-01-22,ELF,EXCEL,NOT_APPLICABLE,EXCEL_OUTSIDE_UJB_COVERAGE,3,3,0,105.91,105.91,0.0
2025-01-22,HEAD_TRUCK,EXCEL,NOT_APPLICABLE,EXCEL_OUTSIDE_UJB_COVERAGE,78,78,0,6010.61,6010.61,0.0
2025-01-22,KEND_OPS,EXCEL,NOT_APPLICABLE,EXCEL_OUTSIDE_UJB_COVERAGE,5,5,0,92.92,92.92,0.0
2025-01-22,MODUL,EXCEL,NOT_APPLICABLE,EXCEL_MODUL_AUTHORITATIVE_WHEN_PRESENT,1,1,0,1002.5,1002.5,0.0
2025-01-22,RTGC,EXCEL,NOT_APPLICABLE,EXCEL_NON_UJB_CATEGORY,63,63,0,10971.4,10971.4,0.0
2025-01-22,SUPPORT,EXCEL,NOT_APPLICABLE,EXCEL_SUPPORT_RETAINED_FORKLIFT_BRIDGE,4,4,0,348.37,348.37,0.0
2025-01-23,BUS,EXCEL,NOT_APPLICABLE,EXCEL_OUTSIDE_UJB_COVERAGE,3,3,0,151.57,151.57,0.0
2025-01-23,ELF,EXCEL,NOT_APPLICABLE,EXCEL_OUTSIDE_UJB_COVERAGE,3,3,0,112.59,112.59,0.0
2025-01-23,HEAD_TRUCK,EXCEL,NOT_APPLICABLE,EXCEL_OUTSIDE_UJB_COVERAGE,80,80,0,6264.22,6264.22,0.0
2025-01-23,KEND_OPS,EXCEL,NOT_APPLICABLE,EXCEL_OUTSIDE_UJB_COVERAGE,9,9,0,225.74,225.74,0.0
2025-01-23,MODUL,EXCEL,NOT_APPLICABLE,EXCEL_MODUL_AUTHORITATIVE_WHEN_PRESENT,1,1,0,0.0,0.0,0.0
2025-01-23,RTGC,EXCEL,NOT_APPLICABLE,EXCEL_NON_UJB_CATEGORY,63,63,0,11849.6,11849.6,0.0
2025-01-23,SUPPORT,EXCEL,NOT_APPLICABLE,EXCEL_SUPPORT_RETAINED_FORKLIFT_BRIDGE,7,7,0,537.95,537.95,0.0
2025-01-24,BUS,EXCEL,NOT_APPLICABLE,EXCEL_OUTSIDE_UJB_COVERAGE,3,3,0,140.88,140.88,0.0
2025-01-24,ELF,EXCEL,NOT_APPLICABLE,EXCEL_OUTSIDE_UJB_COVERAGE,3,3,0,110.3,110.3,0.0
2025-01-24,HEAD_TRUCK,EXCEL,NOT_APPLICABLE,EXCEL_OUTSIDE_UJB_COVERAGE,81,81,0,6118.42,6118.42,0.0
2025-01-24,KEND_OPS,EXCEL,NOT_APPLICABLE,EXCEL_OUTSIDE_UJB_COVERAGE,6,6,0,122.53999999999999,122.53999999999999,0.0
2025-01-24,MODUL,EXCEL,NOT_APPLICABLE,EXCEL_MODUL_AUTHORITATIVE_WHEN_PRESENT,1,1,0,0.0,0.0,0.0
2025-01-24,RTGC,EXCEL,NOT_APPLICABLE,EXCEL_NON_UJB_CATEGORY,63,63,0,13103.7,13103.7,0.0
2025-01-24,SUPPORT,EXCEL,NOT_APPLICABLE,EXCEL_SUPPORT_RETAINED_FORKLIFT_BRIDGE,7,7,0,406.32,406.32,0.0
2025-01-25,BUS,EXCEL,NOT_APPLICABLE,EXCEL_OUTSIDE_UJB_COVERAGE,3,3,0,145.25,145.25,0.0
2025-01-25,ELF,EXCEL,NOT_APPLICABLE,EXCEL_OUTSIDE_UJB_COVERAGE,3,3,0,106.24000000000001,106.24000000000001,0.0
2025-01-25,HEAD_TRUCK,EXCEL,NOT_APPLICABLE,EXCEL_OUTSIDE_UJB_COVERAGE,81,81,0,6326.49,6326.49,0.0
2025-01-25,KEND_OPS,EXCEL,NOT_APPLICABLE,EXCEL_OUTSIDE_UJB_COVERAGE,12,12,0,414.48,414.48,0.0
2025-01-25,MODUL,EXCEL,NOT_APPLICABLE,EXCEL_MODUL_AUTHORITATIVE_WHEN_PRESENT,1,1,0,0.0,0.0,0.0
2025-01-25,RTGC,EXCEL,NOT_APPLICABLE,EXCEL_NON_UJB_CATEGORY,63,63,0,11338.6,11338.6,0.0
2025-01-25,SUPPORT,EXCEL,NOT_APPLICABLE,EXCEL_SUPPORT_RETAINED_FORKLIFT_BRIDGE,5,5,0,238.25,238.25,0.0
2025-01-26,BUS,EXCEL,NOT_APPLICABLE,EXCEL_OUTSIDE_UJB_COVERAGE,3,3,0,150.3,150.3,0.0
2025-01-26,ELF,EXCEL,NOT_APPLICABLE,EXCEL_OUTSIDE_UJB_COVERAGE,3,3,0,106.32,106.32,0.0
2025-01-26,HEAD_TRUCK,EXCEL,NOT_APPLICABLE,EXCEL_OUTSIDE_UJB_COVERAGE,78,78,0,5762.55,5762.55,0.0
2025-01-26,KEND_OPS,EXCEL,NOT_APPLICABLE,EXCEL_OUTSIDE_UJB_COVERAGE,7,7,0,165.5,165.5,0.0
2025-01-26,MODUL,EXCEL,NOT_APPLICABLE,EXCEL_MODUL_AUTHORITATIVE_WHEN_PRESENT,1,1,0,0.0,0.0,0.0
2025-01-26,RTGC,EXCEL,NOT_APPLICABLE,EXCEL_NON_UJB_CATEGORY,63,63,0,10360.1,10360.1,0.0
2025-01-26,SUPPORT,EXCEL,NOT_APPLICABLE,EXCEL_SUPPORT_RETAINED_FORKLIFT_BRIDGE,4,4,0,393.32,393.32,0.0
2025-01-27,BUS,EXCEL,NOT_APPLICABLE,EXCEL_OUTSIDE_UJB_COVERAGE,3,3,0,150.43,150.43,0.0
2025-01-27,ELF,EXCEL,NOT_APPLICABLE,EXCEL_OUTSIDE_UJB_COVERAGE,3,3,0,103.66,103.66,0.0
2025-01-27,HEAD_TRUCK,EXCEL,NOT_APPLICABLE,EXCEL_OUTSIDE_UJB_COVERAGE,74,74,0,4770.62,4770.62,0.0
2025-01-27,KEND_OPS,EXCEL,NOT_APPLICABLE,EXCEL_OUTSIDE_UJB_COVERAGE,6,6,0,162.66,162.66,0.0
2025-01-27,MODUL,EXCEL,NOT_APPLICABLE,EXCEL_MODUL_AUTHORITATIVE_WHEN_PRESENT,1,1,0,0.0,0.0,0.0
2025-01-27,RTGC,EXCEL,NOT_APPLICABLE,EXCEL_NON_UJB_CATEGORY,63,63,0,10160.7,10160.7,0.0
2025-01-27,SUPPORT,EXCEL,NOT_APPLICABLE,EXCEL_SUPPORT_RETAINED_FORKLIFT_BRIDGE,4,4,0,360.44,360.44,0.0
2025-01-28,BUS,EXCEL,NOT_APPLICABLE,EXCEL_OUTSIDE_UJB_COVERAGE,3,3,0,151.20999999999998,151.20999999999998,0.0
2025-01-28,ELF,EXCEL,NOT_APPLICABLE,EXCEL_OUTSIDE_UJB_COVERAGE,3,3,0,93.08,93.08,0.0
2025-01-28,HEAD_TRUCK,EXCEL,NOT_APPLICABLE,EXCEL_OUTSIDE_UJB_COVERAGE,77,77,0,4023.71,4023.71,0.0
2025-01-28,KEND_OPS,EXCEL,NOT_APPLICABLE,EXCEL_OUTSIDE_UJB_COVERAGE,5,5,0,131.60000000000002,131.60000000000002,0.0
2025-01-28,MODUL,EXCEL,NOT_APPLICABLE,EXCEL_MODUL_AUTHORITATIVE_WHEN_PRESENT,1,1,0,0.0,0.0,0.0
2025-01-28,RTGC,EXCEL,NOT_APPLICABLE,EXCEL_NON_UJB_CATEGORY,63,63,0,7420.2,7420.2,0.0
2025-01-28,SUPPORT,EXCEL,NOT_APPLICABLE,EXCEL_SUPPORT_RETAINED_FORKLIFT_BRIDGE,4,4,0,295.34000000000003,295.34000000000003,0.0
2025-01-29,BUS,EXCEL,NOT_APPLICABLE,EXCEL_OUTSIDE_UJB_COVERAGE,3,3,0,141.93,141.93,0.0
2025-01-29,ELF,EXCEL,NOT_APPLICABLE,EXCEL_OUTSIDE_UJB_COVERAGE,3,3,0,80.37,80.37,0.0
2025-01-29,HEAD_TRUCK,EXCEL,NOT_APPLICABLE,EXCEL_OUTSIDE_UJB_COVERAGE,79,79,0,5600.6,5600.6,0.0
2025-01-29,KEND_OPS,EXCEL,NOT_APPLICABLE,EXCEL_OUTSIDE_UJB_COVERAGE,11,11,0,262.26,262.26,0.0
2025-01-29,MODUL,EXCEL,NOT_APPLICABLE,EXCEL_MODUL_AUTHORITATIVE_WHEN_PRESENT,1,1,0,0.0,0.0,0.0
2025-01-29,RTGC,EXCEL,NOT_APPLICABLE,EXCEL_NON_UJB_CATEGORY,63,63,0,10245.0,10245.0,0.0
2025-01-29,SUPPORT,EXCEL,NOT_APPLICABLE,EXCEL_SUPPORT_RETAINED_FORKLIFT_BRIDGE,3,3,0,221.32999999999998,221.32999999999998,0.0
2025-01-30,BUS,EXCEL,NOT_APPLICABLE,EXCEL_OUTSIDE_UJB_COVERAGE,3,3,0,146.32999999999998,146.32999999999998,0.0
2025-01-30,ELF,EXCEL,NOT_APPLICABLE,EXCEL_OUTSIDE_UJB_COVERAGE,3,3,0,106.71000000000001,106.71000000000001,0.0
2025-01-30,HEAD_TRUCK,EXCEL,NOT_APPLICABLE,EXCEL_OUTSIDE_UJB_COVERAGE,82,82,0,5428.76,5428.76,0.0
2025-01-30,KEND_OPS,EXCEL,NOT_APPLICABLE,EXCEL_OUTSIDE_UJB_COVERAGE,11,11,0,297.74,297.74,0.0
2025-01-30,MODUL,EXCEL,NOT_APPLICABLE,EXCEL_MODUL_AUTHORITATIVE_WHEN_PRESENT,1,1,0,0.0,0.0,0.0
2025-01-30,RTGC,EXCEL,NOT_APPLICABLE,EXCEL_NON_UJB_CATEGORY,63,63,0,11493.2,11493.2,0.0
2025-01-30,SUPPORT,EXCEL,NOT_APPLICABLE,EXCEL_SUPPORT_RETAINED_FORKLIFT_BRIDGE,5,5,0,245.01000000000002,245.01000000000002,0.0
2025-01-31,BUS,EXCEL,NOT_APPLICABLE,EXCEL_OUTSIDE_UJB_COVERAGE,3,3,0,132.43,132.43,0.0
2025-01-31,ELF,EXCEL,NOT_APPLICABLE,EXCEL_OUTSIDE_UJB_COVERAGE,3,3,0,98.42,98.42,0.0
2025-01-31,HEAD_TRUCK,EXCEL,NOT_APPLICABLE,EXCEL_OUTSIDE_UJB_COVERAGE,84,84,0,5995.07,5995.07,0.0
2025-01-31,KEND_OPS,EXCEL,NOT_APPLICABLE,EXCEL_OUTSIDE_UJB_COVERAGE,8,8,0,217.58,217.58,0.0
2025-01-31,MODUL,EXCEL,NOT_APPLICABLE,EXCEL_MODUL_AUTHORITATIVE_WHEN_PRESENT,1,1,0,0.0,0.0,0.0
2025-01-31,RTGC,EXCEL,NOT_APPLICABLE,EXCEL_NON_UJB_CATEGORY,63,63,0,10545.199999999999,10545.199999999999,0.0
2025-01-31,SUPPORT,EXCEL,NOT_APPLICABLE,EXCEL_SUPPORT_RETAINED_FORKLIFT_BRIDGE,6,6,0,265.17,265.17,0.0
2025-02-01,BUS,EXCEL,NOT_APPLICABLE,EXCEL_OUTSIDE_UJB_COVERAGE,3,3,0,136.26,136.26,0.0
2025-02-01,ELF,EXCEL,NOT_APPLICABLE,EXCEL_OUTSIDE_UJB_COVERAGE,3,3,0,98.38,98.38,0.0
2025-02-01,HEAD_TRUCK,EXCEL,NOT_APPLICABLE,EXCEL_OUTSIDE_UJB_COVERAGE,79,79,0,5862.5,5862.5,0.0
2025-02-01,KEND_OPS,EXCEL,NOT_APPLICABLE,EXCEL_OUTSIDE_UJB_COVERAGE,7,7,0,194.11,194.11,0.0
2025-02-01,MODUL,EXCEL,NOT_APPLICABLE,EXCEL_MODUL_AUTHORITATIVE_WHEN_PRESENT,1,1,0,0.0,0.0,0.0
2025-02-01,RTGC,EXCEL,NOT_APPLICABLE,EXCEL_NON_UJB_CATEGORY,63,63,0,12397.3,12397.3,0.0
2025-02-01,SUPPORT,EXCEL,NOT_APPLICABLE,EXCEL_SUPPORT_RETAINED_FORKLIFT_BRIDGE,6,6,0,541.94,541.94,0.0
2025-02-02,BUS,EXCEL,NOT_APPLICABLE,EXCEL_OUTSIDE_UJB_COVERAGE,3,3,0,144.81,144.81,0.0
2025-02-02,ELF,EXCEL,NOT_APPLICABLE,EXCEL_OUTSIDE_UJB_COVERAGE,3,3,0,109.78999999999999,109.78999999999999,0.0
2025-02-02,HEAD_TRUCK,EXCEL,NOT_APPLICABLE,EXCEL_OUTSIDE_UJB_COVERAGE,80,80,0,6549.4,6549.4,0.0
2025-02-02,KEND_OPS,EXCEL,NOT_APPLICABLE,EXCEL_OUTSIDE_UJB_COVERAGE,7,7,0,195.48,195.48,0.0
2025-02-02,MODUL,EXCEL,NOT_APPLICABLE,EXCEL_MODUL_AUTHORITATIVE_WHEN_PRESENT,1,1,0,0.0,0.0,0.0
2025-02-02,RTGC,EXCEL,NOT_APPLICABLE,EXCEL_NON_UJB_CATEGORY,63,63,0,11940.5,11940.5,0.0
2025-02-02,SUPPORT,EXCEL,NOT_APPLICABLE,EXCEL_SUPPORT_RETAINED_FORKLIFT_BRIDGE,5,5,0,253.57,253.57,0.0
2025-02-03,BUS,EXCEL,NOT_APPLICABLE,EXCEL_OUTSIDE_UJB_COVERAGE,3,3,0,150.17,150.17,0.0
2025-02-03,ELF,EXCEL,NOT_APPLICABLE,EXCEL_OUTSIDE_UJB_COVERAGE,3,3,0,99.03,99.03,0.0
2025-02-03,HEAD_TRUCK,EXCEL,NOT_APPLICABLE,EXCEL_OUTSIDE_UJB_COVERAGE,77,77,0,5907.23,5907.23,0.0
2025-02-03,KEND_OPS,EXCEL,NOT_APPLICABLE,EXCEL_OUTSIDE_UJB_COVERAGE,7,7,0,204.49,204.49,0.0
2025-02-03,MODUL,EXCEL,NOT_APPLICABLE,EXCEL_MODUL_AUTHORITATIVE_WHEN_PRESENT,1,1,0,0.0,0.0,0.0
2025-02-03,RTGC,EXCEL,NOT_APPLICABLE,EXCEL_NON_UJB_CATEGORY,63,63,0,12175.2,12175.2,0.0
2025-02-03,SUPPORT,EXCEL,NOT_APPLICABLE,EXCEL_SUPPORT_RETAINED_FORKLIFT_BRIDGE,6,6,0,335.12,335.12,0.0
2025-02-04,BUS,EXCEL,NOT_APPLICABLE,EXCEL_OUTSIDE_UJB_COVERAGE,3,3,0,151.39,151.39,0.0
2025-02-04,ELF,EXCEL,NOT_APPLICABLE,EXCEL_OUTSIDE_UJB_COVERAGE,3,3,0,101.97,101.97,0.0
2025-02-04,HEAD_TRUCK,EXCEL,NOT_APPLICABLE,EXCEL_OUTSIDE_UJB_COVERAGE,73,73,0,5188.51,5188.51,0.0
2025-02-04,KEND_OPS,EXCEL,NOT_APPLICABLE,EXCEL_OUTSIDE_UJB_COVERAGE,9,9,0,218.32,218.32,0.0
2025-02-04,MODUL,EXCEL,NOT_APPLICABLE,EXCEL_MODUL_AUTHORITATIVE_WHEN_PRESENT,1,1,0,0.0,0.0,0.0
2025-02-04,RTGC,EXCEL,NOT_APPLICABLE,EXCEL_NON_UJB_CATEGORY,63,63,0,11111.0,11111.0,0.0
2025-02-04,SUPPORT,EXCEL,NOT_APPLICABLE,EXCEL_SUPPORT_RETAINED_FORKLIFT_BRIDGE,5,5,0,211.55,211.55,0.0
2025-02-05,BUS,EXCEL,NOT_APPLICABLE,EXCEL_OUTSIDE_UJB_COVERAGE,3,3,0,141.69,141.69,0.0
2025-02-05,ELF,EXCEL,NOT_APPLICABLE,EXCEL_OUTSIDE_UJB_COVERAGE,3,3,0,104.49000000000001,104.49000000000001,0.0
2025-02-05,HEAD_TRUCK,EXCEL,NOT_APPLICABLE,EXCEL_OUTSIDE_UJB_COVERAGE,80,80,0,3953.09,3953.09,0.0
2025-02-05,KEND_OPS,EXCEL,NOT_APPLICABLE,EXCEL_OUTSIDE_UJB_COVERAGE,8,8,0,213.64999999999998,213.64999999999998,0.0
2025-02-05,MODUL,EXCEL,NOT_APPLICABLE,EXCEL_MODUL_AUTHORITATIVE_WHEN_PRESENT,1,1,0,0.0,0.0,0.0
2025-02-05,RTGC,EXCEL,NOT_APPLICABLE,EXCEL_NON_UJB_CATEGORY,63,63,0,11781.699999999999,11781.699999999999,0.0
2025-02-05,SUPPORT,EXCEL,NOT_APPLICABLE,EXCEL_SUPPORT_RETAINED_FORKLIFT_BRIDGE,6,6,0,474.74,474.74,0.0
2025-02-06,BUS,EXCEL,NOT_APPLICABLE,EXCEL_OUTSIDE_UJB_COVERAGE,3,3,0,147.6,147.6,0.0
2025-02-06,ELF,EXCEL,NOT_APPLICABLE,EXCEL_OUTSIDE_UJB_COVERAGE,3,3,0,107.59,107.59,0.0
2025-02-06,HEAD_TRUCK,EXCEL,NOT_APPLICABLE,EXCEL_OUTSIDE_UJB_COVERAGE,83,83,0,5870.1900000000005,5870.1900000000005,0.0
2025-02-06,KEND_OPS,EXCEL,NOT_APPLICABLE,EXCEL_OUTSIDE_UJB_COVERAGE,12,12,0,278.76,278.76,0.0
2025-02-06,MODUL,EXCEL,NOT_APPLICABLE,EXCEL_MODUL_AUTHORITATIVE_WHEN_PRESENT,1,1,0,0.0,0.0,0.0
2025-02-06,RTGC,EXCEL,NOT_APPLICABLE,EXCEL_NON_UJB_CATEGORY,63,63,0,11845.9,11845.9,0.0
2025-02-06,SUPPORT,EXCEL,NOT_APPLICABLE,EXCEL_SUPPORT_RETAINED_FORKLIFT_BRIDGE,6,6,0,363.62,363.62,0.0
2025-02-07,BUS,EXCEL,NOT_APPLICABLE,EXCEL_OUTSIDE_UJB_COVERAGE,3,3,0,147.07,147.07,0.0
2025-02-07,ELF,EXCEL,NOT_APPLICABLE,EXCEL_OUTSIDE_UJB_COVERAGE,3,3,0,107.67999999999999,107.67999999999999,0.0
2025-02-07,HEAD_TRUCK,EXCEL,NOT_APPLICABLE,EXCEL_OUTSIDE_UJB_COVERAGE,85,85,0,6524.35,6524.35,0.0
2025-02-07,KEND_OPS,EXCEL,NOT_APPLICABLE,EXCEL_OUTSIDE_UJB_COVERAGE,8,8,0,200.33,200.33,0.0
2025-02-07,MODUL,EXCEL,NOT_APPLICABLE,EXCEL_MODUL_AUTHORITATIVE_WHEN_PRESENT,1,1,0,0.0,0.0,0.0
2025-02-07,RTGC,EXCEL,NOT_APPLICABLE,EXCEL_NON_UJB_CATEGORY,63,63,0,11344.9,11344.9,0.0
2025-02-07,SUPPORT,EXCEL,NOT_APPLICABLE,EXCEL_SUPPORT_RETAINED_FORKLIFT_BRIDGE,5,5,0,362.06,362.06,0.0
2025-02-08,BUS,EXCEL,NOT_APPLICABLE,EXCEL_OUTSIDE_UJB_COVERAGE,3,3,0,147.11,147.11,0.0
2025-02-08,ELF,EXCEL,NOT_APPLICABLE,EXCEL_OUTSIDE_UJB_COVERAGE,3,3,0,94.85,94.85,0.0
2025-02-08,HEAD_TRUCK,EXCEL,NOT_APPLICABLE,EXCEL_OUTSIDE_UJB_COVERAGE,80,80,0,5450.57,5450.57,0.0
2025-02-08,KEND_OPS,EXCEL,NOT_APPLICABLE,EXCEL_OUTSIDE_UJB_COVERAGE,8,8,0,217.55,217.55,0.0
2025-02-08,MODUL,EXCEL,NOT_APPLICABLE,EXCEL_MODUL_AUTHORITATIVE_WHEN_PRESENT,1,1,0,0.0,0.0,0.0
2025-02-08,RTGC,EXCEL,NOT_APPLICABLE,EXCEL_NON_UJB_CATEGORY,63,63,0,11502.3,11502.3,0.0
2025-02-08,SUPPORT,EXCEL,NOT_APPLICABLE,EXCEL_SUPPORT_RETAINED_FORKLIFT_BRIDGE,4,4,0,239.13,239.13,0.0
2025-02-09,BUS,EXCEL,NOT_APPLICABLE,EXCEL_OUTSIDE_UJB_COVERAGE,3,3,0,140.35,140.35,0.0
2025-02-09,ELF,EXCEL,NOT_APPLICABLE,EXCEL_OUTSIDE_UJB_COVERAGE,3,3,0,108.82000000000001,108.82000000000001,0.0
2025-02-09,HEAD_TRUCK,EXCEL,NOT_APPLICABLE,EXCEL_OUTSIDE_UJB_COVERAGE,77,77,0,5777.92,5777.92,0.0
2025-02-09,KEND_OPS,EXCEL,NOT_APPLICABLE,EXCEL_OUTSIDE_UJB_COVERAGE,2,2,0,18.91,18.91,0.0
2025-02-09,MODUL,EXCEL,NOT_APPLICABLE,EXCEL_MODUL_AUTHORITATIVE_WHEN_PRESENT,1,1,0,0.0,0.0,0.0
2025-02-09,RTGC,EXCEL,NOT_APPLICABLE,EXCEL_NON_UJB_CATEGORY,63,63,0,10470.31,10470.31,0.0
2025-02-09,SUPPORT,EXCEL,NOT_APPLICABLE,EXCEL_SUPPORT_RETAINED_FORKLIFT_BRIDGE,5,5,0,432.33000000000004,432.33000000000004,0.0
2025-02-10,BUS,EXCEL,NOT_APPLICABLE,EXCEL_OUTSIDE_UJB_COVERAGE,3,3,0,150.38,150.38,0.0
2025-02-10,ELF,EXCEL,NOT_APPLICABLE,EXCEL_OUTSIDE_UJB_COVERAGE,3,3,0,116.59,116.59,0.0
2025-02-10,HEAD_TRUCK,EXCEL,NOT_APPLICABLE,EXCEL_OUTSIDE_UJB_COVERAGE,74,74,0,5237.84,5237.84,0.0
2025-02-10,KEND_OPS,EXCEL,NOT_APPLICABLE,EXCEL_OUTSIDE_UJB_COVERAGE,11,11,0,394.31,394.31,0.0
2025-02-10,MODUL,EXCEL,NOT_APPLICABLE,EXCEL_MODUL_AUTHORITATIVE_WHEN_PRESENT,1,1,0,0.0,0.0,0.0
2025-02-10,RTGC,EXCEL,NOT_APPLICABLE,EXCEL_NON_UJB_CATEGORY,63,63,0,9151.9,9151.9,0.0
2025-02-10,SUPPORT,EXCEL,NOT_APPLICABLE,EXCEL_SUPPORT_RETAINED_FORKLIFT_BRIDGE,6,6,0,438.02,438.02,0.0
2025-02-11,BUS,EXCEL,NOT_APPLICABLE,EXCEL_OUTSIDE_UJB_COVERAGE,3,3,0,136.78,136.78,0.0
2025-02-11,ELF,EXCEL,NOT_APPLICABLE,EXCEL_OUTSIDE_UJB_COVERAGE,3,3,0,108.6,108.6,0.0
2025-02-11,HEAD_TRUCK,EXCEL,NOT_APPLICABLE,EXCEL_OUTSIDE_UJB_COVERAGE,80,80,0,6142.58,6142.58,0.0
2025-02-11,KEND_OPS,EXCEL,NOT_APPLICABLE,EXCEL_OUTSIDE_UJB_COVERAGE,7,7,0,156.25,156.25,0.0
2025-02-11,MODUL,EXCEL,NOT_APPLICABLE,EXCEL_MODUL_AUTHORITATIVE_WHEN_PRESENT,1,1,0,0.0,0.0,0.0
2025-02-11,RTGC,EXCEL,NOT_APPLICABLE,EXCEL_NON_UJB_CATEGORY,63,63,0,10819.1,10819.1,0.0
2025-02-11,SUPPORT,EXCEL,NOT_APPLICABLE,EXCEL_SUPPORT_RETAINED_FORKLIFT_BRIDGE,5,5,0,301.58,301.58,0.0
2025-02-12,BUS,EXCEL,NOT_APPLICABLE,EXCEL_OUTSIDE_UJB_COVERAGE,3,3,0,147.42000000000002,147.42000000000002,0.0
2025-02-12,ELF,EXCEL,NOT_APPLICABLE,EXCEL_OUTSIDE_UJB_COVERAGE,3,3,0,99.31,99.31,0.0
2025-02-12,HEAD_TRUCK,EXCEL,NOT_APPLICABLE,EXCEL_OUTSIDE_UJB_COVERAGE,81,81,0,6498.54,6498.54,0.0
2025-02-12,KEND_OPS,EXCEL,NOT_APPLICABLE,EXCEL_OUTSIDE_UJB_COVERAGE,8,8,0,173.28,173.28,0.0
2025-02-12,MODUL,EXCEL,NOT_APPLICABLE,EXCEL_MODUL_AUTHORITATIVE_WHEN_PRESENT,1,1,0,0.0,0.0,0.0
2025-02-12,RTGC,EXCEL,NOT_APPLICABLE,EXCEL_NON_UJB_CATEGORY,63,63,0,11433.4,11433.4,0.0
2025-02-12,SUPPORT,EXCEL,NOT_APPLICABLE,EXCEL_SUPPORT_RETAINED_FORKLIFT_BRIDGE,6,6,0,258.70000000000005,258.70000000000005,0.0
2025-02-13,BUS,EXCEL,NOT_APPLICABLE,EXCEL_OUTSIDE_UJB_COVERAGE,3,3,0,147.22,147.22,0.0
2025-02-13,ELF,EXCEL,NOT_APPLICABLE,EXCEL_OUTSIDE_UJB_COVERAGE,3,3,0,107.9,107.9,0.0
2025-02-13,HEAD_TRUCK,EXCEL,NOT_APPLICABLE,EXCEL_OUTSIDE_UJB_COVERAGE,83,83,0,6471.48,6471.48,0.0
2025-02-13,KEND_OPS,EXCEL,NOT_APPLICABLE,EXCEL_OUTSIDE_UJB_COVERAGE,12,12,0,365.06,365.06,0.0
2025-02-13,MODUL,EXCEL,NOT_APPLICABLE,EXCEL_MODUL_AUTHORITATIVE_WHEN_PRESENT,1,1,0,0.0,0.0,0.0
2025-02-13,RTGC,EXCEL,NOT_APPLICABLE,EXCEL_NON_UJB_CATEGORY,63,63,0,12426.7,12426.7,0.0
2025-02-13,SUPPORT,EXCEL,NOT_APPLICABLE,EXCEL_SUPPORT_RETAINED_FORKLIFT_BRIDGE,4,4,0,473.27,473.27,0.0
2025-02-14,BUS,EXCEL,NOT_APPLICABLE,EXCEL_OUTSIDE_UJB_COVERAGE,3,3,0,148.28,148.28,0.0
2025-02-14,ELF,EXCEL,NOT_APPLICABLE,EXCEL_OUTSIDE_UJB_COVERAGE,3,3,0,94.7,94.7,0.0
2025-02-14,HEAD_TRUCK,EXCEL,NOT_APPLICABLE,EXCEL_OUTSIDE_UJB_COVERAGE,82,82,0,6449.74,6449.74,0.0
2025-02-14,KEND_OPS,EXCEL,NOT_APPLICABLE,EXCEL_OUTSIDE_UJB_COVERAGE,10,10,0,260.76,260.76,0.0
2025-02-14,MODUL,EXCEL,NOT_APPLICABLE,EXCEL_MODUL_AUTHORITATIVE_WHEN_PRESENT,1,1,0,0.0,0.0,0.0
2025-02-14,RTGC,EXCEL,NOT_APPLICABLE,EXCEL_NON_UJB_CATEGORY,63,63,0,12314.0,12314.0,0.0
2025-02-14,SUPPORT,EXCEL,NOT_APPLICABLE,EXCEL_SUPPORT_RETAINED_FORKLIFT_BRIDGE,7,7,0,317.74,317.74,0.0
2025-02-15,BUS,EXCEL,NOT_APPLICABLE,EXCEL_OUTSIDE_UJB_COVERAGE,3,3,0,144.83,144.83,0.0
2025-02-15,ELF,EXCEL,NOT_APPLICABLE,EXCEL_OUTSIDE_UJB_COVERAGE,3,3,0,107.4,107.4,0.0
2025-02-15,HEAD_TRUCK,EXCEL,NOT_APPLICABLE,EXCEL_OUTSIDE_UJB_COVERAGE,77,77,0,5406.99,5406.99,0.0
2025-02-15,KEND_OPS,EXCEL,NOT_APPLICABLE,EXCEL_OUTSIDE_UJB_COVERAGE,7,7,0,131.66,131.66,0.0
2025-02-15,MODUL,EXCEL,NOT_APPLICABLE,EXCEL_MODUL_AUTHORITATIVE_WHEN_PRESENT,1,1,0,0.0,0.0,0.0
2025-02-15,RTGC,EXCEL,NOT_APPLICABLE,EXCEL_NON_UJB_CATEGORY,63,63,0,13122.0,13122.0,0.0
2025-02-15,SUPPORT,EXCEL,NOT_APPLICABLE,EXCEL_SUPPORT_RETAINED_FORKLIFT_BRIDGE,5,5,0,347.91,347.91,0.0
2025-02-16,BUS,EXCEL,NOT_APPLICABLE,EXCEL_OUTSIDE_UJB_COVERAGE,3,3,0,144.12,144.12,0.0
2025-02-16,ELF,EXCEL,NOT_APPLICABLE,EXCEL_OUTSIDE_UJB_COVERAGE,3,3,0,108.22,108.22,0.0
2025-02-16,HEAD_TRUCK,EXCEL,NOT_APPLICABLE,EXCEL_OUTSIDE_UJB_COVERAGE,80,80,0,6589.21,6589.21,0.0
2025-02-16,KEND_OPS,EXCEL,NOT_APPLICABLE,EXCEL_OUTSIDE_UJB_COVERAGE,6,6,0,123.96000000000001,123.96000000000001,0.0
2025-02-16,MODUL,EXCEL,NOT_APPLICABLE,EXCEL_MODUL_AUTHORITATIVE_WHEN_PRESENT,1,1,0,0.0,0.0,0.0
2025-02-16,RTGC,EXCEL,NOT_APPLICABLE,EXCEL_NON_UJB_CATEGORY,63,63,0,12263.0,12263.0,0.0
2025-02-16,SUPPORT,EXCEL,NOT_APPLICABLE,EXCEL_SUPPORT_RETAINED_FORKLIFT_BRIDGE,4,4,0,346.5,346.5,0.0
2025-02-17,BUS,EXCEL,NOT_APPLICABLE,EXCEL_OUTSIDE_UJB_COVERAGE,3,3,0,150.98,150.98,0.0
2025-02-17,ELF,EXCEL,NOT_APPLICABLE,EXCEL_OUTSIDE_UJB_COVERAGE,3,3,0,89.22999999999999,89.22999999999999,0.0
2025-02-17,HEAD_TRUCK,EXCEL,NOT_APPLICABLE,EXCEL_OUTSIDE_UJB_COVERAGE,81,81,0,6337.93,6337.93,0.0
2025-02-17,KEND_OPS,EXCEL,NOT_APPLICABLE,EXCEL_OUTSIDE_UJB_COVERAGE,7,7,0,205.19,205.19,0.0
2025-02-17,MODUL,EXCEL,NOT_APPLICABLE,EXCEL_MODUL_AUTHORITATIVE_WHEN_PRESENT,1,1,0,0.0,0.0,0.0
2025-02-17,RTGC,EXCEL,NOT_APPLICABLE,EXCEL_NON_UJB_CATEGORY,63,63,0,11771.0,11771.0,0.0
2025-02-17,SUPPORT,EXCEL,NOT_APPLICABLE,EXCEL_SUPPORT_RETAINED_FORKLIFT_BRIDGE,9,9,0,512.3,512.3,0.0
2025-02-18,BUS,EXCEL,NOT_APPLICABLE,EXCEL_OUTSIDE_UJB_COVERAGE,3,3,0,136.57999999999998,136.57999999999998,0.0
2025-02-18,ELF,EXCEL,NOT_APPLICABLE,EXCEL_OUTSIDE_UJB_COVERAGE,3,3,0,105.91000000000001,105.91000000000001,0.0
2025-02-18,HEAD_TRUCK,EXCEL,NOT_APPLICABLE,EXCEL_OUTSIDE_UJB_COVERAGE,73,73,0,5081.68,5081.68,0.0
2025-02-18,KEND_OPS,EXCEL,NOT_APPLICABLE,EXCEL_OUTSIDE_UJB_COVERAGE,7,7,0,174.15,174.15,0.0
2025-02-18,MODUL,EXCEL,NOT_APPLICABLE,EXCEL_MODUL_AUTHORITATIVE_WHEN_PRESENT,1,1,0,0.0,0.0,0.0
2025-02-18,RTGC,EXCEL,NOT_APPLICABLE,EXCEL_NON_UJB_CATEGORY,63,63,0,11276.0,11276.0,0.0
2025-02-18,SUPPORT,EXCEL,NOT_APPLICABLE,EXCEL_SUPPORT_RETAINED_FORKLIFT_BRIDGE,4,4,0,475.79999999999995,475.79999999999995,0.0
2025-02-19,BUS,EXCEL,NOT_APPLICABLE,EXCEL_OUTSIDE_UJB_COVERAGE,3,3,0,114.45,114.45,0.0
2025-02-19,ELF,EXCEL,NOT_APPLICABLE,EXCEL_OUTSIDE_UJB_COVERAGE,3,3,0,105.25,105.25,0.0
2025-02-19,HEAD_TRUCK,EXCEL,NOT_APPLICABLE,EXCEL_OUTSIDE_UJB_COVERAGE,75,75,0,3563.67,3563.67,0.0
2025-02-19,KEND_OPS,EXCEL,NOT_APPLICABLE,EXCEL_OUTSIDE_UJB_COVERAGE,9,9,0,234.77,234.77,0.0
2025-02-19,MODUL,EXCEL,NOT_APPLICABLE,EXCEL_MODUL_AUTHORITATIVE_WHEN_PRESENT,1,1,0,2000.0,2000.0,0.0
2025-02-19,RTGC,EXCEL,NOT_APPLICABLE,EXCEL_NON_UJB_CATEGORY,63,63,0,10017.0,10017.0,0.0
2025-02-19,SUPPORT,EXCEL,NOT_APPLICABLE,EXCEL_SUPPORT_RETAINED_FORKLIFT_BRIDGE,4,4,0,204.52,204.52,0.0
2025-02-20,BUS,EXCEL,NOT_APPLICABLE,EXCEL_OUTSIDE_UJB_COVERAGE,3,3,0,136.06,136.06,0.0
2025-02-20,ELF,EXCEL,NOT_APPLICABLE,EXCEL_OUTSIDE_UJB_COVERAGE,3,3,0,98.53999999999999,98.53999999999999,0.0
2025-02-20,HEAD_TRUCK,EXCEL,NOT_APPLICABLE,EXCEL_OUTSIDE_UJB_COVERAGE,80,80,0,5332.91,5332.91,0.0
2025-02-20,KEND_OPS,EXCEL,NOT_APPLICABLE,EXCEL_OUTSIDE_UJB_COVERAGE,10,10,0,254.59,254.59,0.0
2025-02-20,MODUL,EXCEL,NOT_APPLICABLE,EXCEL_MODUL_AUTHORITATIVE_WHEN_PRESENT,1,1,0,0.0,0.0,0.0
2025-02-20,RTGC,EXCEL,NOT_APPLICABLE,EXCEL_NON_UJB_CATEGORY,63,63,0,11695.0,11695.0,0.0
2025-02-20,SUPPORT,EXCEL,NOT_APPLICABLE,EXCEL_SUPPORT_RETAINED_FORKLIFT_BRIDGE,5,5,0,268.48,268.48,0.0
2025-02-21,BUS,EXCEL,NOT_APPLICABLE,EXCEL_OUTSIDE_UJB_COVERAGE,3,3,0,143.86,143.86,0.0
2025-02-21,ELF,EXCEL,NOT_APPLICABLE,EXCEL_OUTSIDE_UJB_COVERAGE,3,3,0,99.78,99.78,0.0
2025-02-21,HEAD_TRUCK,EXCEL,NOT_APPLICABLE,EXCEL_OUTSIDE_UJB_COVERAGE,78,78,0,5828.98,5828.98,0.0
2025-02-21,KEND_OPS,EXCEL,NOT_APPLICABLE,EXCEL_OUTSIDE_UJB_COVERAGE,8,8,0,214.07,214.07,0.0
2025-02-21,MODUL,EXCEL,NOT_APPLICABLE,EXCEL_MODUL_AUTHORITATIVE_WHEN_PRESENT,1,1,0,0.0,0.0,0.0
2025-02-21,RTGC,EXCEL,NOT_APPLICABLE,EXCEL_NON_UJB_CATEGORY,63,63,0,12663.0,12663.0,0.0
2025-02-21,SUPPORT,EXCEL,NOT_APPLICABLE,EXCEL_SUPPORT_RETAINED_FORKLIFT_BRIDGE,5,5,0,433.01,433.01,0.0
2025-02-22,BUS,EXCEL,NOT_APPLICABLE,EXCEL_OUTSIDE_UJB_COVERAGE,3,3,0,145.8,145.8,0.0
2025-02-22,ELF,EXCEL,NOT_APPLICABLE,EXCEL_OUTSIDE_UJB_COVERAGE,3,3,0,86.82,86.82,0.0
2025-02-22,HEAD_TRUCK,EXCEL,NOT_APPLICABLE,EXCEL_OUTSIDE_UJB_COVERAGE,79,79,0,5782.2,5782.2,0.0
2025-02-22,KEND_OPS,EXCEL,NOT_APPLICABLE,EXCEL_OUTSIDE_UJB_COVERAGE,8,8,0,221.57,221.57,0.0
2025-02-22,RTGC,EXCEL,NOT_APPLICABLE,EXCEL_NON_UJB_CATEGORY,63,63,0,11523.0,11523.0,0.0
2025-02-22,SUPPORT,EXCEL,NOT_APPLICABLE,EXCEL_SUPPORT_RETAINED_FORKLIFT_BRIDGE,4,4,0,182.15,182.15,0.0
2025-02-23,BUS,EXCEL,NOT_APPLICABLE,EXCEL_OUTSIDE_UJB_COVERAGE,3,3,0,142.07999999999998,142.07999999999998,0.0
2025-02-23,ELF,EXCEL,NOT_APPLICABLE,EXCEL_OUTSIDE_UJB_COVERAGE,3,3,0,102.75,102.75,0.0
2025-02-23,HEAD_TRUCK,EXCEL,NOT_APPLICABLE,EXCEL_OUTSIDE_UJB_COVERAGE,74,74,0,5290.0,5290.0,0.0
2025-02-23,KEND_OPS,EXCEL,NOT_APPLICABLE,EXCEL_OUTSIDE_UJB_COVERAGE,7,7,0,148.26,148.26,0.0
2025-02-23,MODUL,EXCEL,NOT_APPLICABLE,EXCEL_MODUL_AUTHORITATIVE_WHEN_PRESENT,1,1,0,0.0,0.0,0.0
2025-02-23,RTGC,EXCEL,NOT_APPLICABLE,EXCEL_NON_UJB_CATEGORY,63,63,0,9861.0,9861.0,0.0
2025-02-23,SUPPORT,EXCEL,NOT_APPLICABLE,EXCEL_SUPPORT_RETAINED_FORKLIFT_BRIDGE,6,6,0,205.7,205.7,0.0
2025-02-24,BUS,EXCEL,NOT_APPLICABLE,EXCEL_OUTSIDE_UJB_COVERAGE,3,3,0,138.51999999999998,138.51999999999998,0.0
2025-02-24,ELF,EXCEL,NOT_APPLICABLE,EXCEL_OUTSIDE_UJB_COVERAGE,3,3,0,87.49,87.49,0.0
2025-02-24,HEAD_TRUCK,EXCEL,NOT_APPLICABLE,EXCEL_OUTSIDE_UJB_COVERAGE,75,75,0,4306.64,4306.64,0.0
2025-02-24,KEND_OPS,EXCEL,NOT_APPLICABLE,EXCEL_OUTSIDE_UJB_COVERAGE,9,9,0,198.73,198.73,0.0
2025-02-24,MODUL,EXCEL,NOT_APPLICABLE,EXCEL_MODUL_AUTHORITATIVE_WHEN_PRESENT,1,1,0,0.0,0.0,0.0
2025-02-24,RTGC,EXCEL,NOT_APPLICABLE,EXCEL_NON_UJB_CATEGORY,63,63,0,7825.0,7825.0,0.0
2025-02-24,SUPPORT,EXCEL,NOT_APPLICABLE,EXCEL_SUPPORT_RETAINED_FORKLIFT_BRIDGE,8,8,0,271.62,271.62,0.0
2025-02-25,BUS,EXCEL,NOT_APPLICABLE,EXCEL_OUTSIDE_UJB_COVERAGE,3,3,0,138.31,138.31,0.0
2025-02-25,ELF,EXCEL,NOT_APPLICABLE,EXCEL_OUTSIDE_UJB_COVERAGE,3,3,0,107.17,107.17,0.0
2025-02-25,HEAD_TRUCK,EXCEL,NOT_APPLICABLE,EXCEL_OUTSIDE_UJB_COVERAGE,77,77,0,4954.71,4954.71,0.0
2025-02-25,KEND_OPS,EXCEL,NOT_APPLICABLE,EXCEL_OUTSIDE_UJB_COVERAGE,5,5,0,152.91,152.91,0.0
2025-02-25,MODUL,EXCEL,NOT_APPLICABLE,EXCEL_MODUL_AUTHORITATIVE_WHEN_PRESENT,1,1,0,0.0,0.0,0.0
2025-02-25,RTGC,EXCEL,NOT_APPLICABLE,EXCEL_NON_UJB_CATEGORY,63,63,0,10194.0,10194.0,0.0
2025-02-25,SUPPORT,EXCEL,NOT_APPLICABLE,EXCEL_SUPPORT_RETAINED_FORKLIFT_BRIDGE,4,4,0,287.49,287.49,0.0
2025-02-26,BUS,EXCEL,NOT_APPLICABLE,EXCEL_OUTSIDE_UJB_COVERAGE,3,3,0,136.28,136.28,0.0
2025-02-26,ELF,EXCEL,NOT_APPLICABLE,EXCEL_OUTSIDE_UJB_COVERAGE,3,3,0,114.68,114.68,0.0
2025-02-26,HEAD_TRUCK,EXCEL,NOT_APPLICABLE,EXCEL_OUTSIDE_UJB_COVERAGE,69,69,0,3139.2,3139.2,0.0
2025-02-26,KEND_OPS,EXCEL,NOT_APPLICABLE,EXCEL_OUTSIDE_UJB_COVERAGE,12,12,0,390.32,390.32,0.0
2025-02-26,MODUL,EXCEL,NOT_APPLICABLE,EXCEL_MODUL_AUTHORITATIVE_WHEN_PRESENT,1,1,0,0.0,0.0,0.0
2025-02-26,RTGC,EXCEL,NOT_APPLICABLE,EXCEL_NON_UJB_CATEGORY,63,63,0,10706.0,10706.0,0.0
2025-02-26,SUPPORT,EXCEL,NOT_APPLICABLE,EXCEL_SUPPORT_RETAINED_FORKLIFT_BRIDGE,7,7,0,271.12,271.12,0.0
2025-02-27,BUS,EXCEL,NOT_APPLICABLE,EXCEL_OUTSIDE_UJB_COVERAGE,3,3,0,143.51999999999998,143.51999999999998,0.0
2025-02-27,ELF,EXCEL,NOT_APPLICABLE,EXCEL_OUTSIDE_UJB_COVERAGE,3,3,0,113.85,113.85,0.0
2025-02-27,HEAD_TRUCK,EXCEL,NOT_APPLICABLE,EXCEL_OUTSIDE_UJB_COVERAGE,80,80,0,5706.39,5706.39,0.0
2025-02-27,KEND_OPS,EXCEL,NOT_APPLICABLE,EXCEL_OUTSIDE_UJB_COVERAGE,8,8,0,236.53,236.53,0.0
2025-02-27,MODUL,EXCEL,NOT_APPLICABLE,EXCEL_MODUL_AUTHORITATIVE_WHEN_PRESENT,1,1,0,0.0,0.0,0.0
2025-02-27,RTGC,EXCEL,NOT_APPLICABLE,EXCEL_NON_UJB_CATEGORY,63,63,0,12201.0,12201.0,0.0
2025-02-27,SUPPORT,EXCEL,NOT_APPLICABLE,EXCEL_SUPPORT_RETAINED_FORKLIFT_BRIDGE,5,5,0,209.2,209.2,0.0
2025-02-28,BUS,EXCEL,NOT_APPLICABLE,EXCEL_OUTSIDE_UJB_COVERAGE,3,3,0,139.87,139.87,0.0
2025-02-28,ELF,EXCEL,NOT_APPLICABLE,EXCEL_OUTSIDE_UJB_COVERAGE,3,3,0,107.35,107.35,0.0
2025-02-28,HEAD_TRUCK,EXCEL,NOT_APPLICABLE,EXCEL_OUTSIDE_UJB_COVERAGE,76,76,0,5948.75,5948.75,0.0
2025-02-28,KEND_OPS,EXCEL,NOT_APPLICABLE,EXCEL_OUTSIDE_UJB_COVERAGE,6,6,0,112.72999999999999,112.72999999999999,0.0
2025-02-28,MODUL,EXCEL,NOT_APPLICABLE,EXCEL_MODUL_AUTHORITATIVE_WHEN_PRESENT,1,1,0,0.0,0.0,0.0
2025-02-28,RTGC,EXCEL,NOT_APPLICABLE,EXCEL_NON_UJB_CATEGORY,63,63,0,11525.5,11525.5,0.0
2025-02-28,SUPPORT,EXCEL,NOT_APPLICABLE,EXCEL_SUPPORT_RETAINED_FORKLIFT_BRIDGE,6,6,0,409.39,409.39,0.0
2025-03-01,BUS,EXCEL,NOT_APPLICABLE,EXCEL_OUTSIDE_UJB_COVERAGE,3,3,0,142.49,142.49,0.0
2025-03-01,ELF,EXCEL,NOT_APPLICABLE,EXCEL_OUTSIDE_UJB_COVERAGE,3,3,0,96.27,96.27,0.0
2025-03-01,HEAD_TRUCK,EXCEL,NOT_APPLICABLE,EXCEL_OUTSIDE_UJB_COVERAGE,79,79,0,5534.08,5534.08,0.0
2025-03-01,KEND_OPS,EXCEL,NOT_APPLICABLE,EXCEL_OUTSIDE_UJB_COVERAGE,8,8,0,225.12,225.12,0.0
2025-03-01,MODUL,EXCEL,NOT_APPLICABLE,EXCEL_MODUL_AUTHORITATIVE_WHEN_PRESENT,1,1,0,0.0,0.0,0.0
2025-03-01,RTGC,EXCEL,NOT_APPLICABLE,EXCEL_NON_UJB_CATEGORY,63,63,0,12003.4,12003.4,0.0
2025-03-01,SUPPORT,EXCEL,NOT_APPLICABLE,EXCEL_SUPPORT_RETAINED_FORKLIFT_BRIDGE,3,3,0,212.23000000000002,212.23000000000002,0.0
2025-03-02,BUS,EXCEL,NOT_APPLICABLE,EXCEL_OUTSIDE_UJB_COVERAGE,3,3,0,144.24,144.24,0.0
2025-03-02,ELF,EXCEL,NOT_APPLICABLE,EXCEL_OUTSIDE_UJB_COVERAGE,3,3,0,111.65,111.65,0.0
2025-03-02,HEAD_TRUCK,EXCEL,NOT_APPLICABLE,EXCEL_OUTSIDE_UJB_COVERAGE,74,74,0,5259.3,5259.3,0.0
2025-03-02,KEND_OPS,EXCEL,NOT_APPLICABLE,EXCEL_OUTSIDE_UJB_COVERAGE,7,7,0,135.06,135.06,0.0
2025-03-02,MODUL,EXCEL,NOT_APPLICABLE,EXCEL_MODUL_AUTHORITATIVE_WHEN_PRESENT,1,1,0,0.0,0.0,0.0
2025-03-02,RTGC,EXCEL,NOT_APPLICABLE,EXCEL_NON_UJB_CATEGORY,63,63,0,9027.7,9027.7,0.0
2025-03-02,SUPPORT,EXCEL,NOT_APPLICABLE,EXCEL_SUPPORT_RETAINED_FORKLIFT_BRIDGE,4,4,0,238.10000000000002,238.10000000000002,0.0
2025-03-03,BUS,EXCEL,NOT_APPLICABLE,EXCEL_OUTSIDE_UJB_COVERAGE,3,3,0,147.93,147.93,0.0
2025-03-03,ELF,EXCEL,NOT_APPLICABLE,EXCEL_OUTSIDE_UJB_COVERAGE,3,3,0,105.55,105.55,0.0
2025-03-03,HEAD_TRUCK,EXCEL,NOT_APPLICABLE,EXCEL_OUTSIDE_UJB_COVERAGE,78,78,0,5045.4,5045.4,0.0
2025-03-03,KEND_OPS,EXCEL,NOT_APPLICABLE,EXCEL_OUTSIDE_UJB_COVERAGE,8,8,0,195.42,195.42,0.0
2025-03-03,MODUL,EXCEL,NOT_APPLICABLE,EXCEL_MODUL_AUTHORITATIVE_WHEN_PRESENT,1,1,0,0.0,0.0,0.0
2025-03-03,RTGC,EXCEL,NOT_APPLICABLE,EXCEL_NON_UJB_CATEGORY,63,63,0,8725.3,8725.3,0.0
2025-03-03,SUPPORT,EXCEL,NOT_APPLICABLE,EXCEL_SUPPORT_RETAINED_FORKLIFT_BRIDGE,4,4,0,398.45,398.45,0.0
2025-03-04,BUS,EXCEL,NOT_APPLICABLE,EXCEL_OUTSIDE_UJB_COVERAGE,3,3,0,138.36,138.36,0.0
2025-03-04,ELF,EXCEL,NOT_APPLICABLE,EXCEL_OUTSIDE_UJB_COVERAGE,3,3,0,105.09,105.09,0.0
2025-03-04,HEAD_TRUCK,EXCEL,NOT_APPLICABLE,EXCEL_OUTSIDE_UJB_COVERAGE,81,81,0,5065.52,5065.52,0.0
2025-03-04,KEND_OPS,EXCEL,NOT_APPLICABLE,EXCEL_OUTSIDE_UJB_COVERAGE,10,10,0,233.09,233.09,0.0
2025-03-04,MODUL,EXCEL,NOT_APPLICABLE,EXCEL_MODUL_AUTHORITATIVE_WHEN_PRESENT,1,1,0,0.0,0.0,0.0
2025-03-04,RTGC,EXCEL,NOT_APPLICABLE,EXCEL_NON_UJB_CATEGORY,63,63,0,11357.3,11357.3,0.0
2025-03-04,SUPPORT,EXCEL,NOT_APPLICABLE,EXCEL_SUPPORT_RETAINED_FORKLIFT_BRIDGE,3,3,0,176.86,176.86,0.0
2025-03-05,BUS,EXCEL,NOT_APPLICABLE,EXCEL_OUTSIDE_UJB_COVERAGE,3,3,0,146.38,146.38,0.0
2025-03-05,ELF,EXCEL,NOT_APPLICABLE,EXCEL_OUTSIDE_UJB_COVERAGE,3,3,0,100.83,100.83,0.0
2025-03-05,HEAD_TRUCK,EXCEL,NOT_APPLICABLE,EXCEL_OUTSIDE_UJB_COVERAGE,79,79,0,5509.53,5509.53,0.0
2025-03-05,KEND_OPS,EXCEL,NOT_APPLICABLE,EXCEL_OUTSIDE_UJB_COVERAGE,8,8,0,246.74,246.74,0.0
2025-03-05,MODUL,EXCEL,NOT_APPLICABLE,EXCEL_MODUL_AUTHORITATIVE_WHEN_PRESENT,1,1,0,0.0,0.0,0.0
2025-03-05,RTGC,EXCEL,NOT_APPLICABLE,EXCEL_NON_UJB_CATEGORY,63,63,0,11180.9,11180.9,0.0
2025-03-05,SUPPORT,EXCEL,NOT_APPLICABLE,EXCEL_SUPPORT_RETAINED_FORKLIFT_BRIDGE,5,5,0,452.02,452.02,0.0
2025-03-06,BUS,EXCEL,NOT_APPLICABLE,EXCEL_OUTSIDE_UJB_COVERAGE,3,3,0,142.89,142.89,0.0
2025-03-06,ELF,EXCEL,NOT_APPLICABLE,EXCEL_OUTSIDE_UJB_COVERAGE,3,3,0,106.48,106.48,0.0
2025-03-06,HEAD_TRUCK,EXCEL,NOT_APPLICABLE,EXCEL_OUTSIDE_UJB_COVERAGE,84,84,0,5953.97,5953.97,0.0
2025-03-06,KEND_OPS,EXCEL,NOT_APPLICABLE,EXCEL_OUTSIDE_UJB_COVERAGE,9,9,0,297.84000000000003,297.84000000000003,0.0
2025-03-06,MODUL,EXCEL,NOT_APPLICABLE,EXCEL_MODUL_AUTHORITATIVE_WHEN_PRESENT,1,1,0,0.0,0.0,0.0
2025-03-06,RTGC,EXCEL,NOT_APPLICABLE,EXCEL_NON_UJB_CATEGORY,63,63,0,13059.1,13059.1,0.0
2025-03-06,SUPPORT,EXCEL,NOT_APPLICABLE,EXCEL_SUPPORT_RETAINED_FORKLIFT_BRIDGE,4,4,0,193.45,193.45,0.0
2025-03-07,BUS,EXCEL,NOT_APPLICABLE,EXCEL_OUTSIDE_UJB_COVERAGE,3,3,0,149.45,149.45,0.0
2025-03-07,ELF,EXCEL,NOT_APPLICABLE,EXCEL_OUTSIDE_UJB_COVERAGE,3,3,0,106.12,106.12,0.0
2025-03-07,HEAD_TRUCK,EXCEL,NOT_APPLICABLE,EXCEL_OUTSIDE_UJB_COVERAGE,78,78,0,6172.79,6172.79,0.0
2025-03-07,KEND_OPS,EXCEL,NOT_APPLICABLE,EXCEL_OUTSIDE_UJB_COVERAGE,4,4,0,115.74,115.74,0.0
2025-03-07,MODUL,EXCEL,NOT_APPLICABLE,EXCEL_MODUL_AUTHORITATIVE_WHEN_PRESENT,1,1,0,0.0,0.0,0.0
2025-03-07,RTGC,EXCEL,NOT_APPLICABLE,EXCEL_NON_UJB_CATEGORY,63,63,0,14088.9,14088.9,0.0
2025-03-07,SUPPORT,EXCEL,NOT_APPLICABLE,EXCEL_SUPPORT_RETAINED_FORKLIFT_BRIDGE,4,4,0,289.42,289.42,0.0
2025-03-08,BUS,EXCEL,NOT_APPLICABLE,EXCEL_OUTSIDE_UJB_COVERAGE,3,3,0,140.64,140.64,0.0
2025-03-08,ELF,EXCEL,NOT_APPLICABLE,EXCEL_OUTSIDE_UJB_COVERAGE,3,3,0,120.57,120.57,0.0
2025-03-08,HEAD_TRUCK,EXCEL,NOT_APPLICABLE,EXCEL_OUTSIDE_UJB_COVERAGE,82,82,0,6298.41,6298.41,0.0
2025-03-08,KEND_OPS,EXCEL,NOT_APPLICABLE,EXCEL_OUTSIDE_UJB_COVERAGE,7,7,0,157.04,157.04,0.0
2025-03-08,MODUL,EXCEL,NOT_APPLICABLE,EXCEL_MODUL_AUTHORITATIVE_WHEN_PRESENT,1,1,0,0.0,0.0,0.0
2025-03-08,RTGC,EXCEL,NOT_APPLICABLE,EXCEL_NON_UJB_CATEGORY,63,63,0,10877.3,10877.3,0.0
2025-03-08,SUPPORT,EXCEL,NOT_APPLICABLE,EXCEL_SUPPORT_RETAINED_FORKLIFT_BRIDGE,4,4,0,232.12,232.12,0.0
2025-03-09,BUS,EXCEL,NOT_APPLICABLE,EXCEL_OUTSIDE_UJB_COVERAGE,3,3,0,149.89,149.89,0.0
2025-03-09,ELF,EXCEL,NOT_APPLICABLE,EXCEL_OUTSIDE_UJB_COVERAGE,3,3,0,116.98,116.98,0.0
2025-03-09,HEAD_TRUCK,EXCEL,NOT_APPLICABLE,EXCEL_OUTSIDE_UJB_COVERAGE,77,77,0,6442.3099999999995,6442.3099999999995,0.0
2025-03-09,KEND_OPS,EXCEL,NOT_APPLICABLE,EXCEL_OUTSIDE_UJB_COVERAGE,8,8,0,242.67000000000002,242.67000000000002,0.0
2025-03-09,MODUL,EXCEL,NOT_APPLICABLE,EXCEL_MODUL_AUTHORITATIVE_WHEN_PRESENT,1,1,0,0.0,0.0,0.0
2025-03-09,RTGC,EXCEL,NOT_APPLICABLE,EXCEL_NON_UJB_CATEGORY,62,62,0,10168.8,10168.8,0.0
2025-03-09,SUPPORT,EXCEL,NOT_APPLICABLE,EXCEL_SUPPORT_RETAINED_FORKLIFT_BRIDGE,5,5,0,355.01,355.01,0.0
2025-03-10,BUS,EXCEL,NOT_APPLICABLE,EXCEL_OUTSIDE_UJB_COVERAGE,3,3,0,152.07,152.07,0.0
2025-03-10,ELF,EXCEL,NOT_APPLICABLE,EXCEL_OUTSIDE_UJB_COVERAGE,3,3,0,122.99000000000001,122.99000000000001,0.0
2025-03-10,HEAD_TRUCK,EXCEL,NOT_APPLICABLE,EXCEL_OUTSIDE_UJB_COVERAGE,83,83,0,6198.71,6198.71,0.0
2025-03-10,KEND_OPS,EXCEL,NOT_APPLICABLE,EXCEL_OUTSIDE_UJB_COVERAGE,13,13,0,302.63,302.63,0.0
2025-03-10,MODUL,EXCEL,NOT_APPLICABLE,EXCEL_MODUL_AUTHORITATIVE_WHEN_PRESENT,1,1,0,0.0,0.0,0.0
2025-03-10,RTGC,EXCEL,NOT_APPLICABLE,EXCEL_NON_UJB_CATEGORY,63,63,0,12932.7,12932.7,0.0
2025-03-10,SUPPORT,EXCEL,NOT_APPLICABLE,EXCEL_SUPPORT_RETAINED_FORKLIFT_BRIDGE,4,4,0,319.1,319.1,0.0
2025-03-11,BUS,EXCEL,NOT_APPLICABLE,EXCEL_OUTSIDE_UJB_COVERAGE,3,3,0,150.51,150.51,0.0
2025-03-11,ELF,EXCEL,NOT_APPLICABLE,EXCEL_OUTSIDE_UJB_COVERAGE,3,3,0,120.75999999999999,120.75999999999999,0.0
2025-03-11,HEAD_TRUCK,EXCEL,NOT_APPLICABLE,EXCEL_OUTSIDE_UJB_COVERAGE,78,78,0,5215.7,5215.7,0.0
2025-03-11,KEND_OPS,EXCEL,NOT_APPLICABLE,EXCEL_OUTSIDE_UJB_COVERAGE,4,4,0,90.57,90.57,0.0
2025-03-11,MODUL,EXCEL,NOT_APPLICABLE,EXCEL_MODUL_AUTHORITATIVE_WHEN_PRESENT,1,1,0,0.0,0.0,0.0
2025-03-11,RTGC,EXCEL,NOT_APPLICABLE,EXCEL_NON_UJB_CATEGORY,63,63,0,13503.5,13503.5,0.0
2025-03-11,SUPPORT,EXCEL,NOT_APPLICABLE,EXCEL_SUPPORT_RETAINED_FORKLIFT_BRIDGE,4,4,0,327.12,327.12,0.0
2025-03-12,BUS,EXCEL,NOT_APPLICABLE,EXCEL_OUTSIDE_UJB_COVERAGE,3,3,0,139.59,139.59,0.0
2025-03-12,ELF,EXCEL,NOT_APPLICABLE,EXCEL_OUTSIDE_UJB_COVERAGE,3,3,0,111.96000000000001,111.96000000000001,0.0
2025-03-12,HEAD_TRUCK,EXCEL,NOT_APPLICABLE,EXCEL_OUTSIDE_UJB_COVERAGE,73,73,0,4568.54,4568.54,0.0
2025-03-12,KEND_OPS,EXCEL,NOT_APPLICABLE,EXCEL_OUTSIDE_UJB_COVERAGE,9,9,0,205.07,205.07,0.0
2025-03-12,MODUL,EXCEL,NOT_APPLICABLE,EXCEL_MODUL_AUTHORITATIVE_WHEN_PRESENT,1,1,0,0.0,0.0,0.0
2025-03-12,RTGC,EXCEL,NOT_APPLICABLE,EXCEL_NON_UJB_CATEGORY,63,63,0,12840.0,12840.0,0.0
2025-03-12,SUPPORT,EXCEL,NOT_APPLICABLE,EXCEL_SUPPORT_RETAINED_FORKLIFT_BRIDGE,4,4,0,330.58000000000004,330.58000000000004,0.0
2025-03-13,BUS,EXCEL,NOT_APPLICABLE,EXCEL_OUTSIDE_UJB_COVERAGE,3,3,0,139.26,139.26,0.0
2025-03-13,ELF,EXCEL,NOT_APPLICABLE,EXCEL_OUTSIDE_UJB_COVERAGE,3,3,0,112.57,112.57,0.0
2025-03-13,HEAD_TRUCK,EXCEL,NOT_APPLICABLE,EXCEL_OUTSIDE_UJB_COVERAGE,76,76,0,5818.2,5818.2,0.0
2025-03-13,KEND_OPS,EXCEL,NOT_APPLICABLE,EXCEL_OUTSIDE_UJB_COVERAGE,10,10,0,299.97,299.97,0.0
2025-03-13,MODUL,EXCEL,NOT_APPLICABLE,EXCEL_MODUL_AUTHORITATIVE_WHEN_PRESENT,1,1,0,0.0,0.0,0.0
2025-03-13,RTGC,EXCEL,NOT_APPLICABLE,EXCEL_NON_UJB_CATEGORY,63,63,0,12372.5,12372.5,0.0
2025-03-13,SUPPORT,EXCEL,NOT_APPLICABLE,EXCEL_SUPPORT_RETAINED_FORKLIFT_BRIDGE,5,5,0,237.18,237.18,0.0
2025-03-14,BUS,EXCEL,NOT_APPLICABLE,EXCEL_OUTSIDE_UJB_COVERAGE,3,3,0,148.76999999999998,148.76999999999998,0.0
2025-03-14,ELF,EXCEL,NOT_APPLICABLE,EXCEL_OUTSIDE_UJB_COVERAGE,3,3,0,97.91999999999999,97.91999999999999,0.0
2025-03-14,HEAD_TRUCK,EXCEL,NOT_APPLICABLE,EXCEL_OUTSIDE_UJB_COVERAGE,79,79,0,3864.28,3864.28,0.0
2025-03-14,KEND_OPS,EXCEL,NOT_APPLICABLE,EXCEL_OUTSIDE_UJB_COVERAGE,9,9,0,239.19,239.19,0.0
2025-03-14,MODUL,EXCEL,NOT_APPLICABLE,EXCEL_MODUL_AUTHORITATIVE_WHEN_PRESENT,1,1,0,0.0,0.0,0.0
2025-03-14,RTGC,EXCEL,NOT_APPLICABLE,EXCEL_NON_UJB_CATEGORY,63,63,0,11751.5,11751.5,0.0
2025-03-14,SUPPORT,EXCEL,NOT_APPLICABLE,EXCEL_SUPPORT_RETAINED_FORKLIFT_BRIDGE,6,6,0,311.23,311.23,0.0
2025-03-15,BUS,EXCEL,NOT_APPLICABLE,EXCEL_OUTSIDE_UJB_COVERAGE,3,3,0,148.52,148.52,0.0
2025-03-15,ELF,EXCEL,NOT_APPLICABLE,EXCEL_OUTSIDE_UJB_COVERAGE,3,3,0,119.88,119.88,0.0
2025-03-15,HEAD_TRUCK,EXCEL,NOT_APPLICABLE,EXCEL_OUTSIDE_UJB_COVERAGE,79,79,0,6495.81,6495.81,0.0
2025-03-15,KEND_OPS,EXCEL,NOT_APPLICABLE,EXCEL_OUTSIDE_UJB_COVERAGE,6,6,0,146.96,146.96,0.0
2025-03-15,MODUL,EXCEL,NOT_APPLICABLE,EXCEL_MODUL_AUTHORITATIVE_WHEN_PRESENT,1,1,0,0.0,0.0,0.0
2025-03-15,RTGC,EXCEL,NOT_APPLICABLE,EXCEL_NON_UJB_CATEGORY,63,63,0,12099.8,12099.8,0.0
2025-03-15,SUPPORT,EXCEL,NOT_APPLICABLE,EXCEL_SUPPORT_RETAINED_FORKLIFT_BRIDGE,5,5,0,421.08,421.08,0.0
2025-03-16,BUS,EXCEL,NOT_APPLICABLE,EXCEL_OUTSIDE_UJB_COVERAGE,3,3,0,151.34,151.34,0.0
2025-03-16,ELF,EXCEL,NOT_APPLICABLE,EXCEL_OUTSIDE_UJB_COVERAGE,3,3,0,120.57,120.57,0.0
2025-03-16,HEAD_TRUCK,EXCEL,NOT_APPLICABLE,EXCEL_OUTSIDE_UJB_COVERAGE,79,79,0,6015.2,6015.2,0.0
2025-03-16,KEND_OPS,EXCEL,NOT_APPLICABLE,EXCEL_OUTSIDE_UJB_COVERAGE,7,7,0,139.07999999999998,139.07999999999998,0.0
2025-03-16,MODUL,EXCEL,NOT_APPLICABLE,EXCEL_MODUL_AUTHORITATIVE_WHEN_PRESENT,1,1,0,0.0,0.0,0.0
2025-03-16,RTGC,EXCEL,NOT_APPLICABLE,EXCEL_NON_UJB_CATEGORY,63,63,0,13461.4,13461.4,0.0
2025-03-16,SUPPORT,EXCEL,NOT_APPLICABLE,EXCEL_SUPPORT_RETAINED_FORKLIFT_BRIDGE,5,5,0,462.97,462.97,0.0
2025-03-17,BUS,EXCEL,NOT_APPLICABLE,EXCEL_OUTSIDE_UJB_COVERAGE,3,3,0,152.27,152.27,0.0
2025-03-17,ELF,EXCEL,NOT_APPLICABLE,EXCEL_OUTSIDE_UJB_COVERAGE,3,3,0,111.39,111.39,0.0
2025-03-17,HEAD_TRUCK,EXCEL,NOT_APPLICABLE,EXCEL_OUTSIDE_UJB_COVERAGE,81,81,0,6659.68,6659.68,0.0
2025-03-17,KEND_OPS,EXCEL,NOT_APPLICABLE,EXCEL_OUTSIDE_UJB_COVERAGE,5,5,0,100.91,100.91,0.0
2025-03-17,MODUL,EXCEL,NOT_APPLICABLE,EXCEL_MODUL_AUTHORITATIVE_WHEN_PRESENT,1,1,0,0.0,0.0,0.0
2025-03-17,RTGC,EXCEL,NOT_APPLICABLE,EXCEL_NON_UJB_CATEGORY,63,63,0,13364.1,13364.1,0.0
2025-03-17,SUPPORT,EXCEL,NOT_APPLICABLE,EXCEL_SUPPORT_RETAINED_FORKLIFT_BRIDGE,4,4,0,443.0,443.0,0.0
2025-03-18,BUS,EXCEL,NOT_APPLICABLE,EXCEL_OUTSIDE_UJB_COVERAGE,3,3,0,150.1,150.1,0.0
2025-03-18,ELF,EXCEL,NOT_APPLICABLE,EXCEL_OUTSIDE_UJB_COVERAGE,3,3,0,100.03999999999999,100.03999999999999,0.0
2025-03-18,HEAD_TRUCK,EXCEL,NOT_APPLICABLE,EXCEL_OUTSIDE_UJB_COVERAGE,83,83,0,6480.77,6480.77,0.0
2025-03-18,KEND_OPS,EXCEL,NOT_APPLICABLE,EXCEL_OUTSIDE_UJB_COVERAGE,14,14,0,413.73,413.73,0.0
2025-03-18,MODUL,EXCEL,NOT_APPLICABLE,EXCEL_MODUL_AUTHORITATIVE_WHEN_PRESENT,1,1,0,0.0,0.0,0.0
2025-03-18,RTGC,EXCEL,NOT_APPLICABLE,EXCEL_NON_UJB_CATEGORY,63,63,0,13946.0,13946.0,0.0
2025-03-18,SUPPORT,EXCEL,NOT_APPLICABLE,EXCEL_SUPPORT_RETAINED_FORKLIFT_BRIDGE,6,6,0,372.34,372.34,0.0
2025-03-19,BUS,EXCEL,NOT_APPLICABLE,EXCEL_OUTSIDE_UJB_COVERAGE,3,3,0,150.07,150.07,0.0
2025-03-19,ELF,EXCEL,NOT_APPLICABLE,EXCEL_OUTSIDE_UJB_COVERAGE,3,3,0,114.37,114.37,0.0
2025-03-19,HEAD_TRUCK,EXCEL,NOT_APPLICABLE,EXCEL_OUTSIDE_UJB_COVERAGE,83,83,0,6198.59,6198.59,0.0
2025-03-19,KEND_OPS,EXCEL,NOT_APPLICABLE,EXCEL_OUTSIDE_UJB_COVERAGE,10,10,0,218.69,218.69,0.0
2025-03-19,MODUL,EXCEL,NOT_APPLICABLE,EXCEL_MODUL_AUTHORITATIVE_WHEN_PRESENT,1,1,0,0.0,0.0,0.0
2025-03-19,RTGC,EXCEL,NOT_APPLICABLE,EXCEL_NON_UJB_CATEGORY,63,63,0,12198.7,12198.7,0.0
2025-03-19,SUPPORT,EXCEL,NOT_APPLICABLE,EXCEL_SUPPORT_RETAINED_FORKLIFT_BRIDGE,4,4,0,402.81,402.81,0.0
2025-03-20,BUS,EXCEL,NOT_APPLICABLE,EXCEL_OUTSIDE_UJB_COVERAGE,3,3,0,150.51,150.51,0.0
2025-03-20,ELF,EXCEL,NOT_APPLICABLE,EXCEL_OUTSIDE_UJB_COVERAGE,3,3,0,104.3,104.3,0.0
2025-03-20,HEAD_TRUCK,EXCEL,NOT_APPLICABLE,EXCEL_OUTSIDE_UJB_COVERAGE,80,80,0,5498.5,5498.5,0.0
2025-03-20,KEND_OPS,EXCEL,NOT_APPLICABLE,EXCEL_OUTSIDE_UJB_COVERAGE,4,4,0,86.7,86.7,0.0
2025-03-20,MODUL,EXCEL,NOT_APPLICABLE,EXCEL_MODUL_AUTHORITATIVE_WHEN_PRESENT,1,1,0,0.0,0.0,0.0
2025-03-20,RTGC,EXCEL,NOT_APPLICABLE,EXCEL_NON_UJB_CATEGORY,63,63,0,10812.4,10812.4,0.0
2025-03-20,SUPPORT,EXCEL,NOT_APPLICABLE,EXCEL_SUPPORT_RETAINED_FORKLIFT_BRIDGE,6,6,0,354.41999999999996,354.41999999999996,0.0
2025-03-21,BUS,EXCEL,NOT_APPLICABLE,EXCEL_OUTSIDE_UJB_COVERAGE,3,3,0,151.28,151.28,0.0
2025-03-21,ELF,EXCEL,NOT_APPLICABLE,EXCEL_OUTSIDE_UJB_COVERAGE,3,3,0,105.12,105.12,0.0
2025-03-21,HEAD_TRUCK,EXCEL,NOT_APPLICABLE,EXCEL_OUTSIDE_UJB_COVERAGE,79,79,0,5880.32,5880.32,0.0
2025-03-21,KEND_OPS,EXCEL,NOT_APPLICABLE,EXCEL_OUTSIDE_UJB_COVERAGE,6,6,0,146.07,146.07,0.0
2025-03-21,MODUL,EXCEL,NOT_APPLICABLE,EXCEL_MODUL_AUTHORITATIVE_WHEN_PRESENT,1,1,0,0.0,0.0,0.0
2025-03-21,RTGC,EXCEL,NOT_APPLICABLE,EXCEL_NON_UJB_CATEGORY,63,63,0,12838.2,12838.2,0.0
2025-03-21,SUPPORT,EXCEL,NOT_APPLICABLE,EXCEL_SUPPORT_RETAINED_FORKLIFT_BRIDGE,4,4,0,266.59000000000003,266.59000000000003,0.0
2025-03-22,BUS,EXCEL,NOT_APPLICABLE,EXCEL_OUTSIDE_UJB_COVERAGE,3,3,0,149.12,149.12,0.0
2025-03-22,ELF,EXCEL,NOT_APPLICABLE,EXCEL_OUTSIDE_UJB_COVERAGE,3,3,0,105.50999999999999,105.50999999999999,0.0
2025-03-22,HEAD_TRUCK,EXCEL,NOT_APPLICABLE,EXCEL_OUTSIDE_UJB_COVERAGE,81,81,0,5520.01,5520.01,0.0
2025-03-22,KEND_OPS,EXCEL,NOT_APPLICABLE,EXCEL_OUTSIDE_UJB_COVERAGE,9,9,0,308.21,308.21,0.0
2025-03-22,RTGC,EXCEL,NOT_APPLICABLE,EXCEL_NON_UJB_CATEGORY,63,63,0,14198.199999999999,14198.199999999999,0.0
2025-03-22,SUPPORT,EXCEL,NOT_APPLICABLE,EXCEL_SUPPORT_RETAINED_FORKLIFT_BRIDGE,5,5,0,282.42,282.42,0.0
2025-03-23,BUS,EXCEL,NOT_APPLICABLE,EXCEL_OUTSIDE_UJB_COVERAGE,3,3,0,150.35,150.35,0.0
2025-03-23,ELF,EXCEL,NOT_APPLICABLE,EXCEL_OUTSIDE_UJB_COVERAGE,3,3,0,109.11,109.11,0.0
2025-03-23,HEAD_TRUCK,EXCEL,NOT_APPLICABLE,EXCEL_OUTSIDE_UJB_COVERAGE,81,81,0,6100.99,6100.99,0.0
2025-03-23,KEND_OPS,EXCEL,NOT_APPLICABLE,EXCEL_OUTSIDE_UJB_COVERAGE,6,6,0,131.36,131.36,0.0
2025-03-23,MODUL,EXCEL,NOT_APPLICABLE,EXCEL_MODUL_AUTHORITATIVE_WHEN_PRESENT,1,1,0,0.0,0.0,0.0
2025-03-23,RTGC,EXCEL,NOT_APPLICABLE,EXCEL_NON_UJB_CATEGORY,63,63,0,12605.199999999999,12605.199999999999,0.0
2025-03-23,SUPPORT,EXCEL,NOT_APPLICABLE,EXCEL_SUPPORT_RETAINED_FORKLIFT_BRIDGE,3,3,0,278.09,278.09,0.0
2025-03-24,BUS,EXCEL,NOT_APPLICABLE,EXCEL_OUTSIDE_UJB_COVERAGE,3,3,0,150.36,150.36,0.0
2025-03-24,ELF,EXCEL,NOT_APPLICABLE,EXCEL_OUTSIDE_UJB_COVERAGE,3,3,0,97.46,97.46,0.0
2025-03-24,HEAD_TRUCK,EXCEL,NOT_APPLICABLE,EXCEL_OUTSIDE_UJB_COVERAGE,81,81,0,6315.86,6315.86,0.0
2025-03-24,KEND_OPS,EXCEL,NOT_APPLICABLE,EXCEL_OUTSIDE_UJB_COVERAGE,11,11,0,252.19,252.19,0.0
2025-03-24,MODUL,EXCEL,NOT_APPLICABLE,EXCEL_MODUL_AUTHORITATIVE_WHEN_PRESENT,1,1,0,0.0,0.0,0.0
2025-03-24,RTGC,EXCEL,NOT_APPLICABLE,EXCEL_NON_UJB_CATEGORY,63,63,0,12378.8,12378.8,0.0
2025-03-24,SUPPORT,EXCEL,NOT_APPLICABLE,EXCEL_SUPPORT_RETAINED_FORKLIFT_BRIDGE,4,4,0,336.25,336.25,0.0
2025-03-25,BUS,EXCEL,NOT_APPLICABLE,EXCEL_OUTSIDE_UJB_COVERAGE,3,3,0,150.51,150.51,0.0
2025-03-25,ELF,EXCEL,NOT_APPLICABLE,EXCEL_OUTSIDE_UJB_COVERAGE,3,3,0,106.15,106.15,0.0
2025-03-25,HEAD_TRUCK,EXCEL,NOT_APPLICABLE,EXCEL_OUTSIDE_UJB_COVERAGE,78,78,0,5559.06,5559.06,0.0
2025-03-25,KEND_OPS,EXCEL,NOT_APPLICABLE,EXCEL_OUTSIDE_UJB_COVERAGE,8,8,0,213.57999999999998,213.57999999999998,0.0
2025-03-25,MODUL,EXCEL,NOT_APPLICABLE,EXCEL_MODUL_AUTHORITATIVE_WHEN_PRESENT,1,1,0,0.0,0.0,0.0
2025-03-25,RTGC,EXCEL,NOT_APPLICABLE,EXCEL_NON_UJB_CATEGORY,63,63,0,12610.4,12610.4,0.0
2025-03-25,SUPPORT,EXCEL,NOT_APPLICABLE,EXCEL_SUPPORT_RETAINED_FORKLIFT_BRIDGE,3,3,0,215.70000000000002,215.70000000000002,0.0
2025-03-26,BUS,EXCEL,NOT_APPLICABLE,EXCEL_OUTSIDE_UJB_COVERAGE,3,3,0,150.46,150.46,0.0
2025-03-26,ELF,EXCEL,NOT_APPLICABLE,EXCEL_OUTSIDE_UJB_COVERAGE,3,3,0,108.07000000000001,108.07000000000001,0.0
2025-03-26,HEAD_TRUCK,EXCEL,NOT_APPLICABLE,EXCEL_OUTSIDE_UJB_COVERAGE,73,73,0,5347.46,5347.46,0.0
2025-03-26,KEND_OPS,EXCEL,NOT_APPLICABLE,EXCEL_OUTSIDE_UJB_COVERAGE,6,6,0,173.39,173.39,0.0
2025-03-26,MODUL,EXCEL,NOT_APPLICABLE,EXCEL_MODUL_AUTHORITATIVE_WHEN_PRESENT,1,1,0,0.0,0.0,0.0
2025-03-26,RTGC,EXCEL,NOT_APPLICABLE,EXCEL_NON_UJB_CATEGORY,63,63,0,12735.699999999999,12735.699999999999,0.0
2025-03-26,SUPPORT,EXCEL,NOT_APPLICABLE,EXCEL_SUPPORT_RETAINED_FORKLIFT_BRIDGE,5,5,0,251.92999999999998,251.92999999999998,0.0
2025-03-27,BUS,EXCEL,NOT_APPLICABLE,EXCEL_OUTSIDE_UJB_COVERAGE,3,3,0,145.22,145.22,0.0
2025-03-27,ELF,EXCEL,NOT_APPLICABLE,EXCEL_OUTSIDE_UJB_COVERAGE,3,3,0,105.38,105.38,0.0
2025-03-27,HEAD_TRUCK,EXCEL,NOT_APPLICABLE,EXCEL_OUTSIDE_UJB_COVERAGE,75,75,0,5231.28,5231.28,0.0
2025-03-27,KEND_OPS,EXCEL,NOT_APPLICABLE,EXCEL_OUTSIDE_UJB_COVERAGE,5,5,0,155.74,155.74,0.0
2025-03-27,MODUL,EXCEL,NOT_APPLICABLE,EXCEL_MODUL_AUTHORITATIVE_WHEN_PRESENT,1,1,0,0.0,0.0,0.0
2025-03-27,RTGC,EXCEL,NOT_APPLICABLE,EXCEL_NON_UJB_CATEGORY,63,63,0,11357.6,11357.6,0.0
2025-03-27,SUPPORT,EXCEL,NOT_APPLICABLE,EXCEL_SUPPORT_RETAINED_FORKLIFT_BRIDGE,5,5,0,210.42000000000002,210.42000000000002,0.0
2025-03-28,BUS,EXCEL,NOT_APPLICABLE,EXCEL_OUTSIDE_UJB_COVERAGE,3,3,0,147.75,147.75,0.0
2025-03-28,ELF,EXCEL,NOT_APPLICABLE,EXCEL_OUTSIDE_UJB_COVERAGE,3,3,0,103.34,103.34,0.0
2025-03-28,HEAD_TRUCK,EXCEL,NOT_APPLICABLE,EXCEL_OUTSIDE_UJB_COVERAGE,65,65,0,2914.37,2914.37,0.0
2025-03-28,KEND_OPS,EXCEL,NOT_APPLICABLE,EXCEL_OUTSIDE_UJB_COVERAGE,5,5,0,158.24,158.24,0.0
2025-03-28,MODUL,EXCEL,NOT_APPLICABLE,EXCEL_MODUL_AUTHORITATIVE_WHEN_PRESENT,1,1,0,0.0,0.0,0.0
2025-03-28,RTGC,EXCEL,NOT_APPLICABLE,EXCEL_NON_UJB_CATEGORY,63,63,0,12127.5,12127.5,0.0
2025-03-28,SUPPORT,EXCEL,NOT_APPLICABLE,EXCEL_SUPPORT_RETAINED_FORKLIFT_BRIDGE,5,5,0,211.66,211.66,0.0
2025-03-29,BUS,EXCEL,NOT_APPLICABLE,EXCEL_OUTSIDE_UJB_COVERAGE,3,3,0,146.22,146.22,0.0
2025-03-29,ELF,EXCEL,NOT_APPLICABLE,EXCEL_OUTSIDE_UJB_COVERAGE,3,3,0,93.47999999999999,93.47999999999999,0.0
2025-03-29,HEAD_TRUCK,EXCEL,NOT_APPLICABLE,EXCEL_OUTSIDE_UJB_COVERAGE,77,77,0,4708.22,4708.22,0.0
2025-03-29,KEND_OPS,EXCEL,NOT_APPLICABLE,EXCEL_OUTSIDE_UJB_COVERAGE,8,8,0,256.44,256.44,0.0
2025-03-29,MODUL,EXCEL,NOT_APPLICABLE,EXCEL_MODUL_AUTHORITATIVE_WHEN_PRESENT,1,1,0,0.0,0.0,0.0
2025-03-29,RTGC,EXCEL,NOT_APPLICABLE,EXCEL_NON_UJB_CATEGORY,63,63,0,9633.699999999999,9633.699999999999,0.0
2025-03-29,SUPPORT,EXCEL,NOT_APPLICABLE,EXCEL_SUPPORT_RETAINED_FORKLIFT_BRIDGE,5,5,0,338.16999999999996,338.16999999999996,0.0
2025-03-30,BUS,EXCEL,NOT_APPLICABLE,EXCEL_OUTSIDE_UJB_COVERAGE,3,3,0,136.61,136.61,0.0
2025-03-30,ELF,EXCEL,NOT_APPLICABLE,EXCEL_OUTSIDE_UJB_COVERAGE,3,3,0,112.07,112.07,0.0
2025-03-30,HEAD_TRUCK,EXCEL,NOT_APPLICABLE,EXCEL_OUTSIDE_UJB_COVERAGE,80,80,0,5754.76,5754.76,0.0
2025-03-30,KEND_OPS,EXCEL,NOT_APPLICABLE,EXCEL_OUTSIDE_UJB_COVERAGE,8,8,0,221.0,221.0,0.0
2025-03-30,MODUL,EXCEL,NOT_APPLICABLE,EXCEL_MODUL_AUTHORITATIVE_WHEN_PRESENT,1,1,0,0.0,0.0,0.0
2025-03-30,RTGC,EXCEL,NOT_APPLICABLE,EXCEL_NON_UJB_CATEGORY,63,63,0,10582.403,10582.403,0.0
2025-03-30,SUPPORT,EXCEL,NOT_APPLICABLE,EXCEL_SUPPORT_RETAINED_FORKLIFT_BRIDGE,7,7,0,354.27,354.27,0.0
2025-03-31,MODUL,EXCEL,NOT_APPLICABLE,EXCEL_MODUL_AUTHORITATIVE_WHEN_PRESENT,1,1,0,0.0,0.0,0.0
2025-03-31,RTGC,EXCEL,NOT_APPLICABLE,EXCEL_NON_UJB_CATEGORY,1,1,0,0.0,0.0,0.0
2025-04-01,BUS,EXCEL,NOT_APPLICABLE,EXCEL_OUTSIDE_UJB_COVERAGE,3,3,0,151.04,151.04,0.0
2025-04-01,ELF,EXCEL,NOT_APPLICABLE,EXCEL_OUTSIDE_UJB_COVERAGE,3,3,0,107.55,107.55,0.0
2025-04-01,HEAD_TRUCK,EXCEL,NOT_APPLICABLE,EXCEL_OUTSIDE_UJB_COVERAGE,80,80,0,5455.48,5455.48,0.0
2025-04-01,KEND_OPS,EXCEL,NOT_APPLICABLE,EXCEL_OUTSIDE_UJB_COVERAGE,5,5,0,138.31,138.31,0.0
2025-04-01,MODUL,EXCEL,NOT_APPLICABLE,EXCEL_MODUL_AUTHORITATIVE_WHEN_PRESENT,1,1,0,0.0,0.0,0.0
2025-04-01,RTGC,EXCEL,NOT_APPLICABLE,EXCEL_NON_UJB_CATEGORY,63,63,0,7167.2,7167.2,0.0
2025-04-01,SUPPORT,EXCEL,NOT_APPLICABLE,EXCEL_SUPPORT_RETAINED_FORKLIFT_BRIDGE,4,4,0,345.58,345.58,0.0
2025-04-02,BUS,EXCEL,NOT_APPLICABLE,EXCEL_OUTSIDE_UJB_COVERAGE,3,3,0,150.82,150.82,0.0
2025-04-02,ELF,EXCEL,NOT_APPLICABLE,EXCEL_OUTSIDE_UJB_COVERAGE,3,3,0,95.69,95.69,0.0
2025-04-02,HEAD_TRUCK,EXCEL,NOT_APPLICABLE,EXCEL_OUTSIDE_UJB_COVERAGE,76,76,0,5866.2,5866.2,0.0
2025-04-02,KEND_OPS,EXCEL,NOT_APPLICABLE,EXCEL_OUTSIDE_UJB_COVERAGE,7,7,0,196.29,196.29,0.0
2025-04-02,MODUL,EXCEL,NOT_APPLICABLE,EXCEL_MODUL_AUTHORITATIVE_WHEN_PRESENT,1,1,0,0.0,0.0,0.0
2025-04-02,RTGC,EXCEL,NOT_APPLICABLE,EXCEL_NON_UJB_CATEGORY,63,63,0,6291.9,6291.9,0.0
2025-04-02,SUPPORT,EXCEL,NOT_APPLICABLE,EXCEL_SUPPORT_RETAINED_FORKLIFT_BRIDGE,3,3,0,290.01,290.01,0.0
2025-04-03,BUS,EXCEL,NOT_APPLICABLE,EXCEL_OUTSIDE_UJB_COVERAGE,3,3,0,148.09,148.09,0.0
2025-04-03,ELF,EXCEL,NOT_APPLICABLE,EXCEL_OUTSIDE_UJB_COVERAGE,3,3,0,97.43,97.43,0.0
2025-04-03,HEAD_TRUCK,EXCEL,NOT_APPLICABLE,EXCEL_OUTSIDE_UJB_COVERAGE,79,79,0,6110.01,6110.01,0.0
2025-04-03,KEND_OPS,EXCEL,NOT_APPLICABLE,EXCEL_OUTSIDE_UJB_COVERAGE,8,8,0,293.14,293.14,0.0
2025-04-03,MODUL,EXCEL,NOT_APPLICABLE,EXCEL_MODUL_AUTHORITATIVE_WHEN_PRESENT,1,1,0,0.0,0.0,0.0
2025-04-03,RTGC,EXCEL,NOT_APPLICABLE,EXCEL_NON_UJB_CATEGORY,63,63,0,7443.4,7443.4,0.0
2025-04-03,SUPPORT,EXCEL,NOT_APPLICABLE,EXCEL_SUPPORT_RETAINED_FORKLIFT_BRIDGE,4,4,0,282.63,282.63,0.0
2025-04-04,BUS,EXCEL,NOT_APPLICABLE,EXCEL_OUTSIDE_UJB_COVERAGE,3,3,0,142.1,142.1,0.0
2025-04-04,ELF,EXCEL,NOT_APPLICABLE,EXCEL_OUTSIDE_UJB_COVERAGE,3,3,0,96.72,96.72,0.0
2025-04-04,HEAD_TRUCK,EXCEL,NOT_APPLICABLE,EXCEL_OUTSIDE_UJB_COVERAGE,68,68,0,4481.72,4481.72,0.0
2025-04-04,KEND_OPS,EXCEL,NOT_APPLICABLE,EXCEL_OUTSIDE_UJB_COVERAGE,7,7,0,166.38,166.38,0.0
2025-04-04,MODUL,EXCEL,NOT_APPLICABLE,EXCEL_MODUL_AUTHORITATIVE_WHEN_PRESENT,1,1,0,0.0,0.0,0.0
2025-04-04,RTGC,EXCEL,NOT_APPLICABLE,EXCEL_NON_UJB_CATEGORY,63,63,0,11267.0,11267.0,0.0
2025-04-04,SUPPORT,EXCEL,NOT_APPLICABLE,EXCEL_SUPPORT_RETAINED_FORKLIFT_BRIDGE,5,5,0,302.78999999999996,302.78999999999996,0.0
2025-04-05,BUS,EXCEL,NOT_APPLICABLE,EXCEL_OUTSIDE_UJB_COVERAGE,3,3,0,139.13,139.13,0.0
2025-04-05,ELF,EXCEL,NOT_APPLICABLE,EXCEL_OUTSIDE_UJB_COVERAGE,3,3,0,95.94,95.94,0.0
2025-04-05,HEAD_TRUCK,EXCEL,NOT_APPLICABLE,EXCEL_OUTSIDE_UJB_COVERAGE,75,75,0,3797.41,3797.41,0.0
2025-04-05,KEND_OPS,EXCEL,NOT_APPLICABLE,EXCEL_OUTSIDE_UJB_COVERAGE,4,4,0,98.3,98.3,0.0
2025-04-05,MODUL,EXCEL,NOT_APPLICABLE,EXCEL_MODUL_AUTHORITATIVE_WHEN_PRESENT,1,1,0,0.0,0.0,0.0
2025-04-05,RTGC,EXCEL,NOT_APPLICABLE,EXCEL_NON_UJB_CATEGORY,63,63,0,7314.1,7314.1,0.0
2025-04-05,SUPPORT,EXCEL,NOT_APPLICABLE,EXCEL_SUPPORT_RETAINED_FORKLIFT_BRIDGE,4,4,0,307.39,307.39,0.0
2025-04-06,BUS,EXCEL,NOT_APPLICABLE,EXCEL_OUTSIDE_UJB_COVERAGE,3,3,0,136.91,136.91,0.0
2025-04-06,ELF,EXCEL,NOT_APPLICABLE,EXCEL_OUTSIDE_UJB_COVERAGE,3,3,0,104.72999999999999,104.72999999999999,0.0
2025-04-06,HEAD_TRUCK,EXCEL,NOT_APPLICABLE,EXCEL_OUTSIDE_UJB_COVERAGE,73,73,0,4377.57,4377.57,0.0
2025-04-06,KEND_OPS,EXCEL,NOT_APPLICABLE,EXCEL_OUTSIDE_UJB_COVERAGE,3,3,0,97.75,97.75,0.0
2025-04-06,MODUL,EXCEL,NOT_APPLICABLE,EXCEL_MODUL_AUTHORITATIVE_WHEN_PRESENT,1,1,0,0.0,0.0,0.0
2025-04-06,RTGC,EXCEL,NOT_APPLICABLE,EXCEL_NON_UJB_CATEGORY,63,63,0,6746.7,6746.7,0.0
2025-04-06,SUPPORT,EXCEL,NOT_APPLICABLE,EXCEL_SUPPORT_RETAINED_FORKLIFT_BRIDGE,4,4,0,203.36,203.36,0.0
2025-04-07,BUS,EXCEL,NOT_APPLICABLE,EXCEL_OUTSIDE_UJB_COVERAGE,3,3,0,122.67,122.67,0.0
2025-04-07,ELF,EXCEL,NOT_APPLICABLE,EXCEL_OUTSIDE_UJB_COVERAGE,3,3,0,103.0,103.0,0.0
2025-04-07,HEAD_TRUCK,EXCEL,NOT_APPLICABLE,EXCEL_OUTSIDE_UJB_COVERAGE,71,71,0,5102.18,5102.18,0.0
2025-04-07,KEND_OPS,EXCEL,NOT_APPLICABLE,EXCEL_OUTSIDE_UJB_COVERAGE,4,4,0,99.67,99.67,0.0
2025-04-07,MODUL,EXCEL,NOT_APPLICABLE,EXCEL_MODUL_AUTHORITATIVE_WHEN_PRESENT,1,1,0,0.0,0.0,0.0
2025-04-07,RTGC,EXCEL,NOT_APPLICABLE,EXCEL_NON_UJB_CATEGORY,63,63,0,8357.2,8357.2,0.0
2025-04-07,SUPPORT,EXCEL,NOT_APPLICABLE,EXCEL_SUPPORT_RETAINED_FORKLIFT_BRIDGE,4,4,0,298.08,298.08,0.0
2025-04-08,BUS,EXCEL,NOT_APPLICABLE,EXCEL_OUTSIDE_UJB_COVERAGE,3,3,0,136.81,136.81,0.0
2025-04-08,ELF,EXCEL,NOT_APPLICABLE,EXCEL_OUTSIDE_UJB_COVERAGE,3,3,0,105.74000000000001,105.74000000000001,0.0
2025-04-08,HEAD_TRUCK,EXCEL,NOT_APPLICABLE,EXCEL_OUTSIDE_UJB_COVERAGE,75,75,0,4452.45,4452.45,0.0
2025-04-08,KEND_OPS,EXCEL,NOT_APPLICABLE,EXCEL_OUTSIDE_UJB_COVERAGE,8,8,0,251.89000000000001,251.89000000000001,0.0
2025-04-08,MODUL,EXCEL,NOT_APPLICABLE,EXCEL_MODUL_AUTHORITATIVE_WHEN_PRESENT,1,1,0,0.0,0.0,0.0
2025-04-08,RTGC,EXCEL,NOT_APPLICABLE,EXCEL_NON_UJB_CATEGORY,63,63,0,8648.9,8648.9,0.0
2025-04-08,SUPPORT,EXCEL,NOT_APPLICABLE,EXCEL_SUPPORT_RETAINED_FORKLIFT_BRIDGE,5,5,0,287.48,287.48,0.0
2025-04-09,BUS,EXCEL,NOT_APPLICABLE,EXCEL_OUTSIDE_UJB_COVERAGE,3,3,0,139.91,139.91,0.0
2025-04-09,ELF,EXCEL,NOT_APPLICABLE,EXCEL_OUTSIDE_UJB_COVERAGE,3,3,0,107.69,107.69,0.0
2025-04-09,HEAD_TRUCK,EXCEL,NOT_APPLICABLE,EXCEL_OUTSIDE_UJB_COVERAGE,71,71,0,5018.83,5018.83,0.0
2025-04-09,KEND_OPS,EXCEL,NOT_APPLICABLE,EXCEL_OUTSIDE_UJB_COVERAGE,9,9,0,205.63,205.63,0.0
2025-04-09,MODUL,EXCEL,NOT_APPLICABLE,EXCEL_MODUL_AUTHORITATIVE_WHEN_PRESENT,1,1,0,0.0,0.0,0.0
2025-04-09,RTGC,EXCEL,NOT_APPLICABLE,EXCEL_NON_UJB_CATEGORY,63,63,0,9790.5,9790.5,0.0
2025-04-09,SUPPORT,EXCEL,NOT_APPLICABLE,EXCEL_SUPPORT_RETAINED_FORKLIFT_BRIDGE,5,5,0,316.92999999999995,316.92999999999995,0.0
2025-04-10,BUS,EXCEL,NOT_APPLICABLE,EXCEL_OUTSIDE_UJB_COVERAGE,3,3,0,149.01999999999998,149.01999999999998,0.0
2025-04-10,ELF,EXCEL,NOT_APPLICABLE,EXCEL_OUTSIDE_UJB_COVERAGE,3,3,0,106.99000000000001,106.99000000000001,0.0
2025-04-10,HEAD_TRUCK,EXCEL,NOT_APPLICABLE,EXCEL_OUTSIDE_UJB_COVERAGE,78,78,0,6210.52,6210.52,0.0
2025-04-10,KEND_OPS,EXCEL,NOT_APPLICABLE,EXCEL_OUTSIDE_UJB_COVERAGE,10,10,0,250.58,250.58,0.0
2025-04-10,MODUL,EXCEL,NOT_APPLICABLE,EXCEL_MODUL_AUTHORITATIVE_WHEN_PRESENT,1,1,0,0.0,0.0,0.0
2025-04-10,RTGC,EXCEL,NOT_APPLICABLE,EXCEL_NON_UJB_CATEGORY,63,63,0,12818.3,12818.3,0.0
2025-04-10,SUPPORT,EXCEL,NOT_APPLICABLE,EXCEL_SUPPORT_RETAINED_FORKLIFT_BRIDGE,4,4,0,425.57,425.57,0.0
2025-04-11,BUS,EXCEL,NOT_APPLICABLE,EXCEL_OUTSIDE_UJB_COVERAGE,3,3,0,149.75,149.75,0.0
2025-04-11,ELF,EXCEL,NOT_APPLICABLE,EXCEL_OUTSIDE_UJB_COVERAGE,3,3,0,104.44,104.44,0.0
2025-04-11,HEAD_TRUCK,EXCEL,NOT_APPLICABLE,EXCEL_OUTSIDE_UJB_COVERAGE,81,81,0,6071.65,6071.65,0.0
2025-04-11,KEND_OPS,EXCEL,NOT_APPLICABLE,EXCEL_OUTSIDE_UJB_COVERAGE,9,9,0,262.69,262.69,0.0
2025-04-11,MODUL,EXCEL,NOT_APPLICABLE,EXCEL_MODUL_AUTHORITATIVE_WHEN_PRESENT,1,1,0,0.0,0.0,0.0
2025-04-11,RTGC,EXCEL,NOT_APPLICABLE,EXCEL_NON_UJB_CATEGORY,63,63,0,13217.8,13217.8,0.0
2025-04-11,SUPPORT,EXCEL,NOT_APPLICABLE,EXCEL_SUPPORT_RETAINED_FORKLIFT_BRIDGE,4,4,0,346.32000000000005,346.32000000000005,0.0
2025-04-12,BUS,EXCEL,NOT_APPLICABLE,EXCEL_OUTSIDE_UJB_COVERAGE,3,3,0,149.52,149.52,0.0
2025-04-12,ELF,EXCEL,NOT_APPLICABLE,EXCEL_OUTSIDE_UJB_COVERAGE,3,3,0,110.44999999999999,110.44999999999999,0.0
2025-04-12,HEAD_TRUCK,EXCEL,NOT_APPLICABLE,EXCEL_OUTSIDE_UJB_COVERAGE,82,82,0,5663.39,5663.39,0.0
2025-04-12,KEND_OPS,EXCEL,NOT_APPLICABLE,EXCEL_OUTSIDE_UJB_COVERAGE,10,10,0,237.29,237.29,0.0
2025-04-12,MODUL,EXCEL,NOT_APPLICABLE,EXCEL_MODUL_AUTHORITATIVE_WHEN_PRESENT,1,1,0,0.0,0.0,0.0
2025-04-12,RTGC,EXCEL,NOT_APPLICABLE,EXCEL_NON_UJB_CATEGORY,63,63,0,12642.1,12642.1,0.0
2025-04-12,SUPPORT,EXCEL,NOT_APPLICABLE,EXCEL_SUPPORT_RETAINED_FORKLIFT_BRIDGE,5,5,0,406.51,406.51,0.0
2025-04-13,BUS,EXCEL,NOT_APPLICABLE,EXCEL_OUTSIDE_UJB_COVERAGE,3,3,0,149.36,149.36,0.0
2025-04-13,ELF,EXCEL,NOT_APPLICABLE,EXCEL_OUTSIDE_UJB_COVERAGE,3,3,0,102.49,102.49,0.0
2025-04-13,HEAD_TRUCK,EXCEL,NOT_APPLICABLE,EXCEL_OUTSIDE_UJB_COVERAGE,77,77,0,6185.74,6185.74,0.0
2025-04-13,KEND_OPS,EXCEL,NOT_APPLICABLE,EXCEL_OUTSIDE_UJB_COVERAGE,3,3,0,39.94,39.94,0.0
2025-04-13,MODUL,EXCEL,NOT_APPLICABLE,EXCEL_MODUL_AUTHORITATIVE_WHEN_PRESENT,1,1,0,0.0,0.0,0.0
2025-04-13,RTGC,EXCEL,NOT_APPLICABLE,EXCEL_NON_UJB_CATEGORY,63,63,0,11942.2,11942.2,0.0
2025-04-13,SUPPORT,EXCEL,NOT_APPLICABLE,EXCEL_SUPPORT_RETAINED_FORKLIFT_BRIDGE,4,4,0,433.73,433.73,0.0
2025-04-14,BUS,EXCEL,NOT_APPLICABLE,EXCEL_OUTSIDE_UJB_COVERAGE,3,3,0,141.47,141.47,0.0
2025-04-14,ELF,EXCEL,NOT_APPLICABLE,EXCEL_OUTSIDE_UJB_COVERAGE,3,3,0,112.18,112.18,0.0
2025-04-14,HEAD_TRUCK,EXCEL,NOT_APPLICABLE,EXCEL_OUTSIDE_UJB_COVERAGE,79,79,0,5880.12,5880.12,0.0
2025-04-14,KEND_OPS,EXCEL,NOT_APPLICABLE,EXCEL_OUTSIDE_UJB_COVERAGE,8,8,0,185.67000000000002,185.67000000000002,0.0
2025-04-14,MODUL,EXCEL,NOT_APPLICABLE,EXCEL_MODUL_AUTHORITATIVE_WHEN_PRESENT,1,1,0,0.0,0.0,0.0
2025-04-14,RTGC,EXCEL,NOT_APPLICABLE,EXCEL_NON_UJB_CATEGORY,63,63,0,10100.8,10100.8,0.0
2025-04-14,SUPPORT,EXCEL,NOT_APPLICABLE,EXCEL_SUPPORT_RETAINED_FORKLIFT_BRIDGE,5,5,0,431.02000000000004,431.02000000000004,0.0
2025-04-15,BUS,EXCEL,NOT_APPLICABLE,EXCEL_OUTSIDE_UJB_COVERAGE,3,3,0,150.78,150.78,0.0
2025-04-15,ELF,EXCEL,NOT_APPLICABLE,EXCEL_OUTSIDE_UJB_COVERAGE,3,3,0,112.06,112.06,0.0
2025-04-15,HEAD_TRUCK,EXCEL,NOT_APPLICABLE,EXCEL_OUTSIDE_UJB_COVERAGE,80,80,0,6444.69,6444.69,0.0
2025-04-15,KEND_OPS,EXCEL,NOT_APPLICABLE,EXCEL_OUTSIDE_UJB_COVERAGE,7,7,0,155.94,155.94,0.0
2025-04-15,MODUL,EXCEL,NOT_APPLICABLE,EXCEL_MODUL_AUTHORITATIVE_WHEN_PRESENT,1,1,0,0.0,0.0,0.0
2025-04-15,RTGC,EXCEL,NOT_APPLICABLE,EXCEL_NON_UJB_CATEGORY,63,63,0,12227.3,12227.3,0.0
2025-04-15,SUPPORT,EXCEL,NOT_APPLICABLE,EXCEL_SUPPORT_RETAINED_FORKLIFT_BRIDGE,3,3,0,212.91,212.91,0.0
2025-04-16,BUS,EXCEL,NOT_APPLICABLE,EXCEL_OUTSIDE_UJB_COVERAGE,3,3,0,151.06,151.06,0.0
2025-04-16,ELF,EXCEL,NOT_APPLICABLE,EXCEL_OUTSIDE_UJB_COVERAGE,3,3,0,99.43,99.43,0.0
2025-04-16,HEAD_TRUCK,EXCEL,NOT_APPLICABLE,EXCEL_OUTSIDE_UJB_COVERAGE,77,77,0,5697.46,5697.46,0.0
2025-04-16,KEND_OPS,EXCEL,NOT_APPLICABLE,EXCEL_OUTSIDE_UJB_COVERAGE,11,11,0,299.87,299.87,0.0
2025-04-16,MODUL,EXCEL,NOT_APPLICABLE,EXCEL_MODUL_AUTHORITATIVE_WHEN_PRESENT,1,1,0,0.0,0.0,0.0
2025-04-16,RTGC,EXCEL,NOT_APPLICABLE,EXCEL_NON_UJB_CATEGORY,63,63,0,12164.7,12164.7,0.0
2025-04-16,SUPPORT,EXCEL,NOT_APPLICABLE,EXCEL_SUPPORT_RETAINED_FORKLIFT_BRIDGE,4,4,0,422.32,422.32,0.0
2025-04-17,BUS,EXCEL,NOT_APPLICABLE,EXCEL_OUTSIDE_UJB_COVERAGE,3,3,0,150.7,150.7,0.0
2025-04-17,ELF,EXCEL,NOT_APPLICABLE,EXCEL_OUTSIDE_UJB_COVERAGE,3,3,0,99.71000000000001,99.71000000000001,0.0
2025-04-17,HEAD_TRUCK,EXCEL,NOT_APPLICABLE,EXCEL_OUTSIDE_UJB_COVERAGE,77,77,0,5515.42,5515.42,0.0
2025-04-17,KEND_OPS,EXCEL,NOT_APPLICABLE,EXCEL_OUTSIDE_UJB_COVERAGE,10,10,0,302.7,302.7,0.0
2025-04-17,MODUL,EXCEL,NOT_APPLICABLE,EXCEL_MODUL_AUTHORITATIVE_WHEN_PRESENT,1,1,0,0.0,0.0,0.0
2025-04-17,RTGC,EXCEL,NOT_APPLICABLE,EXCEL_NON_UJB_CATEGORY,63,63,0,11392.3,11392.3,0.0
2025-04-17,SUPPORT,EXCEL,NOT_APPLICABLE,EXCEL_SUPPORT_RETAINED_FORKLIFT_BRIDGE,5,5,0,522.5,522.5,0.0
2025-04-18,BUS,EXCEL,NOT_APPLICABLE,EXCEL_OUTSIDE_UJB_COVERAGE,3,3,0,150.6,150.6,0.0
2025-04-18,ELF,EXCEL,NOT_APPLICABLE,EXCEL_OUTSIDE_UJB_COVERAGE,3,3,0,99.72999999999999,99.72999999999999,0.0
2025-04-18,HEAD_TRUCK,EXCEL,NOT_APPLICABLE,EXCEL_OUTSIDE_UJB_COVERAGE,66,66,0,4629.3,4629.3,0.0
2025-04-18,KEND_OPS,EXCEL,NOT_APPLICABLE,EXCEL_OUTSIDE_UJB_COVERAGE,8,8,0,188.61,188.61,0.0
2025-04-18,MODUL,EXCEL,NOT_APPLICABLE,EXCEL_MODUL_AUTHORITATIVE_WHEN_PRESENT,1,1,0,0.0,0.0,0.0
2025-04-18,RTGC,EXCEL,NOT_APPLICABLE,EXCEL_NON_UJB_CATEGORY,63,63,0,13905.4,13905.4,0.0
2025-04-18,SUPPORT,EXCEL,NOT_APPLICABLE,EXCEL_SUPPORT_RETAINED_FORKLIFT_BRIDGE,3,3,0,187.77,187.77,0.0
2025-04-19,BUS,EXCEL,NOT_APPLICABLE,EXCEL_OUTSIDE_UJB_COVERAGE,3,3,0,145.99,145.99,0.0
2025-04-19,ELF,EXCEL,NOT_APPLICABLE,EXCEL_OUTSIDE_UJB_COVERAGE,3,3,0,102.1,102.1,0.0
2025-04-19,HEAD_TRUCK,EXCEL,NOT_APPLICABLE,EXCEL_OUTSIDE_UJB_COVERAGE,83,83,0,6530.81,6530.81,0.0
2025-04-19,KEND_OPS,EXCEL,NOT_APPLICABLE,EXCEL_OUTSIDE_UJB_COVERAGE,9,9,0,208.92000000000002,208.92000000000002,0.0
2025-04-19,MODUL,EXCEL,NOT_APPLICABLE,EXCEL_MODUL_AUTHORITATIVE_WHEN_PRESENT,1,1,0,0.0,0.0,0.0
2025-04-19,RTGC,EXCEL,NOT_APPLICABLE,EXCEL_NON_UJB_CATEGORY,63,63,0,11713.1,11713.1,0.0
2025-04-19,SUPPORT,EXCEL,NOT_APPLICABLE,EXCEL_SUPPORT_RETAINED_FORKLIFT_BRIDGE,6,6,0,291.22,291.22,0.0
2025-04-20,BUS,EXCEL,NOT_APPLICABLE,EXCEL_OUTSIDE_UJB_COVERAGE,3,3,0,146.84,146.84,0.0
2025-04-20,ELF,EXCEL,NOT_APPLICABLE,EXCEL_OUTSIDE_UJB_COVERAGE,3,3,0,121.14,121.14,0.0
2025-04-20,HEAD_TRUCK,EXCEL,NOT_APPLICABLE,EXCEL_OUTSIDE_UJB_COVERAGE,80,80,0,6462.42,6462.42,0.0
2025-04-20,KEND_OPS,EXCEL,NOT_APPLICABLE,EXCEL_OUTSIDE_UJB_COVERAGE,7,7,0,175.71,175.71,0.0
2025-04-20,MODUL,EXCEL,NOT_APPLICABLE,EXCEL_MODUL_AUTHORITATIVE_WHEN_PRESENT,1,1,0,0.0,0.0,0.0
2025-04-20,RTGC,EXCEL,NOT_APPLICABLE,EXCEL_NON_UJB_CATEGORY,63,63,0,10967.9,10967.9,0.0
2025-04-20,SUPPORT,EXCEL,NOT_APPLICABLE,EXCEL_SUPPORT_RETAINED_FORKLIFT_BRIDGE,3,3,0,363.70000000000005,363.70000000000005,0.0
2025-04-21,BUS,EXCEL,NOT_APPLICABLE,EXCEL_OUTSIDE_UJB_COVERAGE,3,3,0,144.69,144.69,0.0
2025-04-21,ELF,EXCEL,NOT_APPLICABLE,EXCEL_OUTSIDE_UJB_COVERAGE,3,3,0,110.53,110.53,0.0
2025-04-21,HEAD_TRUCK,EXCEL,NOT_APPLICABLE,EXCEL_OUTSIDE_UJB_COVERAGE,79,79,0,5391.76,5391.76,0.0
2025-04-21,KEND_OPS,EXCEL,NOT_APPLICABLE,EXCEL_OUTSIDE_UJB_COVERAGE,5,5,0,101.1,101.1,0.0
2025-04-21,MODUL,EXCEL,NOT_APPLICABLE,EXCEL_MODUL_AUTHORITATIVE_WHEN_PRESENT,1,1,0,0.0,0.0,0.0
2025-04-21,RTGC,EXCEL,NOT_APPLICABLE,EXCEL_NON_UJB_CATEGORY,63,63,0,11584.5,11584.5,0.0
2025-04-21,SUPPORT,EXCEL,NOT_APPLICABLE,EXCEL_SUPPORT_RETAINED_FORKLIFT_BRIDGE,5,5,0,377.75,377.75,0.0
2025-04-22,BUS,EXCEL,NOT_APPLICABLE,EXCEL_OUTSIDE_UJB_COVERAGE,3,3,0,149.22,149.22,0.0
2025-04-22,ELF,EXCEL,NOT_APPLICABLE,EXCEL_OUTSIDE_UJB_COVERAGE,3,3,0,102.36,102.36,0.0
2025-04-22,HEAD_TRUCK,EXCEL,NOT_APPLICABLE,EXCEL_OUTSIDE_UJB_COVERAGE,80,80,0,6083.75,6083.75,0.0
2025-04-22,KEND_OPS,EXCEL,NOT_APPLICABLE,EXCEL_OUTSIDE_UJB_COVERAGE,8,8,0,148.28,148.28,0.0
2025-04-22,MODUL,EXCEL,NOT_APPLICABLE,EXCEL_MODUL_AUTHORITATIVE_WHEN_PRESENT,1,1,0,0.0,0.0,0.0
2025-04-22,RTGC,EXCEL,NOT_APPLICABLE,EXCEL_NON_UJB_CATEGORY,63,63,0,12025.0,12025.0,0.0
2025-04-22,SUPPORT,EXCEL,NOT_APPLICABLE,EXCEL_SUPPORT_RETAINED_FORKLIFT_BRIDGE,4,4,0,324.87,324.87,0.0
2025-04-23,BUS,EXCEL,NOT_APPLICABLE,EXCEL_OUTSIDE_UJB_COVERAGE,3,3,0,151.64,151.64,0.0
2025-04-23,ELF,EXCEL,NOT_APPLICABLE,EXCEL_OUTSIDE_UJB_COVERAGE,3,3,0,106.88,106.88,0.0
2025-04-23,HEAD_TRUCK,EXCEL,NOT_APPLICABLE,EXCEL_OUTSIDE_UJB_COVERAGE,80,80,0,5058.67,5058.67,0.0
2025-04-23,KEND_OPS,EXCEL,NOT_APPLICABLE,EXCEL_OUTSIDE_UJB_COVERAGE,11,11,0,315.95,315.95,0.0
2025-04-23,MODUL,EXCEL,NOT_APPLICABLE,EXCEL_MODUL_AUTHORITATIVE_WHEN_PRESENT,1,1,0,0.0,0.0,0.0
2025-04-23,RTGC,EXCEL,NOT_APPLICABLE,EXCEL_NON_UJB_CATEGORY,63,63,0,12248.699999999999,12248.699999999999,0.0
2025-04-23,SUPPORT,EXCEL,NOT_APPLICABLE,EXCEL_SUPPORT_RETAINED_FORKLIFT_BRIDGE,3,3,0,280.49,280.49,0.0
2025-04-24,BUS,EXCEL,NOT_APPLICABLE,EXCEL_OUTSIDE_UJB_COVERAGE,3,3,0,150.43,150.43,0.0
2025-04-24,ELF,EXCEL,NOT_APPLICABLE,EXCEL_OUTSIDE_UJB_COVERAGE,3,3,0,105.78999999999999,105.78999999999999,0.0
2025-04-24,HEAD_TRUCK,EXCEL,NOT_APPLICABLE,EXCEL_OUTSIDE_UJB_COVERAGE,81,81,0,6207.77,6207.77,0.0
2025-04-24,KEND_OPS,EXCEL,NOT_APPLICABLE,EXCEL_OUTSIDE_UJB_COVERAGE,8,8,0,197.56,197.56,0.0
2025-04-24,MODUL,EXCEL,NOT_APPLICABLE,EXCEL_MODUL_AUTHORITATIVE_WHEN_PRESENT,1,1,0,0.0,0.0,0.0
2025-04-24,RTGC,EXCEL,NOT_APPLICABLE,EXCEL_NON_UJB_CATEGORY,63,63,0,11791.0,11791.0,0.0
2025-04-24,SUPPORT,EXCEL,NOT_APPLICABLE,EXCEL_SUPPORT_RETAINED_FORKLIFT_BRIDGE,6,6,0,667.28,667.28,0.0
2025-04-25,BUS,EXCEL,NOT_APPLICABLE,EXCEL_OUTSIDE_UJB_COVERAGE,3,3,0,143.78,143.78,0.0
2025-04-25,ELF,EXCEL,NOT_APPLICABLE,EXCEL_OUTSIDE_UJB_COVERAGE,3,3,0,118.81,118.81,0.0
2025-04-25,HEAD_TRUCK,EXCEL,NOT_APPLICABLE,EXCEL_OUTSIDE_UJB_COVERAGE,80,80,0,5548.42,5548.42,0.0
2025-04-25,KEND_OPS,EXCEL,NOT_APPLICABLE,EXCEL_OUTSIDE_UJB_COVERAGE,6,6,0,137.13,137.13,0.0
2025-04-25,MODUL,EXCEL,NOT_APPLICABLE,EXCEL_MODUL_AUTHORITATIVE_WHEN_PRESENT,1,1,0,0.0,0.0,0.0
2025-04-25,RTGC,EXCEL,NOT_APPLICABLE,EXCEL_NON_UJB_CATEGORY,63,63,0,13732.1,13732.1,0.0
2025-04-25,SUPPORT,EXCEL,NOT_APPLICABLE,EXCEL_SUPPORT_RETAINED_FORKLIFT_BRIDGE,3,3,0,236.22,236.22,0.0
2025-04-26,BUS,EXCEL,NOT_APPLICABLE,EXCEL_OUTSIDE_UJB_COVERAGE,3,3,0,138.17,138.17,0.0
2025-04-26,ELF,EXCEL,NOT_APPLICABLE,EXCEL_OUTSIDE_UJB_COVERAGE,3,3,0,112.67,112.67,0.0
2025-04-26,HEAD_TRUCK,EXCEL,NOT_APPLICABLE,EXCEL_OUTSIDE_UJB_COVERAGE,78,78,0,5078.5,5078.5,0.0
2025-04-26,KEND_OPS,EXCEL,NOT_APPLICABLE,EXCEL_OUTSIDE_UJB_COVERAGE,3,3,0,85.03999999999999,85.03999999999999,0.0
2025-04-26,MODUL,EXCEL,NOT_APPLICABLE,EXCEL_MODUL_AUTHORITATIVE_WHEN_PRESENT,1,1,0,0.0,0.0,0.0
2025-04-26,RTGC,EXCEL,NOT_APPLICABLE,EXCEL_NON_UJB_CATEGORY,63,63,0,10873.7,10873.7,0.0
2025-04-26,SUPPORT,EXCEL,NOT_APPLICABLE,EXCEL_SUPPORT_RETAINED_FORKLIFT_BRIDGE,4,4,0,218.13,218.13,0.0
2025-04-27,BUS,EXCEL,NOT_APPLICABLE,EXCEL_OUTSIDE_UJB_COVERAGE,3,3,0,146.64,146.64,0.0
2025-04-27,ELF,EXCEL,NOT_APPLICABLE,EXCEL_OUTSIDE_UJB_COVERAGE,3,3,0,115.79,115.79,0.0
2025-04-27,HEAD_TRUCK,EXCEL,NOT_APPLICABLE,EXCEL_OUTSIDE_UJB_COVERAGE,78,78,0,6145.66,6145.66,0.0
2025-04-27,KEND_OPS,EXCEL,NOT_APPLICABLE,EXCEL_OUTSIDE_UJB_COVERAGE,3,3,0,108.67,108.67,0.0
2025-04-27,MODUL,EXCEL,NOT_APPLICABLE,EXCEL_MODUL_AUTHORITATIVE_WHEN_PRESENT,1,1,0,0.0,0.0,0.0
2025-04-27,RTGC,EXCEL,NOT_APPLICABLE,EXCEL_NON_UJB_CATEGORY,63,63,0,10197.4,10197.4,0.0
2025-04-27,SUPPORT,EXCEL,NOT_APPLICABLE,EXCEL_SUPPORT_RETAINED_FORKLIFT_BRIDGE,4,4,0,185.56,185.56,0.0
2025-04-28,BUS,EXCEL,NOT_APPLICABLE,EXCEL_OUTSIDE_UJB_COVERAGE,3,3,0,149.5,149.5,0.0
2025-04-28,ELF,EXCEL,NOT_APPLICABLE,EXCEL_OUTSIDE_UJB_COVERAGE,3,3,0,117.35,117.35,0.0
2025-04-28,HEAD_TRUCK,EXCEL,NOT_APPLICABLE,EXCEL_OUTSIDE_UJB_COVERAGE,80,80,0,6296.89,6296.89,0.0
2025-04-28,KEND_OPS,EXCEL,NOT_APPLICABLE,EXCEL_OUTSIDE_UJB_COVERAGE,12,12,0,335.90999999999997,335.90999999999997,0.0
2025-04-28,MODUL,EXCEL,NOT_APPLICABLE,EXCEL_MODUL_AUTHORITATIVE_WHEN_PRESENT,1,1,0,0.0,0.0,0.0
2025-04-28,RTGC,EXCEL,NOT_APPLICABLE,EXCEL_NON_UJB_CATEGORY,63,63,0,10590.0,10590.0,0.0
2025-04-28,SUPPORT,EXCEL,NOT_APPLICABLE,EXCEL_SUPPORT_RETAINED_FORKLIFT_BRIDGE,4,4,0,316.1,316.1,0.0
2025-04-29,BUS,EXCEL,NOT_APPLICABLE,EXCEL_OUTSIDE_UJB_COVERAGE,3,3,0,143.54000000000002,143.54000000000002,0.0
2025-04-29,ELF,EXCEL,NOT_APPLICABLE,EXCEL_OUTSIDE_UJB_COVERAGE,3,3,0,108.72999999999999,108.72999999999999,0.0
2025-04-29,HEAD_TRUCK,EXCEL,NOT_APPLICABLE,EXCEL_OUTSIDE_UJB_COVERAGE,71,71,0,4256.83,4256.83,0.0
2025-04-29,KEND_OPS,EXCEL,NOT_APPLICABLE,EXCEL_OUTSIDE_UJB_COVERAGE,3,3,0,57.980000000000004,57.980000000000004,0.0
2025-04-29,MODUL,EXCEL,NOT_APPLICABLE,EXCEL_MODUL_AUTHORITATIVE_WHEN_PRESENT,1,1,0,0.0,0.0,0.0
2025-04-29,RTGC,EXCEL,NOT_APPLICABLE,EXCEL_NON_UJB_CATEGORY,63,63,0,11860.0,11860.0,0.0
2025-04-29,SUPPORT,EXCEL,NOT_APPLICABLE,EXCEL_SUPPORT_RETAINED_FORKLIFT_BRIDGE,4,4,0,691.86,691.86,0.0
2025-04-30,BUS,EXCEL,NOT_APPLICABLE,EXCEL_OUTSIDE_UJB_COVERAGE,3,3,0,146.32999999999998,146.32999999999998,0.0
2025-04-30,ELF,EXCEL,NOT_APPLICABLE,EXCEL_OUTSIDE_UJB_COVERAGE,3,3,0,116.26,116.26,0.0
2025-04-30,HEAD_TRUCK,EXCEL,NOT_APPLICABLE,EXCEL_OUTSIDE_UJB_COVERAGE,83,83,0,5582.9,5582.9,0.0
2025-04-30,KEND_OPS,EXCEL,NOT_APPLICABLE,EXCEL_OUTSIDE_UJB_COVERAGE,10,10,0,368.35,368.35,0.0
2025-04-30,MODUL,EXCEL,NOT_APPLICABLE,EXCEL_MODUL_AUTHORITATIVE_WHEN_PRESENT,1,1,0,0.0,0.0,0.0
2025-04-30,RTGC,EXCEL,NOT_APPLICABLE,EXCEL_NON_UJB_CATEGORY,63,63,0,12683.5,12683.5,0.0
2025-04-30,SUPPORT,EXCEL,NOT_APPLICABLE,EXCEL_SUPPORT_RETAINED_FORKLIFT_BRIDGE,4,4,0,290.46,290.46,0.0
2025-05-01,BUS,EXCEL,NOT_APPLICABLE,EXCEL_OUTSIDE_UJB_COVERAGE,3,3,0,150.28,150.28,0.0
2025-05-01,ELF,EXCEL,NOT_APPLICABLE,EXCEL_OUTSIDE_UJB_COVERAGE,3,3,0,109.19,109.19,0.0
2025-05-01,HEAD_TRUCK,EXCEL,NOT_APPLICABLE,EXCEL_OUTSIDE_UJB_COVERAGE,75,75,0,5016.18,5016.18,0.0
2025-05-01,KEND_OPS,EXCEL,NOT_APPLICABLE,EXCEL_OUTSIDE_UJB_COVERAGE,7,7,0,140.37,140.37,0.0
2025-05-01,MODUL,EXCEL,NOT_APPLICABLE,EXCEL_MODUL_AUTHORITATIVE_WHEN_PRESENT,1,1,0,0.0,0.0,0.0
2025-05-01,RTGC,EXCEL,NOT_APPLICABLE,EXCEL_NON_UJB_CATEGORY,63,63,0,12718.7,12718.7,0.0
2025-05-01,SUPPORT,EXCEL,NOT_APPLICABLE,EXCEL_SUPPORT_RETAINED_FORKLIFT_BRIDGE,3,3,0,471.62,471.62,0.0
2025-05-02,BUS,EXCEL,NOT_APPLICABLE,EXCEL_OUTSIDE_UJB_COVERAGE,3,3,0,151.13,151.13,0.0
2025-05-02,ELF,EXCEL,NOT_APPLICABLE,EXCEL_OUTSIDE_UJB_COVERAGE,3,3,0,109.91,109.91,0.0
2025-05-02,HEAD_TRUCK,EXCEL,NOT_APPLICABLE,EXCEL_OUTSIDE_UJB_COVERAGE,77,77,0,5502.29,5502.29,0.0
2025-05-02,KEND_OPS,EXCEL,NOT_APPLICABLE,EXCEL_OUTSIDE_UJB_COVERAGE,8,8,0,198.15,198.15,0.0
2025-05-02,MODUL,EXCEL,NOT_APPLICABLE,EXCEL_MODUL_AUTHORITATIVE_WHEN_PRESENT,1,1,0,0.0,0.0,0.0
2025-05-02,RTGC,EXCEL,NOT_APPLICABLE,EXCEL_NON_UJB_CATEGORY,63,63,0,12586.8,12586.8,0.0
2025-05-02,SUPPORT,EXCEL,NOT_APPLICABLE,EXCEL_SUPPORT_RETAINED_FORKLIFT_BRIDGE,5,5,0,318.56,318.56,0.0
2025-05-03,BUS,EXCEL,NOT_APPLICABLE,EXCEL_OUTSIDE_UJB_COVERAGE,3,3,0,145.06,145.06,0.0
2025-05-03,ELF,EXCEL,NOT_APPLICABLE,EXCEL_OUTSIDE_UJB_COVERAGE,3,3,0,110.58,110.58,0.0
2025-05-03,HEAD_TRUCK,EXCEL,NOT_APPLICABLE,EXCEL_OUTSIDE_UJB_COVERAGE,79,79,0,5959.22,5959.22,0.0
2025-05-03,KEND_OPS,EXCEL,NOT_APPLICABLE,EXCEL_OUTSIDE_UJB_COVERAGE,5,5,0,111.16,111.16,0.0
2025-05-03,MODUL,EXCEL,NOT_APPLICABLE,EXCEL_MODUL_AUTHORITATIVE_WHEN_PRESENT,1,1,0,0.0,0.0,0.0
2025-05-03,RTGC,EXCEL,NOT_APPLICABLE,EXCEL_NON_UJB_CATEGORY,63,63,0,10587.7,10587.7,0.0
2025-05-03,SUPPORT,EXCEL,NOT_APPLICABLE,EXCEL_SUPPORT_RETAINED_FORKLIFT_BRIDGE,4,4,0,220.92000000000002,220.92000000000002,0.0
2025-05-04,BUS,EXCEL,NOT_APPLICABLE,EXCEL_OUTSIDE_UJB_COVERAGE,3,3,0,145.06,145.06,0.0
2025-05-04,ELF,EXCEL,NOT_APPLICABLE,EXCEL_OUTSIDE_UJB_COVERAGE,3,3,0,117.6,117.6,0.0
2025-05-04,HEAD_TRUCK,EXCEL,NOT_APPLICABLE,EXCEL_OUTSIDE_UJB_COVERAGE,80,80,0,6034.25,6034.25,0.0
2025-05-04,KEND_OPS,EXCEL,NOT_APPLICABLE,EXCEL_OUTSIDE_UJB_COVERAGE,3,3,0,48.83,48.83,0.0
2025-05-04,MODUL,EXCEL,NOT_APPLICABLE,EXCEL_MODUL_AUTHORITATIVE_WHEN_PRESENT,1,1,0,0.0,0.0,0.0
2025-05-04,RTGC,EXCEL,NOT_APPLICABLE,EXCEL_NON_UJB_CATEGORY,63,63,0,12584.1,12584.1,0.0
2025-05-04,SUPPORT,EXCEL,NOT_APPLICABLE,EXCEL_SUPPORT_RETAINED_FORKLIFT_BRIDGE,4,4,0,294.62,294.62,0.0
2025-05-05,BUS,EXCEL,NOT_APPLICABLE,EXCEL_OUTSIDE_UJB_COVERAGE,3,3,0,149.68,149.68,0.0
2025-05-05,ELF,EXCEL,NOT_APPLICABLE,EXCEL_OUTSIDE_UJB_COVERAGE,3,3,0,111.57,111.57,0.0
2025-05-05,HEAD_TRUCK,EXCEL,NOT_APPLICABLE,EXCEL_OUTSIDE_UJB_COVERAGE,81,81,0,6244.67,6244.67,0.0
2025-05-05,KEND_OPS,EXCEL,NOT_APPLICABLE,EXCEL_OUTSIDE_UJB_COVERAGE,13,13,0,355.02,355.02,0.0
2025-05-05,MODUL,EXCEL,NOT_APPLICABLE,EXCEL_MODUL_AUTHORITATIVE_WHEN_PRESENT,1,1,0,0.0,0.0,0.0
2025-05-05,RTGC,EXCEL,NOT_APPLICABLE,EXCEL_NON_UJB_CATEGORY,63,63,0,9428.4,9428.4,0.0
2025-05-05,SUPPORT,EXCEL,NOT_APPLICABLE,EXCEL_SUPPORT_RETAINED_FORKLIFT_BRIDGE,5,5,0,212.47,212.47,0.0
2025-05-06,BUS,EXCEL,NOT_APPLICABLE,EXCEL_OUTSIDE_UJB_COVERAGE,3,3,0,152.57999999999998,152.57999999999998,0.0
2025-05-06,ELF,EXCEL,NOT_APPLICABLE,EXCEL_OUTSIDE_UJB_COVERAGE,3,3,0,114.55,114.55,0.0
2025-05-06,HEAD_TRUCK,EXCEL,NOT_APPLICABLE,EXCEL_OUTSIDE_UJB_COVERAGE,81,81,0,5617.55,5617.55,0.0
2025-05-06,KEND_OPS,EXCEL,NOT_APPLICABLE,EXCEL_OUTSIDE_UJB_COVERAGE,5,5,0,123.33,123.33,0.0
2025-05-06,MODUL,EXCEL,NOT_APPLICABLE,EXCEL_MODUL_AUTHORITATIVE_WHEN_PRESENT,1,1,0,428.02,428.02,0.0
2025-05-06,RTGC,EXCEL,NOT_APPLICABLE,EXCEL_NON_UJB_CATEGORY,63,63,0,14061.4,14061.4,0.0
2025-05-06,SUPPORT,EXCEL,NOT_APPLICABLE,EXCEL_SUPPORT_RETAINED_FORKLIFT_BRIDGE,4,4,0,199.48,199.48,0.0
2025-05-07,BUS,EXCEL,NOT_APPLICABLE,EXCEL_OUTSIDE_UJB_COVERAGE,3,3,0,151.18,151.18,0.0
2025-05-07,ELF,EXCEL,NOT_APPLICABLE,EXCEL_OUTSIDE_UJB_COVERAGE,3,3,0,110.68,110.68,0.0
2025-05-07,HEAD_TRUCK,EXCEL,NOT_APPLICABLE,EXCEL_OUTSIDE_UJB_COVERAGE,76,76,0,6244.44,6244.44,0.0
2025-05-07,KEND_OPS,EXCEL,NOT_APPLICABLE,EXCEL_OUTSIDE_UJB_COVERAGE,6,6,0,163.12,163.12,0.0
2025-05-07,MODUL,EXCEL,NOT_APPLICABLE,EXCEL_MODUL_AUTHORITATIVE_WHEN_PRESENT,1,1,0,0.0,0.0,0.0
2025-05-07,RTGC,EXCEL,NOT_APPLICABLE,EXCEL_NON_UJB_CATEGORY,63,63,0,14427.5,14427.5,0.0
2025-05-07,SUPPORT,EXCEL,NOT_APPLICABLE,EXCEL_SUPPORT_RETAINED_FORKLIFT_BRIDGE,6,6,0,344.58000000000004,344.58000000000004,0.0
2025-05-08,BUS,EXCEL,NOT_APPLICABLE,EXCEL_OUTSIDE_UJB_COVERAGE,3,3,0,150.8,150.8,0.0
2025-05-08,ELF,EXCEL,NOT_APPLICABLE,EXCEL_OUTSIDE_UJB_COVERAGE,3,3,0,106.26,106.26,0.0
2025-05-08,HEAD_TRUCK,EXCEL,NOT_APPLICABLE,EXCEL_OUTSIDE_UJB_COVERAGE,80,80,0,6583.11,6583.11,0.0
2025-05-08,KEND_OPS,EXCEL,NOT_APPLICABLE,EXCEL_OUTSIDE_UJB_COVERAGE,7,7,0,150.18,150.18,0.0
2025-05-08,MODUL,EXCEL,NOT_APPLICABLE,EXCEL_MODUL_AUTHORITATIVE_WHEN_PRESENT,1,1,0,0.0,0.0,0.0
2025-05-08,RTGC,EXCEL,NOT_APPLICABLE,EXCEL_NON_UJB_CATEGORY,63,63,0,13826.0,13826.0,0.0
2025-05-08,SUPPORT,EXCEL,NOT_APPLICABLE,EXCEL_SUPPORT_RETAINED_FORKLIFT_BRIDGE,4,4,0,515.69,515.69,0.0
2025-05-09,BUS,EXCEL,NOT_APPLICABLE,EXCEL_OUTSIDE_UJB_COVERAGE,3,3,0,150.38,150.38,0.0
2025-05-09,ELF,EXCEL,NOT_APPLICABLE,EXCEL_OUTSIDE_UJB_COVERAGE,3,3,0,110.03999999999999,110.03999999999999,0.0
2025-05-09,HEAD_TRUCK,EXCEL,NOT_APPLICABLE,EXCEL_OUTSIDE_UJB_COVERAGE,84,84,0,6879.84,6879.84,0.0
2025-05-09,KEND_OPS,EXCEL,NOT_APPLICABLE,EXCEL_OUTSIDE_UJB_COVERAGE,7,7,0,186.52,186.52,0.0
2025-05-09,MODUL,EXCEL,NOT_APPLICABLE,EXCEL_MODUL_AUTHORITATIVE_WHEN_PRESENT,1,1,0,0.0,0.0,0.0
2025-05-09,RTGC,EXCEL,NOT_APPLICABLE,EXCEL_NON_UJB_CATEGORY,63,63,0,14520.6,14520.6,0.0
2025-05-09,SUPPORT,EXCEL,NOT_APPLICABLE,EXCEL_SUPPORT_RETAINED_FORKLIFT_BRIDGE,5,5,0,348.03999999999996,348.03999999999996,0.0
2025-05-10,BUS,EXCEL,NOT_APPLICABLE,EXCEL_OUTSIDE_UJB_COVERAGE,3,3,0,148.91,148.91,0.0
2025-05-10,ELF,EXCEL,NOT_APPLICABLE,EXCEL_OUTSIDE_UJB_COVERAGE,3,3,0,114.49,114.49,0.0
2025-05-10,HEAD_TRUCK,EXCEL,NOT_APPLICABLE,EXCEL_OUTSIDE_UJB_COVERAGE,83,83,0,5694.3,5694.3,0.0
2025-05-10,KEND_OPS,EXCEL,NOT_APPLICABLE,EXCEL_OUTSIDE_UJB_COVERAGE,12,12,0,350.0,350.0,0.0
2025-05-10,MODUL,EXCEL,NOT_APPLICABLE,EXCEL_MODUL_AUTHORITATIVE_WHEN_PRESENT,1,1,0,0.0,0.0,0.0
2025-05-10,RTGC,EXCEL,NOT_APPLICABLE,EXCEL_NON_UJB_CATEGORY,63,63,0,13799.2,13799.2,0.0
2025-05-10,SUPPORT,EXCEL,NOT_APPLICABLE,EXCEL_SUPPORT_RETAINED_FORKLIFT_BRIDGE,3,3,0,319.57000000000005,319.57000000000005,0.0
2025-05-11,BUS,EXCEL,NOT_APPLICABLE,EXCEL_OUTSIDE_UJB_COVERAGE,3,3,0,139.86,139.86,0.0
2025-05-11,ELF,EXCEL,NOT_APPLICABLE,EXCEL_OUTSIDE_UJB_COVERAGE,3,3,0,115.05,115.05,0.0
2025-05-11,HEAD_TRUCK,EXCEL,NOT_APPLICABLE,EXCEL_OUTSIDE_UJB_COVERAGE,79,79,0,7005.4800000000005,7005.4800000000005,0.0
2025-05-11,KEND_OPS,EXCEL,NOT_APPLICABLE,EXCEL_OUTSIDE_UJB_COVERAGE,6,6,0,136.87,136.87,0.0
2025-05-11,MODUL,EXCEL,NOT_APPLICABLE,EXCEL_MODUL_AUTHORITATIVE_WHEN_PRESENT,1,1,0,0.0,0.0,0.0
2025-05-11,RTGC,EXCEL,NOT_APPLICABLE,EXCEL_NON_UJB_CATEGORY,63,63,0,12429.2,12429.2,0.0
2025-05-11,SUPPORT,EXCEL,NOT_APPLICABLE,EXCEL_SUPPORT_RETAINED_FORKLIFT_BRIDGE,3,3,0,335.73,335.73,0.0
2025-05-12,BUS,EXCEL,NOT_APPLICABLE,EXCEL_OUTSIDE_UJB_COVERAGE,3,3,0,144.75,144.75,0.0
2025-05-12,ELF,EXCEL,NOT_APPLICABLE,EXCEL_OUTSIDE_UJB_COVERAGE,3,3,0,102.44999999999999,102.44999999999999,0.0
2025-05-12,HEAD_TRUCK,EXCEL,NOT_APPLICABLE,EXCEL_OUTSIDE_UJB_COVERAGE,81,81,0,6472.01,6472.01,0.0
2025-05-12,KEND_OPS,EXCEL,NOT_APPLICABLE,EXCEL_OUTSIDE_UJB_COVERAGE,7,7,0,142.41,142.41,0.0
2025-05-12,MODUL,EXCEL,NOT_APPLICABLE,EXCEL_MODUL_AUTHORITATIVE_WHEN_PRESENT,1,1,0,0.0,0.0,0.0
2025-05-12,RTGC,EXCEL,NOT_APPLICABLE,EXCEL_NON_UJB_CATEGORY,63,63,0,12736.8,12736.8,0.0
2025-05-12,SUPPORT,EXCEL,NOT_APPLICABLE,EXCEL_SUPPORT_RETAINED_FORKLIFT_BRIDGE,4,4,0,294.85,294.85,0.0
2025-05-13,BUS,EXCEL,NOT_APPLICABLE,EXCEL_OUTSIDE_UJB_COVERAGE,3,3,0,146.93,146.93,0.0
2025-05-13,ELF,EXCEL,NOT_APPLICABLE,EXCEL_OUTSIDE_UJB_COVERAGE,3,3,0,104.15,104.15,0.0
2025-05-13,HEAD_TRUCK,EXCEL,NOT_APPLICABLE,EXCEL_OUTSIDE_UJB_COVERAGE,77,77,0,5295.46,5295.46,0.0
2025-05-13,KEND_OPS,EXCEL,NOT_APPLICABLE,EXCEL_OUTSIDE_UJB_COVERAGE,9,9,0,189.04,189.04,0.0
2025-05-13,MODUL,EXCEL,NOT_APPLICABLE,EXCEL_MODUL_AUTHORITATIVE_WHEN_PRESENT,1,1,0,0.0,0.0,0.0
2025-05-13,RTGC,EXCEL,NOT_APPLICABLE,EXCEL_NON_UJB_CATEGORY,63,63,0,10473.9,10473.9,0.0
2025-05-13,SUPPORT,EXCEL,NOT_APPLICABLE,EXCEL_SUPPORT_RETAINED_FORKLIFT_BRIDGE,6,6,0,392.99,392.99,0.0
2025-05-14,BUS,EXCEL,NOT_APPLICABLE,EXCEL_OUTSIDE_UJB_COVERAGE,3,3,0,148.24,148.24,0.0
2025-05-14,ELF,EXCEL,NOT_APPLICABLE,EXCEL_OUTSIDE_UJB_COVERAGE,3,3,0,101.25,101.25,0.0
2025-05-14,HEAD_TRUCK,EXCEL,NOT_APPLICABLE,EXCEL_OUTSIDE_UJB_COVERAGE,85,85,0,6880.59,6880.59,0.0
2025-05-14,KEND_OPS,EXCEL,NOT_APPLICABLE,EXCEL_OUTSIDE_UJB_COVERAGE,7,7,0,179.61,179.61,0.0
2025-05-14,MODUL,EXCEL,NOT_APPLICABLE,EXCEL_MODUL_AUTHORITATIVE_WHEN_PRESENT,1,1,0,0.0,0.0,0.0
2025-05-14,RTGC,EXCEL,NOT_APPLICABLE,EXCEL_NON_UJB_CATEGORY,63,63,0,11990.1,11990.1,0.0
2025-05-14,SUPPORT,EXCEL,NOT_APPLICABLE,EXCEL_SUPPORT_RETAINED_FORKLIFT_BRIDGE,5,5,0,328.85,328.85,0.0
2025-05-15,BUS,EXCEL,NOT_APPLICABLE,EXCEL_OUTSIDE_UJB_COVERAGE,3,3,0,148.38,148.38,0.0
2025-05-15,ELF,EXCEL,NOT_APPLICABLE,EXCEL_OUTSIDE_UJB_COVERAGE,3,3,0,93.43,93.43,0.0
2025-05-15,HEAD_TRUCK,EXCEL,NOT_APPLICABLE,EXCEL_OUTSIDE_UJB_COVERAGE,80,80,0,5660.48,5660.48,0.0
2025-05-15,KEND_OPS,EXCEL,NOT_APPLICABLE,EXCEL_OUTSIDE_UJB_COVERAGE,8,8,0,170.58,170.58,0.0
2025-05-15,MODUL,EXCEL,NOT_APPLICABLE,EXCEL_MODUL_AUTHORITATIVE_WHEN_PRESENT,1,1,0,0.0,0.0,0.0
2025-05-15,RTGC,EXCEL,NOT_APPLICABLE,EXCEL_NON_UJB_CATEGORY,63,63,0,12186.6,12186.6,0.0
2025-05-15,SUPPORT,EXCEL,NOT_APPLICABLE,EXCEL_SUPPORT_RETAINED_FORKLIFT_BRIDGE,5,5,0,365.22,365.22,0.0
2025-05-16,BUS,EXCEL,NOT_APPLICABLE,EXCEL_OUTSIDE_UJB_COVERAGE,3,3,0,150.79,150.79,0.0
2025-05-16,ELF,EXCEL,NOT_APPLICABLE,EXCEL_OUTSIDE_UJB_COVERAGE,3,3,0,106.05,106.05,0.0
2025-05-16,HEAD_TRUCK,EXCEL,NOT_APPLICABLE,EXCEL_OUTSIDE_UJB_COVERAGE,82,82,0,6308.86,6308.86,0.0
2025-05-16,KEND_OPS,EXCEL,NOT_APPLICABLE,EXCEL_OUTSIDE_UJB_COVERAGE,9,9,0,242.01999999999998,242.01999999999998,0.0
2025-05-16,MODUL,EXCEL,NOT_APPLICABLE,EXCEL_MODUL_AUTHORITATIVE_WHEN_PRESENT,1,1,0,0.0,0.0,0.0
2025-05-16,RTGC,EXCEL,NOT_APPLICABLE,EXCEL_NON_UJB_CATEGORY,63,63,0,13675.699999999999,13675.699999999999,0.0
2025-05-16,SUPPORT,EXCEL,NOT_APPLICABLE,EXCEL_SUPPORT_RETAINED_FORKLIFT_BRIDGE,5,5,0,591.67,591.67,0.0
2025-05-17,BUS,EXCEL,NOT_APPLICABLE,EXCEL_OUTSIDE_UJB_COVERAGE,3,3,0,150.56,150.56,0.0
2025-05-17,ELF,EXCEL,NOT_APPLICABLE,EXCEL_OUTSIDE_UJB_COVERAGE,3,3,0,103.49,103.49,0.0
2025-05-17,HEAD_TRUCK,EXCEL,NOT_APPLICABLE,EXCEL_OUTSIDE_UJB_COVERAGE,78,78,0,5855.59,5855.59,0.0
2025-05-17,KEND_OPS,EXCEL,NOT_APPLICABLE,EXCEL_OUTSIDE_UJB_COVERAGE,10,10,0,262.05,262.05,0.0
2025-05-17,MODUL,EXCEL,NOT_APPLICABLE,EXCEL_MODUL_AUTHORITATIVE_WHEN_PRESENT,1,1,0,0.0,0.0,0.0
2025-05-17,RTGC,EXCEL,NOT_APPLICABLE,EXCEL_NON_UJB_CATEGORY,63,63,0,14962.9,14962.9,0.0
2025-05-17,SUPPORT,EXCEL,NOT_APPLICABLE,EXCEL_SUPPORT_RETAINED_FORKLIFT_BRIDGE,4,4,0,452.96999999999997,452.96999999999997,0.0
2025-05-18,BUS,EXCEL,NOT_APPLICABLE,EXCEL_OUTSIDE_UJB_COVERAGE,3,3,0,150.76999999999998,150.76999999999998,0.0
2025-05-18,ELF,EXCEL,NOT_APPLICABLE,EXCEL_OUTSIDE_UJB_COVERAGE,3,3,0,110.68,110.68,0.0
2025-05-18,HEAD_TRUCK,EXCEL,NOT_APPLICABLE,EXCEL_OUTSIDE_UJB_COVERAGE,80,80,0,7001.53,7001.53,0.0
2025-05-18,KEND_OPS,EXCEL,NOT_APPLICABLE,EXCEL_OUTSIDE_UJB_COVERAGE,6,6,0,133.56,133.56,0.0
2025-05-18,MODUL,EXCEL,NOT_APPLICABLE,EXCEL_MODUL_AUTHORITATIVE_WHEN_PRESENT,1,1,0,0.0,0.0,0.0
2025-05-18,RTGC,EXCEL,NOT_APPLICABLE,EXCEL_NON_UJB_CATEGORY,63,63,0,12962.4,12962.4,0.0
2025-05-18,SUPPORT,EXCEL,NOT_APPLICABLE,EXCEL_SUPPORT_RETAINED_FORKLIFT_BRIDGE,5,5,0,289.15999999999997,289.15999999999997,0.0
2025-05-19,BUS,EXCEL,NOT_APPLICABLE,EXCEL_OUTSIDE_UJB_COVERAGE,3,3,0,150.63,150.63,0.0
2025-05-19,ELF,EXCEL,NOT_APPLICABLE,EXCEL_OUTSIDE_UJB_COVERAGE,3,3,0,106.8,106.8,0.0
2025-05-19,HEAD_TRUCK,EXCEL,NOT_APPLICABLE,EXCEL_OUTSIDE_UJB_COVERAGE,82,82,0,6287.28,6287.28,0.0
2025-05-19,KEND_OPS,EXCEL,NOT_APPLICABLE,EXCEL_OUTSIDE_UJB_COVERAGE,6,6,0,120.50999999999999,120.50999999999999,0.0
2025-05-19,MODUL,EXCEL,NOT_APPLICABLE,EXCEL_MODUL_AUTHORITATIVE_WHEN_PRESENT,1,1,0,0.0,0.0,0.0
2025-05-19,RTGC,EXCEL,NOT_APPLICABLE,EXCEL_NON_UJB_CATEGORY,58,58,0,11299.8,11299.8,0.0
2025-05-19,SUPPORT,EXCEL,NOT_APPLICABLE,EXCEL_SUPPORT_RETAINED_FORKLIFT_BRIDGE,5,5,0,187.54,187.54,0.0
2025-05-20,BUS,EXCEL,NOT_APPLICABLE,EXCEL_OUTSIDE_UJB_COVERAGE,3,3,0,147.76999999999998,147.76999999999998,0.0
2025-05-20,ELF,EXCEL,NOT_APPLICABLE,EXCEL_OUTSIDE_UJB_COVERAGE,3,3,0,99.98,99.98,0.0
2025-05-20,HEAD_TRUCK,EXCEL,NOT_APPLICABLE,EXCEL_OUTSIDE_UJB_COVERAGE,81,81,0,6295.36,6295.36,0.0
2025-05-20,KEND_OPS,EXCEL,NOT_APPLICABLE,EXCEL_OUTSIDE_UJB_COVERAGE,8,8,0,263.3,263.3,0.0
2025-05-20,MODUL,EXCEL,NOT_APPLICABLE,EXCEL_MODUL_AUTHORITATIVE_WHEN_PRESENT,1,1,0,0.0,0.0,0.0
2025-05-20,RTGC,EXCEL,NOT_APPLICABLE,EXCEL_NON_UJB_CATEGORY,58,58,0,11041.6,11041.6,0.0
2025-05-20,SUPPORT,EXCEL,NOT_APPLICABLE,EXCEL_SUPPORT_RETAINED_FORKLIFT_BRIDGE,5,5,0,384.55,384.55,0.0
2025-05-21,BUS,EXCEL,NOT_APPLICABLE,EXCEL_OUTSIDE_UJB_COVERAGE,3,3,0,150.57999999999998,150.57999999999998,0.0
2025-05-21,ELF,EXCEL,NOT_APPLICABLE,EXCEL_OUTSIDE_UJB_COVERAGE,3,3,0,102.99000000000001,102.99000000000001,0.0
2025-05-21,HEAD_TRUCK,EXCEL,NOT_APPLICABLE,EXCEL_OUTSIDE_UJB_COVERAGE,78,78,0,5751.9,5751.9,0.0
2025-05-21,KEND_OPS,EXCEL,NOT_APPLICABLE,EXCEL_OUTSIDE_UJB_COVERAGE,9,9,0,293.4,293.4,0.0
2025-05-21,MODUL,EXCEL,NOT_APPLICABLE,EXCEL_MODUL_AUTHORITATIVE_WHEN_PRESENT,1,1,0,0.0,0.0,0.0
2025-05-21,RTGC,EXCEL,NOT_APPLICABLE,EXCEL_NON_UJB_CATEGORY,58,58,0,13140.5,13140.5,0.0
2025-05-21,SUPPORT,EXCEL,NOT_APPLICABLE,EXCEL_SUPPORT_RETAINED_FORKLIFT_BRIDGE,4,4,0,429.40000000000003,429.40000000000003,0.0
2025-05-22,BUS,EXCEL,NOT_APPLICABLE,EXCEL_OUTSIDE_UJB_COVERAGE,3,3,0,145.54,145.54,0.0
2025-05-22,ELF,EXCEL,NOT_APPLICABLE,EXCEL_OUTSIDE_UJB_COVERAGE,3,3,0,110.97,110.97,0.0
2025-05-22,HEAD_TRUCK,EXCEL,NOT_APPLICABLE,EXCEL_OUTSIDE_UJB_COVERAGE,76,76,0,5635.84,5635.84,0.0
2025-05-22,KEND_OPS,EXCEL,NOT_APPLICABLE,EXCEL_OUTSIDE_UJB_COVERAGE,11,11,0,244.57,244.57,0.0
2025-05-22,MODUL,EXCEL,NOT_APPLICABLE,EXCEL_MODUL_AUTHORITATIVE_WHEN_PRESENT,1,1,0,0.0,0.0,0.0
2025-05-22,RTGC,EXCEL,NOT_APPLICABLE,EXCEL_NON_UJB_CATEGORY,58,58,0,11653.1,11653.1,0.0
2025-05-22,SUPPORT,EXCEL,NOT_APPLICABLE,EXCEL_SUPPORT_RETAINED_FORKLIFT_BRIDGE,4,4,0,340.23,340.23,0.0
2025-05-23,BUS,EXCEL,NOT_APPLICABLE,EXCEL_OUTSIDE_UJB_COVERAGE,3,3,0,145.57,145.57,0.0
2025-05-23,ELF,EXCEL,NOT_APPLICABLE,EXCEL_OUTSIDE_UJB_COVERAGE,3,3,0,109.59,109.59,0.0
2025-05-23,HEAD_TRUCK,EXCEL,NOT_APPLICABLE,EXCEL_OUTSIDE_UJB_COVERAGE,78,78,0,6489.42,6489.42,0.0
2025-05-23,KEND_OPS,EXCEL,NOT_APPLICABLE,EXCEL_OUTSIDE_UJB_COVERAGE,7,7,0,159.96,159.96,0.0
2025-05-23,MODUL,EXCEL,NOT_APPLICABLE,EXCEL_MODUL_AUTHORITATIVE_WHEN_PRESENT,1,1,0,0.0,0.0,0.0
2025-05-23,RTGC,EXCEL,NOT_APPLICABLE,EXCEL_NON_UJB_CATEGORY,58,58,0,11937.0,11937.0,0.0
2025-05-23,SUPPORT,EXCEL,NOT_APPLICABLE,EXCEL_SUPPORT_RETAINED_FORKLIFT_BRIDGE,5,5,0,362.03999999999996,362.03999999999996,0.0
2025-05-24,BUS,EXCEL,NOT_APPLICABLE,EXCEL_OUTSIDE_UJB_COVERAGE,3,3,0,147.18,147.18,0.0
2025-05-24,ELF,EXCEL,NOT_APPLICABLE,EXCEL_OUTSIDE_UJB_COVERAGE,3,3,0,105.15,105.15,0.0
2025-05-24,HEAD_TRUCK,EXCEL,NOT_APPLICABLE,EXCEL_OUTSIDE_UJB_COVERAGE,78,78,0,5627.57,5627.57,0.0
2025-05-24,KEND_OPS,EXCEL,NOT_APPLICABLE,EXCEL_OUTSIDE_UJB_COVERAGE,7,7,0,149.95,149.95,0.0
2025-05-24,MODUL,EXCEL,NOT_APPLICABLE,EXCEL_MODUL_AUTHORITATIVE_WHEN_PRESENT,1,1,0,0.0,0.0,0.0
2025-05-24,RTGC,EXCEL,NOT_APPLICABLE,EXCEL_NON_UJB_CATEGORY,58,58,0,10963.8,10963.8,0.0
2025-05-24,SUPPORT,EXCEL,NOT_APPLICABLE,EXCEL_SUPPORT_RETAINED_FORKLIFT_BRIDGE,4,4,0,386.35,386.35,0.0
2025-05-25,BUS,EXCEL,NOT_APPLICABLE,EXCEL_OUTSIDE_UJB_COVERAGE,3,3,0,150.41,150.41,0.0
2025-05-25,ELF,EXCEL,NOT_APPLICABLE,EXCEL_OUTSIDE_UJB_COVERAGE,3,3,0,104.12,104.12,0.0
2025-05-25,HEAD_TRUCK,EXCEL,NOT_APPLICABLE,EXCEL_OUTSIDE_UJB_COVERAGE,76,76,0,6414.95,6414.95,0.0
2025-05-25,KEND_OPS,EXCEL,NOT_APPLICABLE,EXCEL_OUTSIDE_UJB_COVERAGE,7,7,0,198.34,198.34,0.0
2025-05-25,MODUL,EXCEL,NOT_APPLICABLE,EXCEL_MODUL_AUTHORITATIVE_WHEN_PRESENT,1,1,0,0.0,0.0,0.0
2025-05-25,RTGC,EXCEL,NOT_APPLICABLE,EXCEL_NON_UJB_CATEGORY,58,58,0,11865.3,11865.3,0.0
2025-05-25,SUPPORT,EXCEL,NOT_APPLICABLE,EXCEL_SUPPORT_RETAINED_FORKLIFT_BRIDGE,4,4,0,236.10999999999999,236.10999999999999,0.0
2025-05-26,BUS,EXCEL,NOT_APPLICABLE,EXCEL_OUTSIDE_UJB_COVERAGE,3,3,0,153.51,153.51,0.0
2025-05-26,ELF,EXCEL,NOT_APPLICABLE,EXCEL_OUTSIDE_UJB_COVERAGE,3,3,0,96.16,96.16,0.0
2025-05-26,HEAD_TRUCK,EXCEL,NOT_APPLICABLE,EXCEL_OUTSIDE_UJB_COVERAGE,79,79,0,5359.77,5359.77,0.0
2025-05-26,KEND_OPS,EXCEL,NOT_APPLICABLE,EXCEL_OUTSIDE_UJB_COVERAGE,4,4,0,112.15,112.15,0.0
2025-05-26,MODUL,EXCEL,NOT_APPLICABLE,EXCEL_MODUL_AUTHORITATIVE_WHEN_PRESENT,1,1,0,0.0,0.0,0.0
2025-05-26,RTGC,EXCEL,NOT_APPLICABLE,EXCEL_NON_UJB_CATEGORY,58,58,0,8784.8,8784.8,0.0
2025-05-26,SUPPORT,EXCEL,NOT_APPLICABLE,EXCEL_SUPPORT_RETAINED_FORKLIFT_BRIDGE,4,4,0,262.24,262.24,0.0
2025-05-27,BUS,EXCEL,NOT_APPLICABLE,EXCEL_OUTSIDE_UJB_COVERAGE,3,3,0,149.45,149.45,0.0
2025-05-27,ELF,EXCEL,NOT_APPLICABLE,EXCEL_OUTSIDE_UJB_COVERAGE,3,3,0,96.58000000000001,96.58000000000001,0.0
2025-05-27,HEAD_TRUCK,EXCEL,NOT_APPLICABLE,EXCEL_OUTSIDE_UJB_COVERAGE,71,71,0,5260.42,5260.42,0.0
2025-05-27,KEND_OPS,EXCEL,NOT_APPLICABLE,EXCEL_OUTSIDE_UJB_COVERAGE,7,7,0,218.12,218.12,0.0
2025-05-27,MODUL,EXCEL,NOT_APPLICABLE,EXCEL_MODUL_AUTHORITATIVE_WHEN_PRESENT,1,1,0,0.0,0.0,0.0
2025-05-27,RTGC,EXCEL,NOT_APPLICABLE,EXCEL_NON_UJB_CATEGORY,58,58,0,11344.4,11344.4,0.0
2025-05-27,SUPPORT,EXCEL,NOT_APPLICABLE,EXCEL_SUPPORT_RETAINED_FORKLIFT_BRIDGE,4,4,0,243.38,243.38,0.0
2025-05-28,BUS,EXCEL,NOT_APPLICABLE,EXCEL_OUTSIDE_UJB_COVERAGE,3,3,0,150.74,150.74,0.0
2025-05-28,ELF,EXCEL,NOT_APPLICABLE,EXCEL_OUTSIDE_UJB_COVERAGE,3,3,0,92.94,92.94,0.0
2025-05-28,HEAD_TRUCK,EXCEL,NOT_APPLICABLE,EXCEL_OUTSIDE_UJB_COVERAGE,75,75,0,5348.86,5348.86,0.0
2025-05-28,KEND_OPS,EXCEL,NOT_APPLICABLE,EXCEL_OUTSIDE_UJB_COVERAGE,9,9,0,293.1,293.1,0.0
2025-05-28,MODUL,EXCEL,NOT_APPLICABLE,EXCEL_MODUL_AUTHORITATIVE_WHEN_PRESENT,1,1,0,0.0,0.0,0.0
2025-05-28,RTGC,EXCEL,NOT_APPLICABLE,EXCEL_NON_UJB_CATEGORY,58,58,0,11661.7,11661.7,0.0
2025-05-28,SUPPORT,EXCEL,NOT_APPLICABLE,EXCEL_SUPPORT_RETAINED_FORKLIFT_BRIDGE,4,4,0,398.98,398.98,0.0
2025-05-29,BUS,EXCEL,NOT_APPLICABLE,EXCEL_OUTSIDE_UJB_COVERAGE,3,3,0,150.6,150.6,0.0
2025-05-29,ELF,EXCEL,NOT_APPLICABLE,EXCEL_OUTSIDE_UJB_COVERAGE,3,3,0,103.89,103.89,0.0
2025-05-29,HEAD_TRUCK,EXCEL,NOT_APPLICABLE,EXCEL_OUTSIDE_UJB_COVERAGE,74,74,0,4698.12,4698.12,0.0
2025-05-29,KEND_OPS,EXCEL,NOT_APPLICABLE,EXCEL_OUTSIDE_UJB_COVERAGE,7,7,0,217.19,217.19,0.0
2025-05-29,MODUL,EXCEL,NOT_APPLICABLE,EXCEL_MODUL_AUTHORITATIVE_WHEN_PRESENT,1,1,0,0.0,0.0,0.0
2025-05-29,RTGC,EXCEL,NOT_APPLICABLE,EXCEL_NON_UJB_CATEGORY,58,58,0,13649.7,13649.7,0.0
2025-05-29,SUPPORT,EXCEL,NOT_APPLICABLE,EXCEL_SUPPORT_RETAINED_FORKLIFT_BRIDGE,4,4,0,265.92,265.92,0.0
2025-05-30,BUS,EXCEL,NOT_APPLICABLE,EXCEL_OUTSIDE_UJB_COVERAGE,3,3,0,143.25,143.25,0.0
2025-05-30,ELF,EXCEL,NOT_APPLICABLE,EXCEL_OUTSIDE_UJB_COVERAGE,3,3,0,98.87,98.87,0.0
2025-05-30,HEAD_TRUCK,EXCEL,NOT_APPLICABLE,EXCEL_OUTSIDE_UJB_COVERAGE,64,64,0,4622.61,4622.61,0.0
2025-05-30,KEND_OPS,EXCEL,NOT_APPLICABLE,EXCEL_OUTSIDE_UJB_COVERAGE,3,3,0,63.46,63.46,0.0
2025-05-30,MODUL,EXCEL,NOT_APPLICABLE,EXCEL_MODUL_AUTHORITATIVE_WHEN_PRESENT,1,1,0,0.0,0.0,0.0
2025-05-30,RTGC,EXCEL,NOT_APPLICABLE,EXCEL_NON_UJB_CATEGORY,58,58,0,11310.3,11310.3,0.0
2025-05-30,SUPPORT,EXCEL,NOT_APPLICABLE,EXCEL_SUPPORT_RETAINED_FORKLIFT_BRIDGE,4,4,0,264.64,264.64,0.0
2025-05-31,HEAD_TRUCK,EXCEL,NOT_APPLICABLE,EXCEL_OUTSIDE_UJB_COVERAGE,75,75,0,3424.75,3424.75,0.0
2025-05-31,RTGC,EXCEL,NOT_APPLICABLE,EXCEL_NON_UJB_CATEGORY,58,58,0,9877.5,9877.5,0.0
2025-06-01,BUS,EXCEL,NOT_APPLICABLE,EXCEL_OUTSIDE_UJB_COVERAGE,3,3,0,148.8,148.8,0.0
2025-06-01,ELF,EXCEL,NOT_APPLICABLE,EXCEL_OUTSIDE_UJB_COVERAGE,3,3,0,112.0,112.0,0.0
2025-06-01,HEAD_TRUCK,EXCEL,NOT_APPLICABLE,EXCEL_OUTSIDE_UJB_COVERAGE,78,78,0,5629.0,5629.0,0.0
2025-06-01,KEND_OPS,EXCEL,NOT_APPLICABLE,EXCEL_OUTSIDE_UJB_COVERAGE,4,4,0,60.89,60.89,0.0
2025-06-01,MODUL,EXCEL,NOT_APPLICABLE,EXCEL_MODUL_AUTHORITATIVE_WHEN_PRESENT,1,1,0,0.0,0.0,0.0
2025-06-01,RTGC,EXCEL,NOT_APPLICABLE,EXCEL_NON_UJB_CATEGORY,63,63,0,10603.4,10603.4,0.0
2025-06-01,SUPPORT,EXCEL,NOT_APPLICABLE,EXCEL_SUPPORT_RETAINED_FORKLIFT_BRIDGE,4,4,0,489.31,489.31,0.0
2025-06-02,BUS,EXCEL,NOT_APPLICABLE,EXCEL_OUTSIDE_UJB_COVERAGE,3,3,0,150.59,150.59,0.0
2025-06-02,ELF,EXCEL,NOT_APPLICABLE,EXCEL_OUTSIDE_UJB_COVERAGE,3,3,0,93.44,93.44,0.0
2025-06-02,HEAD_TRUCK,EXCEL,NOT_APPLICABLE,EXCEL_OUTSIDE_UJB_COVERAGE,79,79,0,5439.61,5439.61,0.0
2025-06-02,KEND_OPS,EXCEL,NOT_APPLICABLE,EXCEL_OUTSIDE_UJB_COVERAGE,9,9,0,224.28,224.28,0.0
2025-06-02,MODUL,EXCEL,NOT_APPLICABLE,EXCEL_MODUL_AUTHORITATIVE_WHEN_PRESENT,1,1,0,0.0,0.0,0.0
2025-06-02,RTGC,EXCEL,NOT_APPLICABLE,EXCEL_NON_UJB_CATEGORY,63,63,0,9148.3,9148.3,0.0
2025-06-02,SUPPORT,EXCEL,NOT_APPLICABLE,EXCEL_SUPPORT_RETAINED_FORKLIFT_BRIDGE,4,4,0,258.15,258.15,0.0
2025-06-03,BUS,EXCEL,NOT_APPLICABLE,EXCEL_OUTSIDE_UJB_COVERAGE,3,3,0,145.04000000000002,145.04000000000002,0.0
2025-06-03,ELF,EXCEL,NOT_APPLICABLE,EXCEL_OUTSIDE_UJB_COVERAGE,3,3,0,102.3,102.3,0.0
2025-06-03,HEAD_TRUCK,EXCEL,NOT_APPLICABLE,EXCEL_OUTSIDE_UJB_COVERAGE,78,78,0,6170.17,6170.17,0.0
2025-06-03,KEND_OPS,EXCEL,NOT_APPLICABLE,EXCEL_OUTSIDE_UJB_COVERAGE,8,8,0,202.14,202.14,0.0
2025-06-03,MODUL,EXCEL,NOT_APPLICABLE,EXCEL_MODUL_AUTHORITATIVE_WHEN_PRESENT,1,1,0,0.0,0.0,0.0
2025-06-03,RTGC,EXCEL,NOT_APPLICABLE,EXCEL_NON_UJB_CATEGORY,63,63,0,12533.0,12533.0,0.0
2025-06-03,SUPPORT,EXCEL,NOT_APPLICABLE,EXCEL_SUPPORT_RETAINED_FORKLIFT_BRIDGE,3,3,0,278.98,278.98,0.0
2025-06-04,BUS,EXCEL,NOT_APPLICABLE,EXCEL_OUTSIDE_UJB_COVERAGE,3,3,0,142.11,142.11,0.0
2025-06-04,ELF,EXCEL,NOT_APPLICABLE,EXCEL_OUTSIDE_UJB_COVERAGE,3,3,0,101.00999999999999,101.00999999999999,0.0
2025-06-04,HEAD_TRUCK,EXCEL,NOT_APPLICABLE,EXCEL_OUTSIDE_UJB_COVERAGE,79,79,0,5741.28,5741.28,0.0
2025-06-04,KEND_OPS,EXCEL,NOT_APPLICABLE,EXCEL_OUTSIDE_UJB_COVERAGE,10,10,0,284.86,284.86,0.0
2025-06-04,MODUL,EXCEL,NOT_APPLICABLE,EXCEL_MODUL_AUTHORITATIVE_WHEN_PRESENT,1,1,0,0.0,0.0,0.0
2025-06-04,RTGC,EXCEL,NOT_APPLICABLE,EXCEL_NON_UJB_CATEGORY,63,63,0,11456.0,11456.0,0.0
2025-06-04,SUPPORT,EXCEL,NOT_APPLICABLE,EXCEL_SUPPORT_RETAINED_FORKLIFT_BRIDGE,7,7,0,413.4,413.4,0.0
2025-06-05,BUS,EXCEL,NOT_APPLICABLE,EXCEL_OUTSIDE_UJB_COVERAGE,3,3,0,150.81,150.81,0.0
2025-06-05,ELF,EXCEL,NOT_APPLICABLE,EXCEL_OUTSIDE_UJB_COVERAGE,3,3,0,107.26,107.26,0.0
2025-06-05,HEAD_TRUCK,EXCEL,NOT_APPLICABLE,EXCEL_OUTSIDE_UJB_COVERAGE,78,78,0,6040.19,6040.19,0.0
2025-06-05,KEND_OPS,EXCEL,NOT_APPLICABLE,EXCEL_OUTSIDE_UJB_COVERAGE,6,6,0,129.7,129.7,0.0
2025-06-05,MODUL,EXCEL,NOT_APPLICABLE,EXCEL_MODUL_AUTHORITATIVE_WHEN_PRESENT,1,1,0,0.0,0.0,0.0
2025-06-05,RTGC,EXCEL,NOT_APPLICABLE,EXCEL_NON_UJB_CATEGORY,63,63,0,11720.1,11720.1,0.0
2025-06-05,SUPPORT,EXCEL,NOT_APPLICABLE,EXCEL_SUPPORT_RETAINED_FORKLIFT_BRIDGE,5,5,0,374.6,374.6,0.0
2025-06-06,BUS,EXCEL,NOT_APPLICABLE,EXCEL_OUTSIDE_UJB_COVERAGE,3,3,0,128.37,128.37,0.0
2025-06-06,ELF,EXCEL,NOT_APPLICABLE,EXCEL_OUTSIDE_UJB_COVERAGE,3,3,0,108.09,108.09,0.0
2025-06-06,HEAD_TRUCK,EXCEL,NOT_APPLICABLE,EXCEL_OUTSIDE_UJB_COVERAGE,77,77,0,3430.21,3430.21,0.0
2025-06-06,KEND_OPS,EXCEL,NOT_APPLICABLE,EXCEL_OUTSIDE_UJB_COVERAGE,4,4,0,100.46000000000001,100.46000000000001,0.0
2025-06-06,RTGC,EXCEL,NOT_APPLICABLE,EXCEL_NON_UJB_CATEGORY,63,63,0,6416.9,6416.9,0.0
2025-06-06,SUPPORT,EXCEL,NOT_APPLICABLE,EXCEL_SUPPORT_RETAINED_FORKLIFT_BRIDGE,3,3,0,247.94,247.94,0.0
2025-06-07,BUS,EXCEL,NOT_APPLICABLE,EXCEL_OUTSIDE_UJB_COVERAGE,3,3,0,110.61,110.61,0.0
2025-06-07,ELF,EXCEL,NOT_APPLICABLE,EXCEL_OUTSIDE_UJB_COVERAGE,3,3,0,96.3,96.3,0.0
2025-06-07,HEAD_TRUCK,EXCEL,NOT_APPLICABLE,EXCEL_OUTSIDE_UJB_COVERAGE,78,78,0,4625.98,4625.98,0.0
2025-06-07,KEND_OPS,EXCEL,NOT_APPLICABLE,EXCEL_OUTSIDE_UJB_COVERAGE,10,10,0,208.79,208.79,0.0
2025-06-07,MODUL,EXCEL,NOT_APPLICABLE,EXCEL_MODUL_AUTHORITATIVE_WHEN_PRESENT,1,1,0,0.0,0.0,0.0
2025-06-07,RTGC,EXCEL,NOT_APPLICABLE,EXCEL_NON_UJB_CATEGORY,63,63,0,9118.9,9118.9,0.0
2025-06-07,SUPPORT,EXCEL,NOT_APPLICABLE,EXCEL_SUPPORT_RETAINED_FORKLIFT_BRIDGE,4,4,0,280.44,280.44,0.0
2025-06-08,BUS,EXCEL,NOT_APPLICABLE,EXCEL_OUTSIDE_UJB_COVERAGE,3,3,0,143.49,143.49,0.0
2025-06-08,ELF,EXCEL,NOT_APPLICABLE,EXCEL_OUTSIDE_UJB_COVERAGE,3,3,0,109.5,109.5,0.0
2025-06-08,HEAD_TRUCK,EXCEL,NOT_APPLICABLE,EXCEL_OUTSIDE_UJB_COVERAGE,80,80,0,6479.9,6479.9,0.0
2025-06-08,KEND_OPS,EXCEL,NOT_APPLICABLE,EXCEL_OUTSIDE_UJB_COVERAGE,4,4,0,85.22,85.22,0.0
2025-06-08,MODUL,EXCEL,NOT_APPLICABLE,EXCEL_MODUL_AUTHORITATIVE_WHEN_PRESENT,1,1,0,0.0,0.0,0.0
2025-06-08,RTGC,EXCEL,NOT_APPLICABLE,EXCEL_NON_UJB_CATEGORY,63,63,0,12784.7,12784.7,0.0
2025-06-08,SUPPORT,EXCEL,NOT_APPLICABLE,EXCEL_SUPPORT_RETAINED_FORKLIFT_BRIDGE,3,3,0,356.78,356.78,0.0
2025-06-09,BUS,EXCEL,NOT_APPLICABLE,EXCEL_OUTSIDE_UJB_COVERAGE,3,3,0,141.74,141.74,0.0
2025-06-09,ELF,EXCEL,NOT_APPLICABLE,EXCEL_OUTSIDE_UJB_COVERAGE,3,3,0,96.75999999999999,96.75999999999999,0.0
2025-06-09,HEAD_TRUCK,EXCEL,NOT_APPLICABLE,EXCEL_OUTSIDE_UJB_COVERAGE,80,80,0,6365.74,6365.74,0.0
2025-06-09,KEND_OPS,EXCEL,NOT_APPLICABLE,EXCEL_OUTSIDE_UJB_COVERAGE,5,5,0,110.42999999999999,110.42999999999999,0.0
2025-06-09,MODUL,EXCEL,NOT_APPLICABLE,EXCEL_MODUL_AUTHORITATIVE_WHEN_PRESENT,1,1,0,0.0,0.0,0.0
2025-06-09,RTGC,EXCEL,NOT_APPLICABLE,EXCEL_NON_UJB_CATEGORY,63,63,0,11331.0,11331.0,0.0
2025-06-09,SUPPORT,EXCEL,NOT_APPLICABLE,EXCEL_SUPPORT_RETAINED_FORKLIFT_BRIDGE,5,5,0,406.79,406.79,0.0
2025-06-10,BUS,EXCEL,NOT_APPLICABLE,EXCEL_OUTSIDE_UJB_COVERAGE,3,3,0,146.68,146.68,0.0
2025-06-10,ELF,EXCEL,NOT_APPLICABLE,EXCEL_OUTSIDE_UJB_COVERAGE,3,3,0,101.59,101.59,0.0
2025-06-10,HEAD_TRUCK,EXCEL,NOT_APPLICABLE,EXCEL_OUTSIDE_UJB_COVERAGE,83,83,0,6572.06,6572.06,0.0
2025-06-10,KEND_OPS,EXCEL,NOT_APPLICABLE,EXCEL_OUTSIDE_UJB_COVERAGE,14,14,0,401.86,401.86,0.0
2025-06-10,MODUL,EXCEL,NOT_APPLICABLE,EXCEL_MODUL_AUTHORITATIVE_WHEN_PRESENT,1,1,0,0.0,0.0,0.0
2025-06-10,RTGC,EXCEL,NOT_APPLICABLE,EXCEL_NON_UJB_CATEGORY,63,63,0,9899.5,9899.5,0.0
2025-06-10,SUPPORT,EXCEL,NOT_APPLICABLE,EXCEL_SUPPORT_RETAINED_FORKLIFT_BRIDGE,4,4,0,347.35,347.35,0.0
2025-06-11,BUS,EXCEL,NOT_APPLICABLE,EXCEL_OUTSIDE_UJB_COVERAGE,3,3,0,144.98,144.98,0.0
2025-06-11,ELF,EXCEL,NOT_APPLICABLE,EXCEL_OUTSIDE_UJB_COVERAGE,3,3,0,99.46,99.46,0.0
2025-06-11,HEAD_TRUCK,EXCEL,NOT_APPLICABLE,EXCEL_OUTSIDE_UJB_COVERAGE,81,81,0,6416.68,6416.68,0.0
2025-06-11,KEND_OPS,EXCEL,NOT_APPLICABLE,EXCEL_OUTSIDE_UJB_COVERAGE,7,7,0,214.13,214.13,0.0
2025-06-11,MODUL,EXCEL,NOT_APPLICABLE,EXCEL_MODUL_AUTHORITATIVE_WHEN_PRESENT,1,1,0,599.9,599.9,0.0
2025-06-11,RTGC,EXCEL,NOT_APPLICABLE,EXCEL_NON_UJB_CATEGORY,63,63,0,13393.4,13393.4,0.0
2025-06-11,SUPPORT,EXCEL,NOT_APPLICABLE,EXCEL_SUPPORT_RETAINED_FORKLIFT_BRIDGE,6,6,0,448.21000000000004,448.21000000000004,0.0
2025-06-12,BUS,EXCEL,NOT_APPLICABLE,EXCEL_OUTSIDE_UJB_COVERAGE,3,3,0,121.36,121.36,0.0
2025-06-12,ELF,EXCEL,NOT_APPLICABLE,EXCEL_OUTSIDE_UJB_COVERAGE,3,3,0,111.08,111.08,0.0
2025-06-12,HEAD_TRUCK,EXCEL,NOT_APPLICABLE,EXCEL_OUTSIDE_UJB_COVERAGE,81,81,0,5538.35,5538.35,0.0
2025-06-12,KEND_OPS,EXCEL,NOT_APPLICABLE,EXCEL_OUTSIDE_UJB_COVERAGE,4,4,0,80.24,80.24,0.0
2025-06-12,MODUL,EXCEL,NOT_APPLICABLE,EXCEL_MODUL_AUTHORITATIVE_WHEN_PRESENT,1,1,0,0.0,0.0,0.0
2025-06-12,RTGC,EXCEL,NOT_APPLICABLE,EXCEL_NON_UJB_CATEGORY,63,63,0,14954.9,14954.9,0.0
2025-06-12,SUPPORT,EXCEL,NOT_APPLICABLE,EXCEL_SUPPORT_RETAINED_FORKLIFT_BRIDGE,4,4,0,352.44,352.44,0.0
2025-06-13,BUS,EXCEL,NOT_APPLICABLE,EXCEL_OUTSIDE_UJB_COVERAGE,3,3,0,125.6,125.6,0.0
2025-06-13,ELF,EXCEL,NOT_APPLICABLE,EXCEL_OUTSIDE_UJB_COVERAGE,3,3,0,104.24000000000001,104.24000000000001,0.0
2025-06-13,HEAD_TRUCK,EXCEL,NOT_APPLICABLE,EXCEL_OUTSIDE_UJB_COVERAGE,81,81,0,6364.62,6364.62,0.0
2025-06-13,KEND_OPS,EXCEL,NOT_APPLICABLE,EXCEL_OUTSIDE_UJB_COVERAGE,8,8,0,167.64,167.64,0.0
2025-06-13,MODUL,EXCEL,NOT_APPLICABLE,EXCEL_MODUL_AUTHORITATIVE_WHEN_PRESENT,1,1,0,0.0,0.0,0.0
2025-06-13,RTGC,EXCEL,NOT_APPLICABLE,EXCEL_NON_UJB_CATEGORY,63,63,0,13421.2,13421.2,0.0
2025-06-13,SUPPORT,EXCEL,NOT_APPLICABLE,EXCEL_SUPPORT_RETAINED_FORKLIFT_BRIDGE,4,4,0,349.47999999999996,349.47999999999996,0.0
2025-06-14,BUS,EXCEL,NOT_APPLICABLE,EXCEL_OUTSIDE_UJB_COVERAGE,3,3,0,150.69,150.69,0.0
2025-06-14,ELF,EXCEL,NOT_APPLICABLE,EXCEL_OUTSIDE_UJB_COVERAGE,3,3,0,116.83,116.83,0.0
2025-06-14,HEAD_TRUCK,EXCEL,NOT_APPLICABLE,EXCEL_OUTSIDE_UJB_COVERAGE,82,82,0,5694.0,5694.0,0.0
2025-06-14,KEND_OPS,EXCEL,NOT_APPLICABLE,EXCEL_OUTSIDE_UJB_COVERAGE,10,10,0,276.06,276.06,0.0
2025-06-14,MODUL,EXCEL,NOT_APPLICABLE,EXCEL_MODUL_AUTHORITATIVE_WHEN_PRESENT,1,1,0,0.0,0.0,0.0
2025-06-14,RTGC,EXCEL,NOT_APPLICABLE,EXCEL_NON_UJB_CATEGORY,63,63,0,12741.8,12741.8,0.0
2025-06-14,SUPPORT,EXCEL,NOT_APPLICABLE,EXCEL_SUPPORT_RETAINED_FORKLIFT_BRIDGE,4,4,0,280.03000000000003,280.03000000000003,0.0
2025-06-15,BUS,EXCEL,NOT_APPLICABLE,EXCEL_OUTSIDE_UJB_COVERAGE,3,3,0,149.75,149.75,0.0
2025-06-15,ELF,EXCEL,NOT_APPLICABLE,EXCEL_OUTSIDE_UJB_COVERAGE,3,3,0,123.13,123.13,0.0
2025-06-15,HEAD_TRUCK,EXCEL,NOT_APPLICABLE,EXCEL_OUTSIDE_UJB_COVERAGE,79,79,0,6800.74,6800.74,0.0
2025-06-15,KEND_OPS,EXCEL,NOT_APPLICABLE,EXCEL_OUTSIDE_UJB_COVERAGE,6,6,0,129.2,129.2,0.0
2025-06-15,MODUL,EXCEL,NOT_APPLICABLE,EXCEL_MODUL_AUTHORITATIVE_WHEN_PRESENT,1,1,0,0.0,0.0,0.0
2025-06-15,RTGC,EXCEL,NOT_APPLICABLE,EXCEL_NON_UJB_CATEGORY,63,63,0,10277.3,10277.3,0.0
2025-06-15,SUPPORT,EXCEL,NOT_APPLICABLE,EXCEL_SUPPORT_RETAINED_FORKLIFT_BRIDGE,4,4,0,430.3,430.3,0.0
2025-06-16,BUS,EXCEL,NOT_APPLICABLE,EXCEL_OUTSIDE_UJB_COVERAGE,3,3,0,134.25,134.25,0.0
2025-06-16,ELF,EXCEL,NOT_APPLICABLE,EXCEL_OUTSIDE_UJB_COVERAGE,3,3,0,114.33000000000001,114.33000000000001,0.0
2025-06-16,HEAD_TRUCK,EXCEL,NOT_APPLICABLE,EXCEL_OUTSIDE_UJB_COVERAGE,76,76,0,5660.66,5660.66,0.0
2025-06-16,KEND_OPS,EXCEL,NOT_APPLICABLE,EXCEL_OUTSIDE_UJB_COVERAGE,10,10,0,183.57999999999998,183.57999999999998,0.0
2025-06-16,MODUL,EXCEL,NOT_APPLICABLE,EXCEL_MODUL_AUTHORITATIVE_WHEN_PRESENT,1,1,0,0.0,0.0,0.0
2025-06-16,RTGC,EXCEL,NOT_APPLICABLE,EXCEL_NON_UJB_CATEGORY,63,63,0,11465.7,11465.7,0.0
2025-06-16,SUPPORT,EXCEL,NOT_APPLICABLE,EXCEL_SUPPORT_RETAINED_FORKLIFT_BRIDGE,5,5,0,511.45,511.45,0.0
2025-06-17,BUS,EXCEL,NOT_APPLICABLE,EXCEL_OUTSIDE_UJB_COVERAGE,3,3,0,148.45,148.45,0.0
2025-06-17,ELF,EXCEL,NOT_APPLICABLE,EXCEL_OUTSIDE_UJB_COVERAGE,3,3,0,116.11,116.11,0.0
2025-06-17,HEAD_TRUCK,EXCEL,NOT_APPLICABLE,EXCEL_OUTSIDE_UJB_COVERAGE,80,80,0,6283.99,6283.99,0.0
2025-06-17,KEND_OPS,EXCEL,NOT_APPLICABLE,EXCEL_OUTSIDE_UJB_COVERAGE,7,7,0,163.61,163.61,0.0
2025-06-17,MODUL,EXCEL,NOT_APPLICABLE,EXCEL_MODUL_AUTHORITATIVE_WHEN_PRESENT,1,1,0,0.0,0.0,0.0
2025-06-17,RTGC,EXCEL,NOT_APPLICABLE,EXCEL_NON_UJB_CATEGORY,63,63,0,12698.4,12698.4,0.0
2025-06-17,SUPPORT,EXCEL,NOT_APPLICABLE,EXCEL_SUPPORT_RETAINED_FORKLIFT_BRIDGE,4,4,0,296.31,296.31,0.0
2025-06-18,BUS,EXCEL,NOT_APPLICABLE,EXCEL_OUTSIDE_UJB_COVERAGE,3,3,0,145.03,145.03,0.0
2025-06-18,ELF,EXCEL,NOT_APPLICABLE,EXCEL_OUTSIDE_UJB_COVERAGE,3,3,0,110.12,110.12,0.0
2025-06-18,HEAD_TRUCK,EXCEL,NOT_APPLICABLE,EXCEL_OUTSIDE_UJB_COVERAGE,80,80,0,6198.65,6198.65,0.0
2025-06-18,KEND_OPS,EXCEL,NOT_APPLICABLE,EXCEL_OUTSIDE_UJB_COVERAGE,9,9,0,272.07,272.07,0.0
2025-06-18,MODUL,EXCEL,NOT_APPLICABLE,EXCEL_MODUL_AUTHORITATIVE_WHEN_PRESENT,1,1,0,0.0,0.0,0.0
2025-06-18,RTGC,EXCEL,NOT_APPLICABLE,EXCEL_NON_UJB_CATEGORY,63,63,0,12172.6,12172.6,0.0
2025-06-18,SUPPORT,EXCEL,NOT_APPLICABLE,EXCEL_SUPPORT_RETAINED_FORKLIFT_BRIDGE,4,4,0,340.03000000000003,340.03000000000003,0.0
2025-06-19,BUS,EXCEL,NOT_APPLICABLE,EXCEL_OUTSIDE_UJB_COVERAGE,3,3,0,147.17000000000002,147.17000000000002,0.0
2025-06-19,ELF,EXCEL,NOT_APPLICABLE,EXCEL_OUTSIDE_UJB_COVERAGE,3,3,0,105.48,105.48,0.0
2025-06-19,HEAD_TRUCK,EXCEL,NOT_APPLICABLE,EXCEL_OUTSIDE_UJB_COVERAGE,81,81,0,6424.25,6424.25,0.0
2025-06-19,KEND_OPS,EXCEL,NOT_APPLICABLE,EXCEL_OUTSIDE_UJB_COVERAGE,7,7,0,162.57,162.57,0.0
2025-06-19,MODUL,EXCEL,NOT_APPLICABLE,EXCEL_MODUL_AUTHORITATIVE_WHEN_PRESENT,1,1,0,0.0,0.0,0.0
2025-06-19,RTGC,EXCEL,NOT_APPLICABLE,EXCEL_NON_UJB_CATEGORY,63,63,0,12482.9,12482.9,0.0
2025-06-19,SUPPORT,EXCEL,NOT_APPLICABLE,EXCEL_SUPPORT_RETAINED_FORKLIFT_BRIDGE,4,4,0,422.97,422.97,0.0
2025-06-20,BUS,EXCEL,NOT_APPLICABLE,EXCEL_OUTSIDE_UJB_COVERAGE,3,3,0,149.76999999999998,149.76999999999998,0.0
2025-06-20,ELF,EXCEL,NOT_APPLICABLE,EXCEL_OUTSIDE_UJB_COVERAGE,3,3,0,115.52000000000001,115.52000000000001,0.0
2025-06-20,HEAD_TRUCK,EXCEL,NOT_APPLICABLE,EXCEL_OUTSIDE_UJB_COVERAGE,80,80,0,6935.57,6935.57,0.0
2025-06-20,KEND_OPS,EXCEL,NOT_APPLICABLE,EXCEL_OUTSIDE_UJB_COVERAGE,8,8,0,212.94,212.94,0.0
2025-06-20,MODUL,EXCEL,NOT_APPLICABLE,EXCEL_MODUL_AUTHORITATIVE_WHEN_PRESENT,1,1,0,0.0,0.0,0.0
2025-06-20,RTGC,EXCEL,NOT_APPLICABLE,EXCEL_NON_UJB_CATEGORY,63,63,0,12224.4,12224.4,0.0
2025-06-20,SUPPORT,EXCEL,NOT_APPLICABLE,EXCEL_SUPPORT_RETAINED_FORKLIFT_BRIDGE,4,4,0,487.23,487.23,0.0
2025-06-21,BUS,EXCEL,NOT_APPLICABLE,EXCEL_OUTSIDE_UJB_COVERAGE,3,3,0,150.19,150.19,0.0
2025-06-21,ELF,EXCEL,NOT_APPLICABLE,EXCEL_OUTSIDE_UJB_COVERAGE,3,3,0,120.95,120.95,0.0
2025-06-21,HEAD_TRUCK,EXCEL,NOT_APPLICABLE,EXCEL_OUTSIDE_UJB_COVERAGE,73,73,0,5012.11,5012.11,0.0
2025-06-21,KEND_OPS,EXCEL,NOT_APPLICABLE,EXCEL_OUTSIDE_UJB_COVERAGE,3,3,0,128.85,128.85,0.0
2025-06-21,MODUL,EXCEL,NOT_APPLICABLE,EXCEL_MODUL_AUTHORITATIVE_WHEN_PRESENT,1,1,0,0.0,0.0,0.0
2025-06-21,RTGC,EXCEL,NOT_APPLICABLE,EXCEL_NON_UJB_CATEGORY,63,63,0,14404.4,14404.4,0.0
2025-06-21,SUPPORT,EXCEL,NOT_APPLICABLE,EXCEL_SUPPORT_RETAINED_FORKLIFT_BRIDGE,7,7,0,623.49,623.49,0.0
2025-06-22,BUS,EXCEL,NOT_APPLICABLE,EXCEL_OUTSIDE_UJB_COVERAGE,3,3,0,150.5,150.5,0.0
2025-06-22,ELF,EXCEL,NOT_APPLICABLE,EXCEL_OUTSIDE_UJB_COVERAGE,3,3,0,108.4,108.4,0.0
2025-06-22,HEAD_TRUCK,EXCEL,NOT_APPLICABLE,EXCEL_OUTSIDE_UJB_COVERAGE,78,78,0,5881.75,5881.75,0.0
2025-06-22,KEND_OPS,EXCEL,NOT_APPLICABLE,EXCEL_OUTSIDE_UJB_COVERAGE,10,10,0,289.71000000000004,289.71000000000004,0.0
2025-06-22,MODUL,EXCEL,NOT_APPLICABLE,EXCEL_MODUL_AUTHORITATIVE_WHEN_PRESENT,1,1,0,0.0,0.0,0.0
2025-06-22,RTGC,EXCEL,NOT_APPLICABLE,EXCEL_NON_UJB_CATEGORY,63,63,0,10428.4,10428.4,0.0
2025-06-22,SUPPORT,EXCEL,NOT_APPLICABLE,EXCEL_SUPPORT_RETAINED_FORKLIFT_BRIDGE,4,4,0,290.03999999999996,290.03999999999996,0.0
2025-06-23,BUS,EXCEL,NOT_APPLICABLE,EXCEL_OUTSIDE_UJB_COVERAGE,3,3,0,149.10999999999999,149.10999999999999,0.0
2025-06-23,ELF,EXCEL,NOT_APPLICABLE,EXCEL_OUTSIDE_UJB_COVERAGE,3,3,0,112.44,112.44,0.0
2025-06-23,HEAD_TRUCK,EXCEL,NOT_APPLICABLE,EXCEL_OUTSIDE_UJB_COVERAGE,78,78,0,6147.98,6147.98,0.0
2025-06-23,KEND_OPS,EXCEL,NOT_APPLICABLE,EXCEL_OUTSIDE_UJB_COVERAGE,6,6,0,197.8,197.8,0.0
2025-06-23,MODUL,EXCEL,NOT_APPLICABLE,EXCEL_MODUL_AUTHORITATIVE_WHEN_PRESENT,1,1,0,0.0,0.0,0.0
2025-06-23,RTGC,EXCEL,NOT_APPLICABLE,EXCEL_NON_UJB_CATEGORY,63,63,0,12084.699999999999,12084.699999999999,0.0
2025-06-23,SUPPORT,EXCEL,NOT_APPLICABLE,EXCEL_SUPPORT_RETAINED_FORKLIFT_BRIDGE,3,3,0,304.12,304.12,0.0
2025-06-24,BUS,EXCEL,NOT_APPLICABLE,EXCEL_OUTSIDE_UJB_COVERAGE,3,3,0,144.65,144.65,0.0
2025-06-24,ELF,EXCEL,NOT_APPLICABLE,EXCEL_OUTSIDE_UJB_COVERAGE,3,3,0,116.34,116.34,0.0
2025-06-24,HEAD_TRUCK,EXCEL,NOT_APPLICABLE,EXCEL_OUTSIDE_UJB_COVERAGE,77,77,0,6260.18,6260.18,0.0
2025-06-24,KEND_OPS,EXCEL,NOT_APPLICABLE,EXCEL_OUTSIDE_UJB_COVERAGE,5,5,0,142.65,142.65,0.0
2025-06-24,MODUL,EXCEL,NOT_APPLICABLE,EXCEL_MODUL_AUTHORITATIVE_WHEN_PRESENT,1,1,0,0.0,0.0,0.0
2025-06-24,RTGC,EXCEL,NOT_APPLICABLE,EXCEL_NON_UJB_CATEGORY,63,63,0,11969.8,11969.8,0.0
2025-06-24,SUPPORT,EXCEL,NOT_APPLICABLE,EXCEL_SUPPORT_RETAINED_FORKLIFT_BRIDGE,6,6,0,520.95,520.95,0.0
2025-06-25,BUS,EXCEL,NOT_APPLICABLE,EXCEL_OUTSIDE_UJB_COVERAGE,3,3,0,136.12,136.12,0.0
2025-06-25,ELF,EXCEL,NOT_APPLICABLE,EXCEL_OUTSIDE_UJB_COVERAGE,3,3,0,115.4,115.4,0.0
2025-06-25,HEAD_TRUCK,EXCEL,NOT_APPLICABLE,EXCEL_OUTSIDE_UJB_COVERAGE,75,75,0,3853.42,3853.42,0.0
2025-06-25,KEND_OPS,EXCEL,NOT_APPLICABLE,EXCEL_OUTSIDE_UJB_COVERAGE,5,5,0,133.5,133.5,0.0
2025-06-25,MODUL,EXCEL,NOT_APPLICABLE,EXCEL_MODUL_AUTHORITATIVE_WHEN_PRESENT,1,1,0,0.0,0.0,0.0
2025-06-25,RTGC,EXCEL,NOT_APPLICABLE,EXCEL_NON_UJB_CATEGORY,63,63,0,11479.8,11479.8,0.0
2025-06-25,SUPPORT,EXCEL,NOT_APPLICABLE,EXCEL_SUPPORT_RETAINED_FORKLIFT_BRIDGE,4,4,0,248.57,248.57,0.0
2025-06-26,BUS,EXCEL,NOT_APPLICABLE,EXCEL_OUTSIDE_UJB_COVERAGE,3,3,0,133.45999999999998,133.45999999999998,0.0
2025-06-26,ELF,EXCEL,NOT_APPLICABLE,EXCEL_OUTSIDE_UJB_COVERAGE,3,3,0,120.18,120.18,0.0
2025-06-26,HEAD_TRUCK,EXCEL,NOT_APPLICABLE,EXCEL_OUTSIDE_UJB_COVERAGE,76,76,0,3594.87,3594.87,0.0
2025-06-26,KEND_OPS,EXCEL,NOT_APPLICABLE,EXCEL_OUTSIDE_UJB_COVERAGE,7,7,0,222.11,222.11,0.0
2025-06-26,MODUL,EXCEL,NOT_APPLICABLE,EXCEL_MODUL_AUTHORITATIVE_WHEN_PRESENT,1,1,0,0.0,0.0,0.0
2025-06-26,RTGC,EXCEL,NOT_APPLICABLE,EXCEL_NON_UJB_CATEGORY,63,63,0,9762.9,9762.9,0.0
2025-06-26,SUPPORT,EXCEL,NOT_APPLICABLE,EXCEL_SUPPORT_RETAINED_FORKLIFT_BRIDGE,4,4,0,365.0,365.0,0.0
2025-06-27,BUS,EXCEL,NOT_APPLICABLE,EXCEL_OUTSIDE_UJB_COVERAGE,3,3,0,148.45,148.45,0.0
2025-06-27,ELF,EXCEL,NOT_APPLICABLE,EXCEL_OUTSIDE_UJB_COVERAGE,3,3,0,117.53,117.53,0.0
2025-06-27,HEAD_TRUCK,EXCEL,NOT_APPLICABLE,EXCEL_OUTSIDE_UJB_COVERAGE,79,79,0,6387.0,6387.0,0.0
2025-06-27,KEND_OPS,EXCEL,NOT_APPLICABLE,EXCEL_OUTSIDE_UJB_COVERAGE,7,7,0,190.68,190.68,0.0
2025-06-27,MODUL,EXCEL,NOT_APPLICABLE,EXCEL_MODUL_AUTHORITATIVE_WHEN_PRESENT,1,1,0,0.0,0.0,0.0
2025-06-27,RTGC,EXCEL,NOT_APPLICABLE,EXCEL_NON_UJB_CATEGORY,63,63,0,11030.8,11030.8,0.0
2025-06-27,SUPPORT,EXCEL,NOT_APPLICABLE,EXCEL_SUPPORT_RETAINED_FORKLIFT_BRIDGE,6,6,0,315.90999999999997,315.90999999999997,0.0
2025-06-28,BUS,EXCEL,NOT_APPLICABLE,EXCEL_OUTSIDE_UJB_COVERAGE,3,3,0,147.21,147.21,0.0
2025-06-28,ELF,EXCEL,NOT_APPLICABLE,EXCEL_OUTSIDE_UJB_COVERAGE,3,3,0,115.06,115.06,0.0
2025-06-28,HEAD_TRUCK,EXCEL,NOT_APPLICABLE,EXCEL_OUTSIDE_UJB_COVERAGE,72,72,0,5189.13,5189.13,0.0
2025-06-28,KEND_OPS,EXCEL,NOT_APPLICABLE,EXCEL_OUTSIDE_UJB_COVERAGE,6,6,0,136.68,136.68,0.0
2025-06-28,MODUL,EXCEL,NOT_APPLICABLE,EXCEL_MODUL_AUTHORITATIVE_WHEN_PRESENT,1,1,0,0.0,0.0,0.0
2025-06-28,RTGC,EXCEL,NOT_APPLICABLE,EXCEL_NON_UJB_CATEGORY,63,63,0,12586.5,12586.5,0.0
2025-06-28,SUPPORT,EXCEL,NOT_APPLICABLE,EXCEL_SUPPORT_RETAINED_FORKLIFT_BRIDGE,4,4,0,324.62,324.62,0.0
2025-06-29,BUS,EXCEL,NOT_APPLICABLE,EXCEL_OUTSIDE_UJB_COVERAGE,3,3,0,134.84,134.84,0.0
2025-06-29,ELF,EXCEL,NOT_APPLICABLE,EXCEL_OUTSIDE_UJB_COVERAGE,3,3,0,114.25999999999999,114.25999999999999,0.0
2025-06-29,HEAD_TRUCK,EXCEL,NOT_APPLICABLE,EXCEL_OUTSIDE_UJB_COVERAGE,77,77,0,6426.2,6426.2,0.0
2025-06-29,KEND_OPS,EXCEL,NOT_APPLICABLE,EXCEL_OUTSIDE_UJB_COVERAGE,4,4,0,147.61,147.61,0.0
2025-06-29,MODUL,EXCEL,NOT_APPLICABLE,EXCEL_MODUL_AUTHORITATIVE_WHEN_PRESENT,1,1,0,0.0,0.0,0.0
2025-06-29,RTGC,EXCEL,NOT_APPLICABLE,EXCEL_NON_UJB_CATEGORY,63,63,0,9768.3,9768.3,0.0
2025-06-29,SUPPORT,EXCEL,NOT_APPLICABLE,EXCEL_SUPPORT_RETAINED_FORKLIFT_BRIDGE,4,4,0,420.74999999999994,420.74999999999994,0.0
2025-06-30,BUS,EXCEL,NOT_APPLICABLE,EXCEL_OUTSIDE_UJB_COVERAGE,3,3,0,123.91,123.91,0.0
2025-06-30,ELF,EXCEL,NOT_APPLICABLE,EXCEL_OUTSIDE_UJB_COVERAGE,3,3,0,102.66000000000001,102.66000000000001,0.0
2025-06-30,HEAD_TRUCK,EXCEL,NOT_APPLICABLE,EXCEL_OUTSIDE_UJB_COVERAGE,78,78,0,5224.75,5224.75,0.0
2025-06-30,KEND_OPS,EXCEL,NOT_APPLICABLE,EXCEL_OUTSIDE_UJB_COVERAGE,7,7,0,186.91,186.91,0.0
2025-06-30,MODUL,EXCEL,NOT_APPLICABLE,EXCEL_MODUL_AUTHORITATIVE_WHEN_PRESENT,1,1,0,0.0,0.0,0.0
2025-06-30,RTGC,EXCEL,NOT_APPLICABLE,EXCEL_NON_UJB_CATEGORY,63,63,0,8810.8,8810.8,0.0
2025-06-30,SUPPORT,EXCEL,NOT_APPLICABLE,EXCEL_SUPPORT_RETAINED_FORKLIFT_BRIDGE,4,4,0,227.4,227.4,0.0
2025-07-01,BUS,EXCEL,NOT_APPLICABLE,EXCEL_OUTSIDE_UJB_COVERAGE,3,3,0,143.28,143.28,0.0
2025-07-01,ELF,EXCEL,NOT_APPLICABLE,EXCEL_OUTSIDE_UJB_COVERAGE,3,3,0,105.47,105.47,0.0
2025-07-01,HEAD_TRUCK,EXCEL,NOT_APPLICABLE,EXCEL_OUTSIDE_UJB_COVERAGE,78,78,0,6220.85,6220.85,0.0
2025-07-01,KEND_OPS,EXCEL,NOT_APPLICABLE,EXCEL_OUTSIDE_UJB_COVERAGE,5,5,0,123.14999999999999,123.14999999999999,0.0
2025-07-01,MODUL,EXCEL,NOT_APPLICABLE,EXCEL_MODUL_AUTHORITATIVE_WHEN_PRESENT,1,1,0,0.0,0.0,0.0
2025-07-01,RTGC,EXCEL,NOT_APPLICABLE,EXCEL_NON_UJB_CATEGORY,63,63,0,11493.3,11493.3,0.0
2025-07-01,SUPPORT,EXCEL,NOT_APPLICABLE,EXCEL_SUPPORT_RETAINED_FORKLIFT_BRIDGE,4,4,0,260.93,260.93,0.0
2025-07-02,BUS,EXCEL,NOT_APPLICABLE,EXCEL_OUTSIDE_UJB_COVERAGE,3,3,0,145.04,145.04,0.0
2025-07-02,ELF,EXCEL,NOT_APPLICABLE,EXCEL_OUTSIDE_UJB_COVERAGE,3,3,0,113.45,113.45,0.0
2025-07-02,HEAD_TRUCK,EXCEL,NOT_APPLICABLE,EXCEL_OUTSIDE_UJB_COVERAGE,77,77,0,5732.06,5732.06,0.0
2025-07-02,KEND_OPS,EXCEL,NOT_APPLICABLE,EXCEL_OUTSIDE_UJB_COVERAGE,9,9,0,280.36,280.36,0.0
2025-07-02,MODUL,EXCEL,NOT_APPLICABLE,EXCEL_MODUL_AUTHORITATIVE_WHEN_PRESENT,1,1,0,0.0,0.0,0.0
2025-07-02,RTGC,EXCEL,NOT_APPLICABLE,EXCEL_NON_UJB_CATEGORY,63,63,0,13658.3,13658.3,0.0
2025-07-02,SUPPORT,EXCEL,NOT_APPLICABLE,EXCEL_SUPPORT_RETAINED_FORKLIFT_BRIDGE,4,4,0,272.78000000000003,272.78000000000003,0.0
2025-07-03,BUS,EXCEL,NOT_APPLICABLE,EXCEL_OUTSIDE_UJB_COVERAGE,3,3,0,147.73000000000002,147.73000000000002,0.0
2025-07-03,ELF,EXCEL,NOT_APPLICABLE,EXCEL_OUTSIDE_UJB_COVERAGE,3,3,0,112.47,112.47,0.0
2025-07-03,HEAD_TRUCK,EXCEL,NOT_APPLICABLE,EXCEL_OUTSIDE_UJB_COVERAGE,80,80,0,6725.19,6725.19,0.0
2025-07-03,KEND_OPS,EXCEL,NOT_APPLICABLE,EXCEL_OUTSIDE_UJB_COVERAGE,5,5,0,126.5,126.5,0.0
2025-07-03,MODUL,EXCEL,NOT_APPLICABLE,EXCEL_MODUL_AUTHORITATIVE_WHEN_PRESENT,1,1,0,0.0,0.0,0.0
2025-07-03,RTGC,EXCEL,NOT_APPLICABLE,EXCEL_NON_UJB_CATEGORY,63,63,0,14516.8,14516.8,0.0
2025-07-03,SUPPORT,EXCEL,NOT_APPLICABLE,EXCEL_SUPPORT_RETAINED_FORKLIFT_BRIDGE,5,5,0,314.59,314.59,0.0
2025-07-04,BUS,EXCEL,NOT_APPLICABLE,EXCEL_OUTSIDE_UJB_COVERAGE,3,3,0,149.51,149.51,0.0
2025-07-04,ELF,EXCEL,NOT_APPLICABLE,EXCEL_OUTSIDE_UJB_COVERAGE,3,3,0,101.91,101.91,0.0
2025-07-04,HEAD_TRUCK,EXCEL,NOT_APPLICABLE,EXCEL_OUTSIDE_UJB_COVERAGE,82,82,0,6378.86,6378.86,0.0
2025-07-04,KEND_OPS,EXCEL,NOT_APPLICABLE,EXCEL_OUTSIDE_UJB_COVERAGE,10,10,0,328.2,328.2,0.0
2025-07-04,MODUL,EXCEL,NOT_APPLICABLE,EXCEL_MODUL_AUTHORITATIVE_WHEN_PRESENT,1,1,0,0.0,0.0,0.0
2025-07-04,RTGC,EXCEL,NOT_APPLICABLE,EXCEL_NON_UJB_CATEGORY,63,63,0,13105.1,13105.1,0.0
2025-07-04,SUPPORT,EXCEL,NOT_APPLICABLE,EXCEL_SUPPORT_RETAINED_FORKLIFT_BRIDGE,5,5,0,358.22,358.22,0.0
2025-07-05,BUS,EXCEL,NOT_APPLICABLE,EXCEL_OUTSIDE_UJB_COVERAGE,3,3,0,147.85000000000002,147.85000000000002,0.0
2025-07-05,ELF,EXCEL,NOT_APPLICABLE,EXCEL_OUTSIDE_UJB_COVERAGE,3,3,0,106.5,106.5,0.0
2025-07-05,HEAD_TRUCK,EXCEL,NOT_APPLICABLE,EXCEL_OUTSIDE_UJB_COVERAGE,80,80,0,6318.18,6318.18,0.0
2025-07-05,KEND_OPS,EXCEL,NOT_APPLICABLE,EXCEL_OUTSIDE_UJB_COVERAGE,6,6,0,206.76,206.76,0.0
2025-07-05,MODUL,EXCEL,NOT_APPLICABLE,EXCEL_MODUL_AUTHORITATIVE_WHEN_PRESENT,1,1,0,0.0,0.0,0.0
2025-07-05,RTGC,EXCEL,NOT_APPLICABLE,EXCEL_NON_UJB_CATEGORY,63,63,0,14073.2,14073.2,0.0
2025-07-05,SUPPORT,EXCEL,NOT_APPLICABLE,EXCEL_SUPPORT_RETAINED_FORKLIFT_BRIDGE,4,4,0,356.09000000000003,356.09000000000003,0.0
2025-07-06,BUS,EXCEL,NOT_APPLICABLE,EXCEL_OUTSIDE_UJB_COVERAGE,3,3,0,150.95000000000002,150.95000000000002,0.0
2025-07-06,ELF,EXCEL,NOT_APPLICABLE,EXCEL_OUTSIDE_UJB_COVERAGE,3,3,0,114.82,114.82,0.0
2025-07-06,HEAD_TRUCK,EXCEL,NOT_APPLICABLE,EXCEL_OUTSIDE_UJB_COVERAGE,79,79,0,6550.75,6550.75,0.0
2025-07-06,KEND_OPS,EXCEL,NOT_APPLICABLE,EXCEL_OUTSIDE_UJB_COVERAGE,4,4,0,118.05,118.05,0.0
2025-07-06,RTGC,EXCEL,NOT_APPLICABLE,EXCEL_NON_UJB_CATEGORY,63,63,0,14789.3,14789.3,0.0
2025-07-06,SUPPORT,EXCEL,NOT_APPLICABLE,EXCEL_SUPPORT_RETAINED_FORKLIFT_BRIDGE,4,4,0,260.99,260.99,0.0
2025-07-07,BUS,EXCEL,NOT_APPLICABLE,EXCEL_OUTSIDE_UJB_COVERAGE,3,3,0,134.26,134.26,0.0
2025-07-07,ELF,EXCEL,NOT_APPLICABLE,EXCEL_OUTSIDE_UJB_COVERAGE,3,3,0,112.97,112.97,0.0
2025-07-07,HEAD_TRUCK,EXCEL,NOT_APPLICABLE,EXCEL_OUTSIDE_UJB_COVERAGE,78,78,0,6797.08,6797.08,0.0
2025-07-07,KEND_OPS,EXCEL,NOT_APPLICABLE,EXCEL_OUTSIDE_UJB_COVERAGE,8,8,0,186.17000000000002,186.17000000000002,0.0
2025-07-07,MODUL,EXCEL,NOT_APPLICABLE,EXCEL_MODUL_AUTHORITATIVE_WHEN_PRESENT,1,1,0,0.0,0.0,0.0
2025-07-07,RTGC,EXCEL,NOT_APPLICABLE,EXCEL_NON_UJB_CATEGORY,63,63,0,13871.0,13871.0,0.0
2025-07-07,SUPPORT,EXCEL,NOT_APPLICABLE,EXCEL_SUPPORT_RETAINED_FORKLIFT_BRIDGE,4,4,0,173.91,173.91,0.0
2025-07-08,BUS,EXCEL,NOT_APPLICABLE,EXCEL_OUTSIDE_UJB_COVERAGE,3,3,0,147.11,147.11,0.0
2025-07-08,ELF,EXCEL,NOT_APPLICABLE,EXCEL_OUTSIDE_UJB_COVERAGE,3,3,0,114.00999999999999,114.00999999999999,0.0
2025-07-08,HEAD_TRUCK,EXCEL,NOT_APPLICABLE,EXCEL_OUTSIDE_UJB_COVERAGE,78,78,0,6249.7,6249.7,0.0
2025-07-08,KEND_OPS,EXCEL,NOT_APPLICABLE,EXCEL_OUTSIDE_UJB_COVERAGE,7,7,0,223.79,223.79,0.0
2025-07-08,MODUL,EXCEL,NOT_APPLICABLE,EXCEL_MODUL_AUTHORITATIVE_WHEN_PRESENT,1,1,0,0.0,0.0,0.0
2025-07-08,RTGC,EXCEL,NOT_APPLICABLE,EXCEL_NON_UJB_CATEGORY,63,63,0,13486.8,13486.8,0.0
2025-07-08,SUPPORT,EXCEL,NOT_APPLICABLE,EXCEL_SUPPORT_RETAINED_FORKLIFT_BRIDGE,5,5,0,545.55,545.55,0.0
2025-07-09,BUS,EXCEL,NOT_APPLICABLE,EXCEL_OUTSIDE_UJB_COVERAGE,3,3,0,145.09,145.09,0.0
2025-07-09,ELF,EXCEL,NOT_APPLICABLE,EXCEL_OUTSIDE_UJB_COVERAGE,3,3,0,119.07,119.07,0.0
2025-07-09,HEAD_TRUCK,EXCEL,NOT_APPLICABLE,EXCEL_OUTSIDE_UJB_COVERAGE,81,81,0,6668.96,6668.96,0.0
2025-07-09,KEND_OPS,EXCEL,NOT_APPLICABLE,EXCEL_OUTSIDE_UJB_COVERAGE,11,11,0,277.09000000000003,277.09000000000003,0.0
2025-07-09,MODUL,EXCEL,NOT_APPLICABLE,EXCEL_MODUL_AUTHORITATIVE_WHEN_PRESENT,1,1,0,0.0,0.0,0.0
2025-07-09,RTGC,EXCEL,NOT_APPLICABLE,EXCEL_NON_UJB_CATEGORY,63,63,0,13129.7,13129.7,0.0
2025-07-09,SUPPORT,EXCEL,NOT_APPLICABLE,EXCEL_SUPPORT_RETAINED_FORKLIFT_BRIDGE,4,4,0,286.99,286.99,0.0
2025-07-10,BUS,EXCEL,NOT_APPLICABLE,EXCEL_OUTSIDE_UJB_COVERAGE,3,3,0,148.21,148.21,0.0
2025-07-10,ELF,EXCEL,NOT_APPLICABLE,EXCEL_OUTSIDE_UJB_COVERAGE,3,3,0,115.79,115.79,0.0
2025-07-10,HEAD_TRUCK,EXCEL,NOT_APPLICABLE,EXCEL_OUTSIDE_UJB_COVERAGE,80,80,0,6161.28,6161.28,0.0
2025-07-10,KEND_OPS,EXCEL,NOT_APPLICABLE,EXCEL_OUTSIDE_UJB_COVERAGE,7,7,0,183.85,183.85,0.0
2025-07-10,MODUL,EXCEL,NOT_APPLICABLE,EXCEL_MODUL_AUTHORITATIVE_WHEN_PRESENT,1,1,0,0.0,0.0,0.0
2025-07-10,RTGC,EXCEL,NOT_APPLICABLE,EXCEL_NON_UJB_CATEGORY,63,63,0,12605.3,12605.3,0.0
2025-07-10,SUPPORT,EXCEL,NOT_APPLICABLE,EXCEL_SUPPORT_RETAINED_FORKLIFT_BRIDGE,4,4,0,255.62,255.62,0.0
2025-07-11,BUS,EXCEL,NOT_APPLICABLE,EXCEL_OUTSIDE_UJB_COVERAGE,3,3,0,146.22,146.22,0.0
2025-07-11,ELF,EXCEL,NOT_APPLICABLE,EXCEL_OUTSIDE_UJB_COVERAGE,3,3,0,117.06,117.06,0.0
2025-07-11,HEAD_TRUCK,EXCEL,NOT_APPLICABLE,EXCEL_OUTSIDE_UJB_COVERAGE,80,80,0,7004.54,7004.54,0.0
2025-07-11,KEND_OPS,EXCEL,NOT_APPLICABLE,EXCEL_OUTSIDE_UJB_COVERAGE,5,5,0,159.23,159.23,0.0
2025-07-11,RTGC,EXCEL,NOT_APPLICABLE,EXCEL_NON_UJB_CATEGORY,63,63,0,14374.4,14374.4,0.0
2025-07-11,SUPPORT,EXCEL,NOT_APPLICABLE,EXCEL_SUPPORT_RETAINED_FORKLIFT_BRIDGE,5,5,0,314.13,314.13,0.0
2025-07-12,BUS,EXCEL,NOT_APPLICABLE,EXCEL_OUTSIDE_UJB_COVERAGE,3,3,0,145.61,145.61,0.0
2025-07-12,ELF,EXCEL,NOT_APPLICABLE,EXCEL_OUTSIDE_UJB_COVERAGE,3,3,0,112.69,112.69,0.0
2025-07-12,HEAD_TRUCK,EXCEL,NOT_APPLICABLE,EXCEL_OUTSIDE_UJB_COVERAGE,78,78,0,5275.87,5275.87,0.0
2025-07-12,KEND_OPS,EXCEL,NOT_APPLICABLE,EXCEL_OUTSIDE_UJB_COVERAGE,5,5,0,173.07,173.07,0.0
2025-07-12,MODUL,EXCEL,NOT_APPLICABLE,EXCEL_MODUL_AUTHORITATIVE_WHEN_PRESENT,1,1,0,0.0,0.0,0.0
2025-07-12,RTGC,EXCEL,NOT_APPLICABLE,EXCEL_NON_UJB_CATEGORY,63,63,0,13783.199999999999,13783.199999999999,0.0
2025-07-12,SUPPORT,EXCEL,NOT_APPLICABLE,EXCEL_SUPPORT_RETAINED_FORKLIFT_BRIDGE,4,4,0,396.02,396.02,0.0
2025-07-13,BUS,EXCEL,NOT_APPLICABLE,EXCEL_OUTSIDE_UJB_COVERAGE,3,3,0,143.76999999999998,143.76999999999998,0.0
2025-07-13,ELF,EXCEL,NOT_APPLICABLE,EXCEL_OUTSIDE_UJB_COVERAGE,3,3,0,120.61,120.61,0.0
2025-07-13,HEAD_TRUCK,EXCEL,NOT_APPLICABLE,EXCEL_OUTSIDE_UJB_COVERAGE,78,78,0,6503.76,6503.76,0.0
2025-07-13,KEND_OPS,EXCEL,NOT_APPLICABLE,EXCEL_OUTSIDE_UJB_COVERAGE,7,7,0,177.76,177.76,0.0
2025-07-13,MODUL,EXCEL,NOT_APPLICABLE,EXCEL_MODUL_AUTHORITATIVE_WHEN_PRESENT,1,1,0,0.0,0.0,0.0
2025-07-13,RTGC,EXCEL,NOT_APPLICABLE,EXCEL_NON_UJB_CATEGORY,63,63,0,13598.5,13598.5,0.0
2025-07-13,SUPPORT,EXCEL,NOT_APPLICABLE,EXCEL_SUPPORT_RETAINED_FORKLIFT_BRIDGE,4,4,0,183.39999999999998,183.39999999999998,0.0
2025-07-14,BUS,EXCEL,NOT_APPLICABLE,EXCEL_OUTSIDE_UJB_COVERAGE,3,3,0,153.75,153.75,0.0
2025-07-14,ELF,EXCEL,NOT_APPLICABLE,EXCEL_OUTSIDE_UJB_COVERAGE,3,3,0,120.09,120.09,0.0
2025-07-14,HEAD_TRUCK,EXCEL,NOT_APPLICABLE,EXCEL_OUTSIDE_UJB_COVERAGE,78,78,0,6533.91,6533.91,0.0
2025-07-14,KEND_OPS,EXCEL,NOT_APPLICABLE,EXCEL_OUTSIDE_UJB_COVERAGE,9,9,0,220.91,220.91,0.0
2025-07-14,MODUL,EXCEL,NOT_APPLICABLE,EXCEL_MODUL_AUTHORITATIVE_WHEN_PRESENT,1,1,0,0.0,0.0,0.0
2025-07-14,RTGC,EXCEL,NOT_APPLICABLE,EXCEL_NON_UJB_CATEGORY,63,63,0,12503.5,12503.5,0.0
2025-07-14,SUPPORT,EXCEL,NOT_APPLICABLE,EXCEL_SUPPORT_RETAINED_FORKLIFT_BRIDGE,4,4,0,366.36,366.36,0.0
2025-07-15,BUS,EXCEL,NOT_APPLICABLE,EXCEL_OUTSIDE_UJB_COVERAGE,3,3,0,150.76,150.76,0.0
2025-07-15,ELF,EXCEL,NOT_APPLICABLE,EXCEL_OUTSIDE_UJB_COVERAGE,3,3,0,106.14,106.14,0.0
2025-07-15,HEAD_TRUCK,EXCEL,NOT_APPLICABLE,EXCEL_OUTSIDE_UJB_COVERAGE,77,77,0,6091.89,6091.89,0.0
2025-07-15,KEND_OPS,EXCEL,NOT_APPLICABLE,EXCEL_OUTSIDE_UJB_COVERAGE,5,5,0,143.09,143.09,0.0
2025-07-15,MODUL,EXCEL,NOT_APPLICABLE,EXCEL_MODUL_AUTHORITATIVE_WHEN_PRESENT,1,1,0,0.0,0.0,0.0
2025-07-15,RTGC,EXCEL,NOT_APPLICABLE,EXCEL_NON_UJB_CATEGORY,63,63,0,12158.3,12158.3,0.0
2025-07-15,SUPPORT,EXCEL,NOT_APPLICABLE,EXCEL_SUPPORT_RETAINED_FORKLIFT_BRIDGE,5,5,0,371.97,371.97,0.0
2025-07-16,BUS,EXCEL,NOT_APPLICABLE,EXCEL_OUTSIDE_UJB_COVERAGE,3,3,0,149.88,149.88,0.0
2025-07-16,ELF,EXCEL,NOT_APPLICABLE,EXCEL_OUTSIDE_UJB_COVERAGE,3,3,0,111.7,111.7,0.0
2025-07-16,HEAD_TRUCK,EXCEL,NOT_APPLICABLE,EXCEL_OUTSIDE_UJB_COVERAGE,79,79,0,6392.83,6392.83,0.0
2025-07-16,KEND_OPS,EXCEL,NOT_APPLICABLE,EXCEL_OUTSIDE_UJB_COVERAGE,7,7,0,218.82,218.82,0.0
2025-07-16,MODUL,EXCEL,NOT_APPLICABLE,EXCEL_MODUL_AUTHORITATIVE_WHEN_PRESENT,1,1,0,0.0,0.0,0.0
2025-07-16,RTGC,EXCEL,NOT_APPLICABLE,EXCEL_NON_UJB_CATEGORY,63,63,0,11951.6,11951.6,0.0
2025-07-16,SUPPORT,EXCEL,NOT_APPLICABLE,EXCEL_SUPPORT_RETAINED_FORKLIFT_BRIDGE,3,3,0,338.47,338.47,0.0
2025-07-17,BUS,EXCEL,NOT_APPLICABLE,EXCEL_OUTSIDE_UJB_COVERAGE,3,3,0,141.64000000000001,141.64000000000001,0.0
2025-07-17,ELF,EXCEL,NOT_APPLICABLE,EXCEL_OUTSIDE_UJB_COVERAGE,3,3,0,111.03,111.03,0.0
2025-07-17,HEAD_TRUCK,EXCEL,NOT_APPLICABLE,EXCEL_OUTSIDE_UJB_COVERAGE,78,78,0,6902.41,6902.41,0.0
2025-07-17,KEND_OPS,EXCEL,NOT_APPLICABLE,EXCEL_OUTSIDE_UJB_COVERAGE,8,8,0,213.01,213.01,0.0
2025-07-17,MODUL,EXCEL,NOT_APPLICABLE,EXCEL_MODUL_AUTHORITATIVE_WHEN_PRESENT,1,1,0,0.0,0.0,0.0
2025-07-17,RTGC,EXCEL,NOT_APPLICABLE,EXCEL_NON_UJB_CATEGORY,63,63,0,13399.699999999999,13399.699999999999,0.0
2025-07-17,SUPPORT,EXCEL,NOT_APPLICABLE,EXCEL_SUPPORT_RETAINED_FORKLIFT_BRIDGE,7,7,0,304.93,304.93,0.0
2025-07-18,BUS,EXCEL,NOT_APPLICABLE,EXCEL_OUTSIDE_UJB_COVERAGE,3,3,0,143.39,143.39,0.0
2025-07-18,ELF,EXCEL,NOT_APPLICABLE,EXCEL_OUTSIDE_UJB_COVERAGE,3,3,0,115.57,115.57,0.0
2025-07-18,HEAD_TRUCK,EXCEL,NOT_APPLICABLE,EXCEL_OUTSIDE_UJB_COVERAGE,78,78,0,5944.83,5944.83,0.0
2025-07-18,KEND_OPS,EXCEL,NOT_APPLICABLE,EXCEL_OUTSIDE_UJB_COVERAGE,5,5,0,154.09,154.09,0.0
2025-07-18,MODUL,EXCEL,NOT_APPLICABLE,EXCEL_MODUL_AUTHORITATIVE_WHEN_PRESENT,1,1,0,0.0,0.0,0.0
2025-07-18,RTGC,EXCEL,NOT_APPLICABLE,EXCEL_NON_UJB_CATEGORY,63,63,0,12704.8,12704.8,0.0
2025-07-18,SUPPORT,EXCEL,NOT_APPLICABLE,EXCEL_SUPPORT_RETAINED_FORKLIFT_BRIDGE,4,4,0,282.35999999999996,282.35999999999996,0.0
2025-07-19,BUS,EXCEL,NOT_APPLICABLE,EXCEL_OUTSIDE_UJB_COVERAGE,3,3,0,151.09,151.09,0.0
2025-07-19,ELF,EXCEL,NOT_APPLICABLE,EXCEL_OUTSIDE_UJB_COVERAGE,3,3,0,118.50999999999999,118.50999999999999,0.0
2025-07-19,HEAD_TRUCK,EXCEL,NOT_APPLICABLE,EXCEL_OUTSIDE_UJB_COVERAGE,76,76,0,6476.71,6476.71,0.0
2025-07-19,KEND_OPS,EXCEL,NOT_APPLICABLE,EXCEL_OUTSIDE_UJB_COVERAGE,10,10,0,278.0,278.0,0.0
2025-07-19,MODUL,EXCEL,NOT_APPLICABLE,EXCEL_MODUL_AUTHORITATIVE_WHEN_PRESENT,1,1,0,0.0,0.0,0.0
2025-07-19,RTGC,EXCEL,NOT_APPLICABLE,EXCEL_NON_UJB_CATEGORY,63,63,0,12945.7,12945.7,0.0
2025-07-19,SUPPORT,EXCEL,NOT_APPLICABLE,EXCEL_SUPPORT_RETAINED_FORKLIFT_BRIDGE,6,6,0,669.4300000000001,669.4300000000001,0.0
2025-07-20,BUS,EXCEL,NOT_APPLICABLE,EXCEL_OUTSIDE_UJB_COVERAGE,3,3,0,151.11,151.11,0.0
2025-07-20,ELF,EXCEL,NOT_APPLICABLE,EXCEL_OUTSIDE_UJB_COVERAGE,3,3,0,118.62,118.62,0.0
2025-07-20,HEAD_TRUCK,EXCEL,NOT_APPLICABLE,EXCEL_OUTSIDE_UJB_COVERAGE,79,79,0,7021.15,7021.15,0.0
2025-07-20,KEND_OPS,EXCEL,NOT_APPLICABLE,EXCEL_OUTSIDE_UJB_COVERAGE,3,3,0,104.43,104.43,0.0
2025-07-20,MODUL,EXCEL,NOT_APPLICABLE,EXCEL_MODUL_AUTHORITATIVE_WHEN_PRESENT,1,1,0,0.0,0.0,0.0
2025-07-20,RTGC,EXCEL,NOT_APPLICABLE,EXCEL_NON_UJB_CATEGORY,63,63,0,12996.1,12996.1,0.0
2025-07-20,SUPPORT,EXCEL,NOT_APPLICABLE,EXCEL_SUPPORT_RETAINED_FORKLIFT_BRIDGE,4,4,0,371.57,371.57,0.0
2025-07-21,BUS,EXCEL,NOT_APPLICABLE,EXCEL_OUTSIDE_UJB_COVERAGE,3,3,0,150.44,150.44,0.0
2025-07-21,ELF,EXCEL,NOT_APPLICABLE,EXCEL_OUTSIDE_UJB_COVERAGE,3,3,0,115.12,115.12,0.0
2025-07-21,HEAD_TRUCK,EXCEL,NOT_APPLICABLE,EXCEL_OUTSIDE_UJB_COVERAGE,80,80,0,6180.52,6180.52,0.0
2025-07-21,KEND_OPS,EXCEL,NOT_APPLICABLE,EXCEL_OUTSIDE_UJB_COVERAGE,7,7,0,213.05,213.05,0.0
2025-07-21,MODUL,EXCEL,NOT_APPLICABLE,EXCEL_MODUL_AUTHORITATIVE_WHEN_PRESENT,1,1,0,0.0,0.0,0.0
2025-07-21,RTGC,EXCEL,NOT_APPLICABLE,EXCEL_NON_UJB_CATEGORY,63,63,0,13852.1,13852.1,0.0
2025-07-21,SUPPORT,EXCEL,NOT_APPLICABLE,EXCEL_SUPPORT_RETAINED_FORKLIFT_BRIDGE,4,4,0,284.08,284.08,0.0
2025-07-22,BUS,EXCEL,NOT_APPLICABLE,EXCEL_OUTSIDE_UJB_COVERAGE,3,3,0,150.62,150.62,0.0
2025-07-22,ELF,EXCEL,NOT_APPLICABLE,EXCEL_OUTSIDE_UJB_COVERAGE,3,3,0,104.7,104.7,0.0
2025-07-22,HEAD_TRUCK,EXCEL,NOT_APPLICABLE,EXCEL_OUTSIDE_UJB_COVERAGE,77,77,0,6363.58,6363.58,0.0
2025-07-22,KEND_OPS,EXCEL,NOT_APPLICABLE,EXCEL_OUTSIDE_UJB_COVERAGE,6,6,0,156.0,156.0,0.0
2025-07-22,MODUL,EXCEL,NOT_APPLICABLE,EXCEL_MODUL_AUTHORITATIVE_WHEN_PRESENT,2,2,0,600.1,600.1,0.0
2025-07-22,RTGC,EXCEL,NOT_APPLICABLE,EXCEL_NON_UJB_CATEGORY,63,63,0,13944.699999999999,13944.699999999999,0.0
2025-07-22,SUPPORT,EXCEL,NOT_APPLICABLE,EXCEL_SUPPORT_RETAINED_FORKLIFT_BRIDGE,5,5,0,380.01,380.01,0.0
2025-07-23,BUS,EXCEL,NOT_APPLICABLE,EXCEL_OUTSIDE_UJB_COVERAGE,3,3,0,150.49,150.49,0.0
2025-07-23,ELF,EXCEL,NOT_APPLICABLE,EXCEL_OUTSIDE_UJB_COVERAGE,3,3,0,107.23,107.23,0.0
2025-07-23,HEAD_TRUCK,EXCEL,NOT_APPLICABLE,EXCEL_OUTSIDE_UJB_COVERAGE,80,80,0,6858.73,6858.73,0.0
2025-07-23,KEND_OPS,EXCEL,NOT_APPLICABLE,EXCEL_OUTSIDE_UJB_COVERAGE,4,4,0,88.77,88.77,0.0
2025-07-23,MODUL,EXCEL,NOT_APPLICABLE,EXCEL_MODUL_AUTHORITATIVE_WHEN_PRESENT,1,1,0,0.0,0.0,0.0
2025-07-23,RTGC,EXCEL,NOT_APPLICABLE,EXCEL_NON_UJB_CATEGORY,63,63,0,14173.699999999999,14173.699999999999,0.0
2025-07-23,SUPPORT,EXCEL,NOT_APPLICABLE,EXCEL_SUPPORT_RETAINED_FORKLIFT_BRIDGE,6,6,0,358.66999999999996,358.66999999999996,0.0
2025-07-24,BUS,EXCEL,NOT_APPLICABLE,EXCEL_OUTSIDE_UJB_COVERAGE,3,3,0,150.95,150.95,0.0
2025-07-24,ELF,EXCEL,NOT_APPLICABLE,EXCEL_OUTSIDE_UJB_COVERAGE,3,3,0,113.1,113.1,0.0
2025-07-24,HEAD_TRUCK,EXCEL,NOT_APPLICABLE,EXCEL_OUTSIDE_UJB_COVERAGE,80,80,0,6650.46,6650.46,0.0
2025-07-24,KEND_OPS,EXCEL,NOT_APPLICABLE,EXCEL_OUTSIDE_UJB_COVERAGE,4,4,0,159.97,159.97,0.0
2025-07-24,MODUL,EXCEL,NOT_APPLICABLE,EXCEL_MODUL_AUTHORITATIVE_WHEN_PRESENT,1,1,0,0.0,0.0,0.0
2025-07-24,RTGC,EXCEL,NOT_APPLICABLE,EXCEL_NON_UJB_CATEGORY,63,63,0,13636.8,13636.8,0.0
2025-07-24,SUPPORT,EXCEL,NOT_APPLICABLE,EXCEL_SUPPORT_RETAINED_FORKLIFT_BRIDGE,4,4,0,248.31,248.31,0.0
2025-07-25,BUS,EXCEL,NOT_APPLICABLE,EXCEL_OUTSIDE_UJB_COVERAGE,3,3,0,150.70999999999998,150.70999999999998,0.0
2025-07-25,ELF,EXCEL,NOT_APPLICABLE,EXCEL_OUTSIDE_UJB_COVERAGE,3,3,0,115.55,115.55,0.0
2025-07-25,HEAD_TRUCK,EXCEL,NOT_APPLICABLE,EXCEL_OUTSIDE_UJB_COVERAGE,80,80,0,6572.66,6572.66,0.0
2025-07-25,KEND_OPS,EXCEL,NOT_APPLICABLE,EXCEL_OUTSIDE_UJB_COVERAGE,8,8,0,290.25,290.25,0.0
2025-07-25,MODUL,EXCEL,NOT_APPLICABLE,EXCEL_MODUL_AUTHORITATIVE_WHEN_PRESENT,1,1,0,0.0,0.0,0.0
2025-07-25,RTGC,EXCEL,NOT_APPLICABLE,EXCEL_NON_UJB_CATEGORY,63,63,0,12982.9,12982.9,0.0
2025-07-25,SUPPORT,EXCEL,NOT_APPLICABLE,EXCEL_SUPPORT_RETAINED_FORKLIFT_BRIDGE,4,4,0,315.63,315.63,0.0
2025-07-26,BUS,EXCEL,NOT_APPLICABLE,EXCEL_OUTSIDE_UJB_COVERAGE,3,3,0,149.9,149.9,0.0
2025-07-26,ELF,EXCEL,NOT_APPLICABLE,EXCEL_OUTSIDE_UJB_COVERAGE,3,3,0,117.13,117.13,0.0
2025-07-26,HEAD_TRUCK,EXCEL,NOT_APPLICABLE,EXCEL_OUTSIDE_UJB_COVERAGE,78,78,0,6060.83,6060.83,0.0
2025-07-26,KEND_OPS,EXCEL,NOT_APPLICABLE,EXCEL_OUTSIDE_UJB_COVERAGE,6,6,0,171.13,171.13,0.0
2025-07-26,MODUL,EXCEL,NOT_APPLICABLE,EXCEL_MODUL_AUTHORITATIVE_WHEN_PRESENT,1,1,0,0.0,0.0,0.0
2025-07-26,RTGC,EXCEL,NOT_APPLICABLE,EXCEL_NON_UJB_CATEGORY,63,63,0,12078.9,12078.9,0.0
2025-07-26,SUPPORT,EXCEL,NOT_APPLICABLE,EXCEL_SUPPORT_RETAINED_FORKLIFT_BRIDGE,4,4,0,246.33,246.33,0.0
2025-07-27,BUS,EXCEL,NOT_APPLICABLE,EXCEL_OUTSIDE_UJB_COVERAGE,3,3,0,150.13,150.13,0.0
2025-07-27,ELF,EXCEL,NOT_APPLICABLE,EXCEL_OUTSIDE_UJB_COVERAGE,3,3,0,120.47999999999999,120.47999999999999,0.0
2025-07-27,HEAD_TRUCK,EXCEL,NOT_APPLICABLE,EXCEL_OUTSIDE_UJB_COVERAGE,71,71,0,3611.4900000000002,3611.4900000000002,0.0
2025-07-27,KEND_OPS,EXCEL,NOT_APPLICABLE,EXCEL_OUTSIDE_UJB_COVERAGE,5,5,0,128.55,128.55,0.0
2025-07-27,MODUL,EXCEL,NOT_APPLICABLE,EXCEL_MODUL_AUTHORITATIVE_WHEN_PRESENT,1,1,0,0.0,0.0,0.0
2025-07-27,RTGC,EXCEL,NOT_APPLICABLE,EXCEL_NON_UJB_CATEGORY,63,63,0,9130.7,9130.7,0.0
2025-07-27,SUPPORT,EXCEL,NOT_APPLICABLE,EXCEL_SUPPORT_RETAINED_FORKLIFT_BRIDGE,4,4,0,260.86,260.86,0.0
2025-07-28,BUS,EXCEL,NOT_APPLICABLE,EXCEL_OUTSIDE_UJB_COVERAGE,3,3,0,151.12,151.12,0.0
2025-07-28,ELF,EXCEL,NOT_APPLICABLE,EXCEL_OUTSIDE_UJB_COVERAGE,3,3,0,117.97999999999999,117.97999999999999,0.0
2025-07-28,HEAD_TRUCK,EXCEL,NOT_APPLICABLE,EXCEL_OUTSIDE_UJB_COVERAGE,74,74,0,3551.48,3551.48,0.0
2025-07-28,KEND_OPS,EXCEL,NOT_APPLICABLE,EXCEL_OUTSIDE_UJB_COVERAGE,11,11,0,399.15,399.15,0.0
2025-07-28,MODUL,EXCEL,NOT_APPLICABLE,EXCEL_MODUL_AUTHORITATIVE_WHEN_PRESENT,1,1,0,0.0,0.0,0.0
2025-07-28,RTGC,EXCEL,NOT_APPLICABLE,EXCEL_NON_UJB_CATEGORY,63,63,0,7089.6,7089.6,0.0
2025-07-28,SUPPORT,EXCEL,NOT_APPLICABLE,EXCEL_SUPPORT_RETAINED_FORKLIFT_BRIDGE,4,4,0,202.44,202.44,0.0
2025-07-29,BUS,EXCEL,NOT_APPLICABLE,EXCEL_OUTSIDE_UJB_COVERAGE,3,3,0,150.44,150.44,0.0
2025-07-29,ELF,EXCEL,NOT_APPLICABLE,EXCEL_OUTSIDE_UJB_COVERAGE,3,3,0,121.34,121.34,0.0
2025-07-29,HEAD_TRUCK,EXCEL,NOT_APPLICABLE,EXCEL_OUTSIDE_UJB_COVERAGE,74,74,0,4528.14,4528.14,0.0
2025-07-29,KEND_OPS,EXCEL,NOT_APPLICABLE,EXCEL_OUTSIDE_UJB_COVERAGE,3,3,0,60.82,60.82,0.0
2025-07-29,MODUL,EXCEL,NOT_APPLICABLE,EXCEL_MODUL_AUTHORITATIVE_WHEN_PRESENT,1,1,0,0.0,0.0,0.0
2025-07-29,RTGC,EXCEL,NOT_APPLICABLE,EXCEL_NON_UJB_CATEGORY,63,63,0,9976.699999999999,9976.699999999999,0.0
2025-07-29,SUPPORT,EXCEL,NOT_APPLICABLE,EXCEL_SUPPORT_RETAINED_FORKLIFT_BRIDGE,5,5,0,417.24,417.24,0.0
2025-07-30,BUS,EXCEL,NOT_APPLICABLE,EXCEL_OUTSIDE_UJB_COVERAGE,3,3,0,150.88,150.88,0.0
2025-07-30,ELF,EXCEL,NOT_APPLICABLE,EXCEL_OUTSIDE_UJB_COVERAGE,3,3,0,115.47999999999999,115.47999999999999,0.0
2025-07-30,HEAD_TRUCK,EXCEL,NOT_APPLICABLE,EXCEL_OUTSIDE_UJB_COVERAGE,81,81,0,4568.58,4568.58,0.0
2025-07-30,KEND_OPS,EXCEL,NOT_APPLICABLE,EXCEL_OUTSIDE_UJB_COVERAGE,5,5,0,149.45,149.45,0.0
2025-07-30,MODUL,EXCEL,NOT_APPLICABLE,EXCEL_MODUL_AUTHORITATIVE_WHEN_PRESENT,1,1,0,0.0,0.0,0.0
2025-07-30,RTGC,EXCEL,NOT_APPLICABLE,EXCEL_NON_UJB_CATEGORY,63,63,0,10741.5,10741.5,0.0
2025-07-30,SUPPORT,EXCEL,NOT_APPLICABLE,EXCEL_SUPPORT_RETAINED_FORKLIFT_BRIDGE,6,6,0,342.79999999999995,342.79999999999995,0.0
2025-07-31,BUS,EXCEL,NOT_APPLICABLE,EXCEL_OUTSIDE_UJB_COVERAGE,3,3,0,150.65,150.65,0.0
2025-07-31,ELF,EXCEL,NOT_APPLICABLE,EXCEL_OUTSIDE_UJB_COVERAGE,3,3,0,108.99000000000001,108.99000000000001,0.0
2025-07-31,HEAD_TRUCK,EXCEL,NOT_APPLICABLE,EXCEL_OUTSIDE_UJB_COVERAGE,77,77,0,6750.2,6750.2,0.0
2025-07-31,KEND_OPS,EXCEL,NOT_APPLICABLE,EXCEL_OUTSIDE_UJB_COVERAGE,5,5,0,136.16,136.16,0.0
2025-07-31,MODUL,EXCEL,NOT_APPLICABLE,EXCEL_MODUL_AUTHORITATIVE_WHEN_PRESENT,1,1,0,0.0,0.0,0.0
2025-07-31,RTGC,EXCEL,NOT_APPLICABLE,EXCEL_NON_UJB_CATEGORY,63,63,0,13045.1,13045.1,0.0
2025-07-31,SUPPORT,EXCEL,NOT_APPLICABLE,EXCEL_SUPPORT_RETAINED_FORKLIFT_BRIDGE,6,6,0,341.15,341.15,0.0
2025-08-01,BUS,EXCEL,NOT_APPLICABLE,EXCEL_OUTSIDE_UJB_COVERAGE,3,3,0,142.62,142.62,0.0
2025-08-01,ELF,EXCEL,NOT_APPLICABLE,EXCEL_OUTSIDE_UJB_COVERAGE,3,3,0,114.28999999999999,114.28999999999999,0.0
2025-08-01,HEAD_TRUCK,EXCEL,NOT_APPLICABLE,EXCEL_OUTSIDE_UJB_COVERAGE,79,79,0,6342.24,6342.24,0.0
2025-08-01,KEND_OPS,EXCEL,NOT_APPLICABLE,EXCEL_OUTSIDE_UJB_COVERAGE,7,7,0,211.59,211.59,0.0
2025-08-01,MODUL,EXCEL,NOT_APPLICABLE,EXCEL_MODUL_AUTHORITATIVE_WHEN_PRESENT,1,1,0,0.0,0.0,0.0
2025-08-01,RTGC,EXCEL,NOT_APPLICABLE,EXCEL_NON_UJB_CATEGORY,63,63,0,12314.0,12314.0,0.0
2025-08-01,SUPPORT,EXCEL,NOT_APPLICABLE,EXCEL_SUPPORT_RETAINED_FORKLIFT_BRIDGE,4,4,0,440.28000000000003,440.28000000000003,0.0
2025-08-02,BUS,EXCEL,NOT_APPLICABLE,EXCEL_OUTSIDE_UJB_COVERAGE,3,3,0,150.77,150.77,0.0
2025-08-02,ELF,EXCEL,NOT_APPLICABLE,EXCEL_OUTSIDE_UJB_COVERAGE,3,3,0,119.25999999999999,119.25999999999999,0.0
2025-08-02,HEAD_TRUCK,EXCEL,NOT_APPLICABLE,EXCEL_OUTSIDE_UJB_COVERAGE,75,75,0,5589.56,5589.56,0.0
2025-08-02,KEND_OPS,EXCEL,NOT_APPLICABLE,EXCEL_OUTSIDE_UJB_COVERAGE,11,11,0,284.05,284.05,0.0
2025-08-02,MODUL,EXCEL,NOT_APPLICABLE,EXCEL_MODUL_AUTHORITATIVE_WHEN_PRESENT,1,1,0,0.0,0.0,0.0
2025-08-02,RTGC,EXCEL,NOT_APPLICABLE,EXCEL_NON_UJB_CATEGORY,63,63,0,12126.5,12126.5,0.0
2025-08-02,SUPPORT,EXCEL,NOT_APPLICABLE,EXCEL_SUPPORT_RETAINED_FORKLIFT_BRIDGE,5,5,0,250.28,250.28,0.0
2025-08-03,BUS,EXCEL,NOT_APPLICABLE,EXCEL_OUTSIDE_UJB_COVERAGE,3,3,0,150.09,150.09,0.0
2025-08-03,ELF,EXCEL,NOT_APPLICABLE,EXCEL_OUTSIDE_UJB_COVERAGE,3,3,0,118.31,118.31,0.0
2025-08-03,HEAD_TRUCK,EXCEL,NOT_APPLICABLE,EXCEL_OUTSIDE_UJB_COVERAGE,78,78,0,5805.51,5805.51,0.0
2025-08-03,KEND_OPS,EXCEL,NOT_APPLICABLE,EXCEL_OUTSIDE_UJB_COVERAGE,7,7,0,135.86,135.86,0.0
2025-08-03,MODUL,EXCEL,NOT_APPLICABLE,EXCEL_MODUL_AUTHORITATIVE_WHEN_PRESENT,1,1,0,0.0,0.0,0.0
2025-08-03,RTGC,EXCEL,NOT_APPLICABLE,EXCEL_NON_UJB_CATEGORY,63,63,0,9991.9,9991.9,0.0
2025-08-03,SUPPORT,EXCEL,NOT_APPLICABLE,EXCEL_SUPPORT_RETAINED_FORKLIFT_BRIDGE,3,3,0,113.64,113.64,0.0
2025-08-04,BUS,EXCEL,NOT_APPLICABLE,EXCEL_OUTSIDE_UJB_COVERAGE,3,3,0,150.57,150.57,0.0
2025-08-04,ELF,EXCEL,NOT_APPLICABLE,EXCEL_OUTSIDE_UJB_COVERAGE,3,3,0,114.47,114.47,0.0
2025-08-04,HEAD_TRUCK,EXCEL,NOT_APPLICABLE,EXCEL_OUTSIDE_UJB_COVERAGE,82,82,0,6607.97,6607.97,0.0
2025-08-04,KEND_OPS,EXCEL,NOT_APPLICABLE,EXCEL_OUTSIDE_UJB_COVERAGE,5,5,0,109.03,109.03,0.0
2025-08-04,MODUL,EXCEL,NOT_APPLICABLE,EXCEL_MODUL_AUTHORITATIVE_WHEN_PRESENT,1,1,0,0.0,0.0,0.0
2025-08-04,RTGC,EXCEL,NOT_APPLICABLE,EXCEL_NON_UJB_CATEGORY,63,63,0,9083.6,9083.6,0.0
2025-08-04,SUPPORT,EXCEL,NOT_APPLICABLE,EXCEL_SUPPORT_RETAINED_FORKLIFT_BRIDGE,6,6,0,285.43,285.43,0.0
2025-08-05,BUS,EXCEL,NOT_APPLICABLE,EXCEL_OUTSIDE_UJB_COVERAGE,3,3,0,151.1,151.1,0.0
2025-08-05,ELF,EXCEL,NOT_APPLICABLE,EXCEL_OUTSIDE_UJB_COVERAGE,3,3,0,115.58,115.58,0.0
2025-08-05,HEAD_TRUCK,EXCEL,NOT_APPLICABLE,EXCEL_OUTSIDE_UJB_COVERAGE,81,81,0,6471.14,6471.14,0.0
2025-08-05,KEND_OPS,EXCEL,NOT_APPLICABLE,EXCEL_OUTSIDE_UJB_COVERAGE,4,4,0,107.36,107.36,0.0
2025-08-05,MODUL,EXCEL,NOT_APPLICABLE,EXCEL_MODUL_AUTHORITATIVE_WHEN_PRESENT,1,1,0,0.0,0.0,0.0
2025-08-05,RTGC,EXCEL,NOT_APPLICABLE,EXCEL_NON_UJB_CATEGORY,63,63,0,14150.4,14150.4,0.0
2025-08-05,SUPPORT,EXCEL,NOT_APPLICABLE,EXCEL_SUPPORT_RETAINED_FORKLIFT_BRIDGE,5,5,0,276.5,276.5,0.0
2025-08-06,BUS,EXCEL,NOT_APPLICABLE,EXCEL_OUTSIDE_UJB_COVERAGE,3,3,0,150.54,150.54,0.0
2025-08-06,ELF,EXCEL,NOT_APPLICABLE,EXCEL_OUTSIDE_UJB_COVERAGE,3,3,0,110.59,110.59,0.0
2025-08-06,HEAD_TRUCK,EXCEL,NOT_APPLICABLE,EXCEL_OUTSIDE_UJB_COVERAGE,78,78,0,6121.46,6121.46,0.0
2025-08-06,KEND_OPS,EXCEL,NOT_APPLICABLE,EXCEL_OUTSIDE_UJB_COVERAGE,11,11,0,332.39,332.39,0.0
2025-08-06,RTGC,EXCEL,NOT_APPLICABLE,EXCEL_NON_UJB_CATEGORY,63,63,0,14180.8,14180.8,0.0
2025-08-06,SUPPORT,EXCEL,NOT_APPLICABLE,EXCEL_SUPPORT_RETAINED_FORKLIFT_BRIDGE,5,5,0,264.06,264.06,0.0
2025-08-07,BUS,EXCEL,NOT_APPLICABLE,EXCEL_OUTSIDE_UJB_COVERAGE,3,3,0,150.82,150.82,0.0
2025-08-07,ELF,EXCEL,NOT_APPLICABLE,EXCEL_OUTSIDE_UJB_COVERAGE,3,3,0,121.72999999999999,121.72999999999999,0.0
2025-08-07,HEAD_TRUCK,EXCEL,NOT_APPLICABLE,EXCEL_OUTSIDE_UJB_COVERAGE,78,78,0,7006.5,7006.5,0.0
2025-08-07,KEND_OPS,EXCEL,NOT_APPLICABLE,EXCEL_OUTSIDE_UJB_COVERAGE,7,7,0,223.11,223.11,0.0
2025-08-07,MODUL,EXCEL,NOT_APPLICABLE,EXCEL_MODUL_AUTHORITATIVE_WHEN_PRESENT,1,1,0,0.0,0.0,0.0
2025-08-07,RTGC,EXCEL,NOT_APPLICABLE,EXCEL_NON_UJB_CATEGORY,63,63,0,14130.3,14130.3,0.0
2025-08-07,SUPPORT,EXCEL,NOT_APPLICABLE,EXCEL_SUPPORT_RETAINED_FORKLIFT_BRIDGE,5,5,0,360.05,360.05,0.0
2025-08-08,BUS,EXCEL,NOT_APPLICABLE,EXCEL_OUTSIDE_UJB_COVERAGE,3,3,0,149.8,149.8,0.0
2025-08-08,ELF,EXCEL,NOT_APPLICABLE,EXCEL_OUTSIDE_UJB_COVERAGE,3,3,0,120.4,120.4,0.0
2025-08-08,HEAD_TRUCK,EXCEL,NOT_APPLICABLE,EXCEL_OUTSIDE_UJB_COVERAGE,80,80,0,7062.18,7062.18,0.0
2025-08-08,KEND_OPS,EXCEL,NOT_APPLICABLE,EXCEL_OUTSIDE_UJB_COVERAGE,7,7,0,202.15,202.15,0.0
2025-08-08,MODUL,EXCEL,NOT_APPLICABLE,EXCEL_MODUL_AUTHORITATIVE_WHEN_PRESENT,1,1,0,0.0,0.0,0.0
2025-08-08,RTGC,EXCEL,NOT_APPLICABLE,EXCEL_NON_UJB_CATEGORY,63,63,0,13212.8,13212.8,0.0
2025-08-08,SUPPORT,EXCEL,NOT_APPLICABLE,EXCEL_SUPPORT_RETAINED_FORKLIFT_BRIDGE,5,5,0,487.34000000000003,487.34000000000003,0.0
2025-08-09,BUS,EXCEL,NOT_APPLICABLE,EXCEL_OUTSIDE_UJB_COVERAGE,3,3,0,150.4,150.4,0.0
2025-08-09,ELF,EXCEL,NOT_APPLICABLE,EXCEL_OUTSIDE_UJB_COVERAGE,3,3,0,115.82,115.82,0.0
2025-08-09,HEAD_TRUCK,EXCEL,NOT_APPLICABLE,EXCEL_OUTSIDE_UJB_COVERAGE,78,78,0,5803.7,5803.7,0.0
2025-08-09,KEND_OPS,EXCEL,NOT_APPLICABLE,EXCEL_OUTSIDE_UJB_COVERAGE,6,6,0,200.66,200.66,0.0
2025-08-09,MODUL,EXCEL,NOT_APPLICABLE,EXCEL_MODUL_AUTHORITATIVE_WHEN_PRESENT,1,1,0,0.0,0.0,0.0
2025-08-09,RTGC,EXCEL,NOT_APPLICABLE,EXCEL_NON_UJB_CATEGORY,63,63,0,13544.3,13544.3,0.0
2025-08-09,SUPPORT,EXCEL,NOT_APPLICABLE,EXCEL_SUPPORT_RETAINED_FORKLIFT_BRIDGE,4,4,0,304.34000000000003,304.34000000000003,0.0
2025-08-10,BUS,EXCEL,NOT_APPLICABLE,EXCEL_OUTSIDE_UJB_COVERAGE,3,3,0,150.61,150.61,0.0
2025-08-10,ELF,EXCEL,NOT_APPLICABLE,EXCEL_OUTSIDE_UJB_COVERAGE,3,3,0,110.92,110.92,0.0
2025-08-10,HEAD_TRUCK,EXCEL,NOT_APPLICABLE,EXCEL_OUTSIDE_UJB_COVERAGE,78,78,0,5635.64,5635.64,0.0
2025-08-10,KEND_OPS,EXCEL,NOT_APPLICABLE,EXCEL_OUTSIDE_UJB_COVERAGE,4,4,0,91.31,91.31,0.0
2025-08-10,MODUL,EXCEL,NOT_APPLICABLE,EXCEL_MODUL_AUTHORITATIVE_WHEN_PRESENT,1,1,0,0.0,0.0,0.0
2025-08-10,RTGC,EXCEL,NOT_APPLICABLE,EXCEL_NON_UJB_CATEGORY,63,63,0,11897.0,11897.0,0.0
2025-08-10,SUPPORT,EXCEL,NOT_APPLICABLE,EXCEL_SUPPORT_RETAINED_FORKLIFT_BRIDGE,3,3,0,272.59,272.59,0.0
2025-08-11,BUS,EXCEL,NOT_APPLICABLE,EXCEL_OUTSIDE_UJB_COVERAGE,3,3,0,150.0,150.0,0.0
2025-08-11,ELF,EXCEL,NOT_APPLICABLE,EXCEL_OUTSIDE_UJB_COVERAGE,3,3,0,106.0,106.0,0.0
2025-08-11,HEAD_TRUCK,EXCEL,NOT_APPLICABLE,EXCEL_OUTSIDE_UJB_COVERAGE,94,94,0,6805.43,6805.43,0.0
2025-08-11,KEND_OPS,EXCEL,NOT_APPLICABLE,EXCEL_OUTSIDE_UJB_COVERAGE,9,9,0,222.72,222.72,0.0
2025-08-11,RTGC,EXCEL,NOT_APPLICABLE,EXCEL_NON_UJB_CATEGORY,63,63,0,10525.0,10525.0,0.0
2025-08-11,SUPPORT,EXCEL,NOT_APPLICABLE,EXCEL_SUPPORT_RETAINED_FORKLIFT_BRIDGE,5,5,0,360.67,360.67,0.0
2025-08-12,BUS,EXCEL,NOT_APPLICABLE,EXCEL_OUTSIDE_UJB_COVERAGE,3,3,0,149.0,149.0,0.0
2025-08-12,ELF,EXCEL,NOT_APPLICABLE,EXCEL_OUTSIDE_UJB_COVERAGE,3,3,0,115.0,115.0,0.0
2025-08-12,HEAD_TRUCK,EXCEL,NOT_APPLICABLE,EXCEL_OUTSIDE_UJB_COVERAGE,88,88,0,6146.33,6146.33,0.0
2025-08-12,KEND_OPS,EXCEL,NOT_APPLICABLE,EXCEL_OUTSIDE_UJB_COVERAGE,5,5,0,122.8,122.8,0.0
2025-08-12,MODUL,EXCEL,NOT_APPLICABLE,EXCEL_MODUL_AUTHORITATIVE_WHEN_PRESENT,1,1,0,0.0,0.0,0.0
2025-08-12,RTGC,EXCEL,NOT_APPLICABLE,EXCEL_NON_UJB_CATEGORY,63,63,0,11239.0,11239.0,0.0
2025-08-12,SUPPORT,EXCEL,NOT_APPLICABLE,EXCEL_SUPPORT_RETAINED_FORKLIFT_BRIDGE,4,4,0,418.44,418.44,0.0
2025-08-13,BUS,EXCEL,NOT_APPLICABLE,EXCEL_OUTSIDE_UJB_COVERAGE,3,3,0,148.7,148.7,0.0
2025-08-13,ELF,EXCEL,NOT_APPLICABLE,EXCEL_OUTSIDE_UJB_COVERAGE,3,3,0,109.0,109.0,0.0
2025-08-13,HEAD_TRUCK,EXCEL,NOT_APPLICABLE,EXCEL_OUTSIDE_UJB_COVERAGE,87,87,0,6386.67,6386.67,0.0
2025-08-13,KEND_OPS,EXCEL,NOT_APPLICABLE,EXCEL_OUTSIDE_UJB_COVERAGE,5,5,0,171.15,171.15,0.0
2025-08-13,MODUL,EXCEL,NOT_APPLICABLE,EXCEL_MODUL_AUTHORITATIVE_WHEN_PRESENT,1,1,0,0.0,0.0,0.0
2025-08-13,RTGC,EXCEL,NOT_APPLICABLE,EXCEL_NON_UJB_CATEGORY,63,63,0,14395.0,14395.0,0.0
2025-08-13,SUPPORT,EXCEL,NOT_APPLICABLE,EXCEL_SUPPORT_RETAINED_FORKLIFT_BRIDGE,7,7,0,494.03,494.03,0.0
2025-08-14,BUS,EXCEL,NOT_APPLICABLE,EXCEL_OUTSIDE_UJB_COVERAGE,3,3,0,100.37,100.37,0.0
2025-08-14,ELF,EXCEL,NOT_APPLICABLE,EXCEL_OUTSIDE_UJB_COVERAGE,3,3,0,103.22,103.22,0.0
2025-08-14,HEAD_TRUCK,EXCEL,NOT_APPLICABLE,EXCEL_OUTSIDE_UJB_COVERAGE,88,88,0,5209.31,5209.31,0.0
2025-08-14,KEND_OPS,EXCEL,NOT_APPLICABLE,EXCEL_OUTSIDE_UJB_COVERAGE,5,5,0,146.47,146.47,0.0
2025-08-14,MODUL,EXCEL,NOT_APPLICABLE,EXCEL_MODUL_AUTHORITATIVE_WHEN_PRESENT,1,1,0,0.0,0.0,0.0
2025-08-14,RTGC,EXCEL,NOT_APPLICABLE,EXCEL_NON_UJB_CATEGORY,63,63,0,13217.0,13217.0,0.0
2025-08-14,SUPPORT,EXCEL,NOT_APPLICABLE,EXCEL_SUPPORT_RETAINED_FORKLIFT_BRIDGE,3,3,0,431.36,431.36,0.0
2025-08-15,BUS,EXCEL,NOT_APPLICABLE,EXCEL_OUTSIDE_UJB_COVERAGE,3,3,0,150.59,150.59,0.0
2025-08-15,ELF,EXCEL,NOT_APPLICABLE,EXCEL_OUTSIDE_UJB_COVERAGE,3,3,0,111.56,111.56,0.0
2025-08-15,HEAD_TRUCK,EXCEL,NOT_APPLICABLE,EXCEL_OUTSIDE_UJB_COVERAGE,87,87,0,5741.42,5741.42,0.0
2025-08-15,KEND_OPS,EXCEL,NOT_APPLICABLE,EXCEL_OUTSIDE_UJB_COVERAGE,11,11,0,373.87,373.87,0.0
2025-08-15,MODUL,EXCEL,NOT_APPLICABLE,EXCEL_MODUL_AUTHORITATIVE_WHEN_PRESENT,1,1,0,0.0,0.0,0.0
2025-08-15,RTGC,EXCEL,NOT_APPLICABLE,EXCEL_NON_UJB_CATEGORY,63,63,0,14106.0,14106.0,0.0
2025-08-15,SUPPORT,EXCEL,NOT_APPLICABLE,EXCEL_SUPPORT_RETAINED_FORKLIFT_BRIDGE,5,5,0,358.87,358.87,0.0
2025-08-16,BUS,EXCEL,NOT_APPLICABLE,EXCEL_OUTSIDE_UJB_COVERAGE,3,3,0,149.85,149.85,0.0
2025-08-16,ELF,EXCEL,NOT_APPLICABLE,EXCEL_OUTSIDE_UJB_COVERAGE,3,3,0,110.95,110.95,0.0
2025-08-16,HEAD_TRUCK,EXCEL,NOT_APPLICABLE,EXCEL_OUTSIDE_UJB_COVERAGE,88,88,0,5952.51,5952.51,0.0
2025-08-16,KEND_OPS,EXCEL,NOT_APPLICABLE,EXCEL_OUTSIDE_UJB_COVERAGE,4,4,0,141.24,141.24,0.0
2025-08-16,MODUL,EXCEL,NOT_APPLICABLE,EXCEL_MODUL_AUTHORITATIVE_WHEN_PRESENT,1,1,0,0.0,0.0,0.0
2025-08-16,RTGC,EXCEL,NOT_APPLICABLE,EXCEL_NON_UJB_CATEGORY,63,63,0,14087.0,14087.0,0.0
2025-08-16,SUPPORT,EXCEL,NOT_APPLICABLE,EXCEL_SUPPORT_RETAINED_FORKLIFT_BRIDGE,4,4,0,290.62,290.62,0.0
2025-08-17,BUS,EXCEL,NOT_APPLICABLE,EXCEL_OUTSIDE_UJB_COVERAGE,3,3,0,150.41,150.41,0.0
2025-08-17,ELF,EXCEL,NOT_APPLICABLE,EXCEL_OUTSIDE_UJB_COVERAGE,3,3,0,120.96000000000001,120.96000000000001,0.0
2025-08-17,HEAD_TRUCK,EXCEL,NOT_APPLICABLE,EXCEL_OUTSIDE_UJB_COVERAGE,92,92,0,6440.46,6440.46,0.0
2025-08-17,KEND_OPS,EXCEL,NOT_APPLICABLE,EXCEL_OUTSIDE_UJB_COVERAGE,6,6,0,160.18,160.18,0.0
2025-08-17,MODUL,EXCEL,NOT_APPLICABLE,EXCEL_MODUL_AUTHORITATIVE_WHEN_PRESENT,1,1,0,0.0,0.0,0.0
2025-08-17,RTGC,EXCEL,NOT_APPLICABLE,EXCEL_NON_UJB_CATEGORY,63,63,0,10905.0,10905.0,0.0
2025-08-17,SUPPORT,EXCEL,NOT_APPLICABLE,EXCEL_SUPPORT_RETAINED_FORKLIFT_BRIDGE,4,4,0,276.3,276.3,0.0
2025-08-18,BUS,EXCEL,NOT_APPLICABLE,EXCEL_OUTSIDE_UJB_COVERAGE,3,3,0,150.39,150.39,0.0
2025-08-18,ELF,EXCEL,NOT_APPLICABLE,EXCEL_OUTSIDE_UJB_COVERAGE,3,3,0,120.89,120.89,0.0
2025-08-18,HEAD_TRUCK,EXCEL,NOT_APPLICABLE,EXCEL_OUTSIDE_UJB_COVERAGE,73,73,0,3843.29,3843.29,0.0
2025-08-18,KEND_OPS,EXCEL,NOT_APPLICABLE,EXCEL_OUTSIDE_UJB_COVERAGE,5,5,0,118.62,118.62,0.0
2025-08-18,MODUL,EXCEL,NOT_APPLICABLE,EXCEL_MODUL_AUTHORITATIVE_WHEN_PRESENT,1,1,0,0.0,0.0,0.0
2025-08-18,RTGC,EXCEL,NOT_APPLICABLE,EXCEL_NON_UJB_CATEGORY,63,63,0,8961.0,8961.0,0.0
2025-08-18,SUPPORT,EXCEL,NOT_APPLICABLE,EXCEL_SUPPORT_RETAINED_FORKLIFT_BRIDGE,3,3,0,393.15000000000003,393.15000000000003,0.0
2025-08-19,BUS,EXCEL,NOT_APPLICABLE,EXCEL_OUTSIDE_UJB_COVERAGE,3,3,0,141.0,141.0,0.0
2025-08-19,ELF,EXCEL,NOT_APPLICABLE,EXCEL_OUTSIDE_UJB_COVERAGE,3,3,0,98.2,98.2,0.0
2025-08-19,HEAD_TRUCK,EXCEL,NOT_APPLICABLE,EXCEL_OUTSIDE_UJB_COVERAGE,87,87,0,3464.79,3464.79,0.0
2025-08-19,KEND_OPS,EXCEL,NOT_APPLICABLE,EXCEL_OUTSIDE_UJB_COVERAGE,6,6,0,173.11,173.11,0.0
2025-08-19,MODUL,EXCEL,NOT_APPLICABLE,EXCEL_MODUL_AUTHORITATIVE_WHEN_PRESENT,1,1,0,0.0,0.0,0.0
2025-08-19,RTGC,EXCEL,NOT_APPLICABLE,EXCEL_NON_UJB_CATEGORY,63,63,0,7929.0,7929.0,0.0
2025-08-19,SUPPORT,EXCEL,NOT_APPLICABLE,EXCEL_SUPPORT_RETAINED_FORKLIFT_BRIDGE,5,5,0,277.0,277.0,0.0
2025-08-20,BUS,EXCEL,NOT_APPLICABLE,EXCEL_OUTSIDE_UJB_COVERAGE,3,3,0,150.5,150.5,0.0
2025-08-20,ELF,EXCEL,NOT_APPLICABLE,EXCEL_OUTSIDE_UJB_COVERAGE,3,3,0,102.22,102.22,0.0
2025-08-20,HEAD_TRUCK,EXCEL,NOT_APPLICABLE,EXCEL_OUTSIDE_UJB_COVERAGE,89,89,0,5441.8,5441.8,0.0
2025-08-20,KEND_OPS,EXCEL,NOT_APPLICABLE,EXCEL_OUTSIDE_UJB_COVERAGE,6,6,0,154.77,154.77,0.0
2025-08-20,MODUL,EXCEL,NOT_APPLICABLE,EXCEL_MODUL_AUTHORITATIVE_WHEN_PRESENT,1,1,0,0.0,0.0,0.0
2025-08-20,RTGC,EXCEL,NOT_APPLICABLE,EXCEL_NON_UJB_CATEGORY,63,63,0,11580.0,11580.0,0.0
2025-08-20,SUPPORT,EXCEL,NOT_APPLICABLE,EXCEL_SUPPORT_RETAINED_FORKLIFT_BRIDGE,4,4,0,361.32,361.32,0.0
2025-08-21,BUS,EXCEL,NOT_APPLICABLE,EXCEL_OUTSIDE_UJB_COVERAGE,3,3,0,150.57,150.57,0.0
2025-08-21,ELF,EXCEL,NOT_APPLICABLE,EXCEL_OUTSIDE_UJB_COVERAGE,3,3,0,100.97,100.97,0.0
2025-08-21,HEAD_TRUCK,EXCEL,NOT_APPLICABLE,EXCEL_OUTSIDE_UJB_COVERAGE,93,93,0,6481.77,6481.77,0.0
2025-08-21,KEND_OPS,EXCEL,NOT_APPLICABLE,EXCEL_OUTSIDE_UJB_COVERAGE,6,6,0,232.59,232.59,0.0
2025-08-21,MODUL,EXCEL,NOT_APPLICABLE,EXCEL_MODUL_AUTHORITATIVE_WHEN_PRESENT,1,1,0,1000.0,1000.0,0.0
2025-08-21,RTGC,EXCEL,NOT_APPLICABLE,EXCEL_NON_UJB_CATEGORY,63,63,0,14003.0,14003.0,0.0
2025-08-21,SUPPORT,EXCEL,NOT_APPLICABLE,EXCEL_SUPPORT_RETAINED_FORKLIFT_BRIDGE,5,5,0,459.77,459.77,0.0
2025-08-22,BUS,EXCEL,NOT_APPLICABLE,EXCEL_OUTSIDE_UJB_COVERAGE,3,3,0,150.51,150.51,0.0
2025-08-22,ELF,EXCEL,NOT_APPLICABLE,EXCEL_OUTSIDE_UJB_COVERAGE,3,3,0,103.4,103.4,0.0
2025-08-22,HEAD_TRUCK,EXCEL,NOT_APPLICABLE,EXCEL_OUTSIDE_UJB_COVERAGE,87,87,0,4774.25,4774.25,0.0
2025-08-22,KEND_OPS,EXCEL,NOT_APPLICABLE,EXCEL_OUTSIDE_UJB_COVERAGE,5,5,0,126.19,126.19,0.0
2025-08-22,MODUL,EXCEL,NOT_APPLICABLE,EXCEL_MODUL_AUTHORITATIVE_WHEN_PRESENT,1,1,0,0.0,0.0,0.0
2025-08-22,RTGC,EXCEL,NOT_APPLICABLE,EXCEL_NON_UJB_CATEGORY,63,63,0,14174.0,14174.0,0.0
2025-08-22,SUPPORT,EXCEL,NOT_APPLICABLE,EXCEL_SUPPORT_RETAINED_FORKLIFT_BRIDGE,5,5,0,414.03999999999996,414.03999999999996,0.0
2025-08-23,BUS,EXCEL,NOT_APPLICABLE,EXCEL_OUTSIDE_UJB_COVERAGE,3,3,0,150.31,150.31,0.0
2025-08-23,ELF,EXCEL,NOT_APPLICABLE,EXCEL_OUTSIDE_UJB_COVERAGE,3,3,0,110.03999999999999,110.03999999999999,0.0
2025-08-23,HEAD_TRUCK,EXCEL,NOT_APPLICABLE,EXCEL_OUTSIDE_UJB_COVERAGE,87,87,0,3386.97,3386.97,0.0
2025-08-23,KEND_OPS,EXCEL,NOT_APPLICABLE,EXCEL_OUTSIDE_UJB_COVERAGE,8,8,0,175.81,175.81,0.0
2025-08-23,MODUL,EXCEL,NOT_APPLICABLE,EXCEL_MODUL_AUTHORITATIVE_WHEN_PRESENT,1,1,0,0.0,0.0,0.0
2025-08-23,RTGC,EXCEL,NOT_APPLICABLE,EXCEL_NON_UJB_CATEGORY,63,63,0,12806.0,12806.0,0.0
2025-08-23,SUPPORT,EXCEL,NOT_APPLICABLE,EXCEL_SUPPORT_RETAINED_FORKLIFT_BRIDGE,3,3,0,301.76,301.76,0.0
2025-08-24,BUS,EXCEL,NOT_APPLICABLE,EXCEL_OUTSIDE_UJB_COVERAGE,3,3,0,146.75,146.75,0.0
2025-08-24,ELF,EXCEL,NOT_APPLICABLE,EXCEL_OUTSIDE_UJB_COVERAGE,3,3,0,121.02,121.02,0.0
2025-08-24,HEAD_TRUCK,EXCEL,NOT_APPLICABLE,EXCEL_OUTSIDE_UJB_COVERAGE,86,86,0,5953.71,5953.71,0.0
2025-08-24,KEND_OPS,EXCEL,NOT_APPLICABLE,EXCEL_OUTSIDE_UJB_COVERAGE,3,3,0,88.59,88.59,0.0
2025-08-24,MODUL,EXCEL,NOT_APPLICABLE,EXCEL_MODUL_AUTHORITATIVE_WHEN_PRESENT,1,1,0,0.0,0.0,0.0
2025-08-24,RTGC,EXCEL,NOT_APPLICABLE,EXCEL_NON_UJB_CATEGORY,63,63,0,10565.0,10565.0,0.0
2025-08-24,SUPPORT,EXCEL,NOT_APPLICABLE,EXCEL_SUPPORT_RETAINED_FORKLIFT_BRIDGE,3,3,0,209.95000000000002,209.95000000000002,0.0
2025-08-25,BUS,EXCEL,NOT_APPLICABLE,EXCEL_OUTSIDE_UJB_COVERAGE,3,3,0,145.68,145.68,0.0
2025-08-25,ELF,EXCEL,NOT_APPLICABLE,EXCEL_OUTSIDE_UJB_COVERAGE,3,3,0,120.02,120.02,0.0
2025-08-25,HEAD_TRUCK,EXCEL,NOT_APPLICABLE,EXCEL_OUTSIDE_UJB_COVERAGE,94,94,0,4857.2,4857.2,0.0
2025-08-25,KEND_OPS,EXCEL,NOT_APPLICABLE,EXCEL_OUTSIDE_UJB_COVERAGE,6,6,0,142.02,142.02,0.0
2025-08-25,MODUL,EXCEL,NOT_APPLICABLE,EXCEL_MODUL_AUTHORITATIVE_WHEN_PRESENT,1,1,0,0.0,0.0,0.0
2025-08-25,RTGC,EXCEL,NOT_APPLICABLE,EXCEL_NON_UJB_CATEGORY,63,63,0,9082.0,9082.0,0.0
2025-08-25,SUPPORT,EXCEL,NOT_APPLICABLE,EXCEL_SUPPORT_RETAINED_FORKLIFT_BRIDGE,5,5,0,98.9,98.9,0.0
2025-08-26,BUS,EXCEL,NOT_APPLICABLE,EXCEL_OUTSIDE_UJB_COVERAGE,3,3,0,150.3,150.3,0.0
2025-08-26,ELF,EXCEL,NOT_APPLICABLE,EXCEL_OUTSIDE_UJB_COVERAGE,3,3,0,114.09,114.09,0.0
2025-08-26,HEAD_TRUCK,EXCEL,NOT_APPLICABLE,EXCEL_OUTSIDE_UJB_COVERAGE,92,92,0,7191.22,7191.22,0.0
2025-08-26,KEND_OPS,EXCEL,NOT_APPLICABLE,EXCEL_OUTSIDE_UJB_COVERAGE,6,6,0,130.24,130.24,0.0
2025-08-26,MODUL,EXCEL,NOT_APPLICABLE,EXCEL_MODUL_AUTHORITATIVE_WHEN_PRESENT,1,1,0,0.0,0.0,0.0
2025-08-26,RTGC,EXCEL,NOT_APPLICABLE,EXCEL_NON_UJB_CATEGORY,63,63,0,12229.0,12229.0,0.0
2025-08-26,SUPPORT,EXCEL,NOT_APPLICABLE,EXCEL_SUPPORT_RETAINED_FORKLIFT_BRIDGE,4,4,0,401.40999999999997,401.40999999999997,0.0
2025-08-27,BUS,EXCEL,NOT_APPLICABLE,EXCEL_OUTSIDE_UJB_COVERAGE,3,3,0,150.0,150.0,0.0
2025-08-27,ELF,EXCEL,NOT_APPLICABLE,EXCEL_OUTSIDE_UJB_COVERAGE,3,3,0,113.28,113.28,0.0
2025-08-27,HEAD_TRUCK,EXCEL,NOT_APPLICABLE,EXCEL_OUTSIDE_UJB_COVERAGE,80,80,0,6103.59,6103.59,0.0
2025-08-27,KEND_OPS,EXCEL,NOT_APPLICABLE,EXCEL_OUTSIDE_UJB_COVERAGE,6,6,0,183.95,183.95,0.0
2025-08-27,MODUL,EXCEL,NOT_APPLICABLE,EXCEL_MODUL_AUTHORITATIVE_WHEN_PRESENT,1,1,0,59.0,59.0,0.0
2025-08-27,RTGC,EXCEL,NOT_APPLICABLE,EXCEL_NON_UJB_CATEGORY,63,63,0,12306.0,12306.0,0.0
2025-08-27,SUPPORT,EXCEL,NOT_APPLICABLE,EXCEL_SUPPORT_RETAINED_FORKLIFT_BRIDGE,3,3,0,298.4,298.4,0.0
2025-08-28,BUS,EXCEL,NOT_APPLICABLE,EXCEL_OUTSIDE_UJB_COVERAGE,3,3,0,150.12,150.12,0.0
2025-08-28,ELF,EXCEL,NOT_APPLICABLE,EXCEL_OUTSIDE_UJB_COVERAGE,3,3,0,120.49000000000001,120.49000000000001,0.0
2025-08-28,HEAD_TRUCK,EXCEL,NOT_APPLICABLE,EXCEL_OUTSIDE_UJB_COVERAGE,79,79,0,6548.55,6548.55,0.0
2025-08-28,KEND_OPS,EXCEL,NOT_APPLICABLE,EXCEL_OUTSIDE_UJB_COVERAGE,4,4,0,121.72,121.72,0.0
2025-08-28,MODUL,EXCEL,NOT_APPLICABLE,EXCEL_MODUL_AUTHORITATIVE_WHEN_PRESENT,1,1,0,0.0,0.0,0.0
2025-08-28,RTGC,EXCEL,NOT_APPLICABLE,EXCEL_NON_UJB_CATEGORY,63,63,0,13657.0,13657.0,0.0
2025-08-28,SUPPORT,EXCEL,NOT_APPLICABLE,EXCEL_SUPPORT_RETAINED_FORKLIFT_BRIDGE,6,6,0,405.94,405.94,0.0
2025-08-29,BUS,EXCEL,NOT_APPLICABLE,EXCEL_OUTSIDE_UJB_COVERAGE,3,3,0,150.03,150.03,0.0
2025-08-29,ELF,EXCEL,NOT_APPLICABLE,EXCEL_OUTSIDE_UJB_COVERAGE,3,3,0,115.12,115.12,0.0
2025-08-29,HEAD_TRUCK,EXCEL,NOT_APPLICABLE,EXCEL_OUTSIDE_UJB_COVERAGE,76,76,0,5979.23,5979.23,0.0
2025-08-29,KEND_OPS,EXCEL,NOT_APPLICABLE,EXCEL_OUTSIDE_UJB_COVERAGE,5,5,0,165.57,165.57,0.0
2025-08-29,MODUL,EXCEL,NOT_APPLICABLE,EXCEL_MODUL_AUTHORITATIVE_WHEN_PRESENT,1,1,0,0.0,0.0,0.0
2025-08-29,RTGC,EXCEL,NOT_APPLICABLE,EXCEL_NON_UJB_CATEGORY,63,63,0,12635.0,12635.0,0.0
2025-08-29,SUPPORT,EXCEL,NOT_APPLICABLE,EXCEL_SUPPORT_RETAINED_FORKLIFT_BRIDGE,5,5,0,413.19,413.19,0.0
2025-08-30,BUS,EXCEL,NOT_APPLICABLE,EXCEL_OUTSIDE_UJB_COVERAGE,3,3,0,150.8,150.8,0.0
2025-08-30,ELF,EXCEL,NOT_APPLICABLE,EXCEL_OUTSIDE_UJB_COVERAGE,3,3,0,126.0,126.0,0.0
2025-08-30,HEAD_TRUCK,EXCEL,NOT_APPLICABLE,EXCEL_OUTSIDE_UJB_COVERAGE,79,79,0,6585.76,6585.76,0.0
2025-08-30,KEND_OPS,EXCEL,NOT_APPLICABLE,EXCEL_OUTSIDE_UJB_COVERAGE,8,8,0,278.42,278.42,0.0
2025-08-30,MODUL,EXCEL,NOT_APPLICABLE,EXCEL_MODUL_AUTHORITATIVE_WHEN_PRESENT,1,1,0,0.0,0.0,0.0
2025-08-30,RTGC,EXCEL,NOT_APPLICABLE,EXCEL_NON_UJB_CATEGORY,63,63,0,12409.0,12409.0,0.0
2025-08-30,SUPPORT,EXCEL,NOT_APPLICABLE,EXCEL_SUPPORT_RETAINED_FORKLIFT_BRIDGE,4,4,0,313.83,313.83,0.0
2025-08-31,BUS,EXCEL,NOT_APPLICABLE,EXCEL_OUTSIDE_UJB_COVERAGE,3,3,0,149.0,149.0,0.0
2025-08-31,ELF,EXCEL,NOT_APPLICABLE,EXCEL_OUTSIDE_UJB_COVERAGE,3,3,0,96.06,96.06,0.0
2025-08-31,HEAD_TRUCK,EXCEL,NOT_APPLICABLE,EXCEL_OUTSIDE_UJB_COVERAGE,80,80,0,6376.88,6376.88,0.0
2025-08-31,KEND_OPS,EXCEL,NOT_APPLICABLE,EXCEL_OUTSIDE_UJB_COVERAGE,3,3,0,67.24,67.24,0.0
2025-08-31,MODUL,EXCEL,NOT_APPLICABLE,EXCEL_MODUL_AUTHORITATIVE_WHEN_PRESENT,1,1,0,0.0,0.0,0.0
2025-08-31,RTGC,EXCEL,NOT_APPLICABLE,EXCEL_NON_UJB_CATEGORY,63,63,0,10093.0,10093.0,0.0
2025-08-31,SUPPORT,EXCEL,NOT_APPLICABLE,EXCEL_SUPPORT_RETAINED_FORKLIFT_BRIDGE,4,4,0,268.44,268.44,0.0
2025-09-01,BUS,EXCEL,NOT_APPLICABLE,EXCEL_OUTSIDE_UJB_COVERAGE,3,3,0,150.32999999999998,150.32999999999998,0.0
2025-09-01,ELF,EXCEL,NOT_APPLICABLE,EXCEL_OUTSIDE_UJB_COVERAGE,3,3,0,111.44,111.44,0.0
2025-09-01,HEAD_TRUCK,EXCEL,NOT_APPLICABLE,EXCEL_OUTSIDE_UJB_COVERAGE,77,77,0,6960.49,6960.49,0.0
2025-09-01,KEND_OPS,EXCEL,NOT_APPLICABLE,EXCEL_OUTSIDE_UJB_COVERAGE,14,14,0,500.94,500.94,0.0
2025-09-01,MODUL,EXCEL,NOT_APPLICABLE,EXCEL_MODUL_AUTHORITATIVE_WHEN_PRESENT,1,1,0,0.0,0.0,0.0
2025-09-01,RTGC,EXCEL,NOT_APPLICABLE,EXCEL_NON_UJB_CATEGORY,63,63,0,13677.0,13677.0,0.0
2025-09-01,SUPPORT,EXCEL,NOT_APPLICABLE,EXCEL_SUPPORT_RETAINED_FORKLIFT_BRIDGE,5,5,0,247.02,247.02,0.0
2025-09-02,BUS,EXCEL,NOT_APPLICABLE,EXCEL_OUTSIDE_UJB_COVERAGE,3,3,0,146.51999999999998,146.51999999999998,0.0
2025-09-02,ELF,EXCEL,NOT_APPLICABLE,EXCEL_OUTSIDE_UJB_COVERAGE,3,3,0,111.62,111.62,0.0
2025-09-02,HEAD_TRUCK,EXCEL,NOT_APPLICABLE,EXCEL_OUTSIDE_UJB_COVERAGE,79,79,0,7002.29,7002.29,0.0
2025-09-02,KEND_OPS,EXCEL,NOT_APPLICABLE,EXCEL_OUTSIDE_UJB_COVERAGE,9,9,0,326.62,326.62,0.0
2025-09-02,MODUL,EXCEL,NOT_APPLICABLE,EXCEL_MODUL_AUTHORITATIVE_WHEN_PRESENT,1,1,0,0.0,0.0,0.0
2025-09-02,RTGC,EXCEL,NOT_APPLICABLE,EXCEL_NON_UJB_CATEGORY,63,63,0,14043.0,14043.0,0.0
2025-09-02,SUPPORT,EXCEL,NOT_APPLICABLE,EXCEL_SUPPORT_RETAINED_FORKLIFT_BRIDGE,4,4,0,360.64,360.64,0.0
2025-09-03,BUS,EXCEL,NOT_APPLICABLE,EXCEL_OUTSIDE_UJB_COVERAGE,3,3,0,150.0,150.0,0.0
2025-09-03,ELF,EXCEL,NOT_APPLICABLE,EXCEL_OUTSIDE_UJB_COVERAGE,3,3,0,108.06,108.06,0.0
2025-09-03,HEAD_TRUCK,EXCEL,NOT_APPLICABLE,EXCEL_OUTSIDE_UJB_COVERAGE,79,79,0,6218.62,6218.62,0.0
2025-09-03,KEND_OPS,EXCEL,NOT_APPLICABLE,EXCEL_OUTSIDE_UJB_COVERAGE,4,4,0,131.72,131.72,0.0
2025-09-03,MODUL,EXCEL,NOT_APPLICABLE,EXCEL_MODUL_AUTHORITATIVE_WHEN_PRESENT,1,1,0,0.0,0.0,0.0
2025-09-03,RTGC,EXCEL,NOT_APPLICABLE,EXCEL_NON_UJB_CATEGORY,63,63,0,13330.0,13330.0,0.0
2025-09-03,SUPPORT,EXCEL,NOT_APPLICABLE,EXCEL_SUPPORT_RETAINED_FORKLIFT_BRIDGE,4,4,0,391.48,391.48,0.0
2025-09-04,BUS,EXCEL,NOT_APPLICABLE,EXCEL_OUTSIDE_UJB_COVERAGE,3,3,0,150.38,150.38,0.0
2025-09-04,ELF,EXCEL,NOT_APPLICABLE,EXCEL_OUTSIDE_UJB_COVERAGE,3,3,0,94.25999999999999,94.25999999999999,0.0
2025-09-04,HEAD_TRUCK,EXCEL,NOT_APPLICABLE,EXCEL_OUTSIDE_UJB_COVERAGE,77,77,0,6338.97,6338.97,0.0
2025-09-04,KEND_OPS,EXCEL,NOT_APPLICABLE,EXCEL_OUTSIDE_UJB_COVERAGE,8,8,0,248.33,248.33,0.0
2025-09-04,MODUL,EXCEL,NOT_APPLICABLE,EXCEL_MODUL_AUTHORITATIVE_WHEN_PRESENT,1,1,0,0.0,0.0,0.0
2025-09-04,RTGC,EXCEL,NOT_APPLICABLE,EXCEL_NON_UJB_CATEGORY,63,63,0,14635.0,14635.0,0.0
2025-09-04,SUPPORT,EXCEL,NOT_APPLICABLE,EXCEL_SUPPORT_RETAINED_FORKLIFT_BRIDGE,3,3,0,320.54,320.54,0.0
2025-09-05,BUS,EXCEL,NOT_APPLICABLE,EXCEL_OUTSIDE_UJB_COVERAGE,3,3,0,156.2,156.2,0.0
2025-09-05,ELF,EXCEL,NOT_APPLICABLE,EXCEL_OUTSIDE_UJB_COVERAGE,3,3,0,98.28,98.28,0.0
2025-09-05,HEAD_TRUCK,EXCEL,NOT_APPLICABLE,EXCEL_OUTSIDE_UJB_COVERAGE,75,75,0,6157.0,6157.0,0.0
2025-09-05,KEND_OPS,EXCEL,NOT_APPLICABLE,EXCEL_OUTSIDE_UJB_COVERAGE,6,6,0,164.23,164.23,0.0
2025-09-05,MODUL,EXCEL,NOT_APPLICABLE,EXCEL_MODUL_AUTHORITATIVE_WHEN_PRESENT,1,1,0,0.0,0.0,0.0
2025-09-05,RTGC,EXCEL,NOT_APPLICABLE,EXCEL_NON_UJB_CATEGORY,63,63,0,14726.0,14726.0,0.0
2025-09-05,SUPPORT,EXCEL,NOT_APPLICABLE,EXCEL_SUPPORT_RETAINED_FORKLIFT_BRIDGE,4,4,0,307.41999999999996,307.41999999999996,0.0
2025-09-06,BUS,EXCEL,NOT_APPLICABLE,EXCEL_OUTSIDE_UJB_COVERAGE,3,3,0,149.73,149.73,0.0
2025-09-06,ELF,EXCEL,NOT_APPLICABLE,EXCEL_OUTSIDE_UJB_COVERAGE,3,3,0,99.62,99.62,0.0
2025-09-06,HEAD_TRUCK,EXCEL,NOT_APPLICABLE,EXCEL_OUTSIDE_UJB_COVERAGE,79,79,0,6425.91,6425.91,0.0
2025-09-06,KEND_OPS,EXCEL,NOT_APPLICABLE,EXCEL_OUTSIDE_UJB_COVERAGE,6,6,0,144.19,144.19,0.0
2025-09-06,RTGC,EXCEL,NOT_APPLICABLE,EXCEL_NON_UJB_CATEGORY,63,63,0,13330.0,13330.0,0.0
2025-09-06,SUPPORT,EXCEL,NOT_APPLICABLE,EXCEL_SUPPORT_RETAINED_FORKLIFT_BRIDGE,3,3,0,365.0,365.0,0.0
2025-09-07,BUS,EXCEL,NOT_APPLICABLE,EXCEL_OUTSIDE_UJB_COVERAGE,3,3,0,149.0,149.0,0.0
2025-09-07,ELF,EXCEL,NOT_APPLICABLE,EXCEL_OUTSIDE_UJB_COVERAGE,3,3,0,121.1,121.1,0.0
2025-09-07,HEAD_TRUCK,EXCEL,NOT_APPLICABLE,EXCEL_OUTSIDE_UJB_COVERAGE,79,79,0,6905.91,6905.91,0.0
2025-09-07,KEND_OPS,EXCEL,NOT_APPLICABLE,EXCEL_OUTSIDE_UJB_COVERAGE,5,5,0,119.00999999999999,119.00999999999999,0.0
2025-09-07,MODUL,EXCEL,NOT_APPLICABLE,EXCEL_MODUL_AUTHORITATIVE_WHEN_PRESENT,1,1,0,0.0,0.0,0.0
2025-09-07,RTGC,EXCEL,NOT_APPLICABLE,EXCEL_NON_UJB_CATEGORY,63,63,0,12215.0,12215.0,0.0
2025-09-07,SUPPORT,EXCEL,NOT_APPLICABLE,EXCEL_SUPPORT_RETAINED_FORKLIFT_BRIDGE,4,4,0,143.69,143.69,0.0
2025-09-08,BUS,EXCEL,NOT_APPLICABLE,EXCEL_OUTSIDE_UJB_COVERAGE,3,3,0,150.41,150.41,0.0
2025-09-08,ELF,EXCEL,NOT_APPLICABLE,EXCEL_OUTSIDE_UJB_COVERAGE,3,3,0,111.7,111.7,0.0
2025-09-08,HEAD_TRUCK,EXCEL,NOT_APPLICABLE,EXCEL_OUTSIDE_UJB_COVERAGE,75,75,0,4980.74,4980.74,0.0
2025-09-08,KEND_OPS,EXCEL,NOT_APPLICABLE,EXCEL_OUTSIDE_UJB_COVERAGE,7,7,0,176.87,176.87,0.0
2025-09-08,MODUL,EXCEL,NOT_APPLICABLE,EXCEL_MODUL_AUTHORITATIVE_WHEN_PRESENT,1,1,0,0.0,0.0,0.0
2025-09-08,RTGC,EXCEL,NOT_APPLICABLE,EXCEL_NON_UJB_CATEGORY,63,63,0,9208.0,9208.0,0.0
2025-09-08,SUPPORT,EXCEL,NOT_APPLICABLE,EXCEL_SUPPORT_RETAINED_FORKLIFT_BRIDGE,5,5,0,271.14,271.14,0.0
2025-09-09,BUS,EXCEL,NOT_APPLICABLE,EXCEL_OUTSIDE_UJB_COVERAGE,3,3,0,150.38,150.38,0.0
2025-09-09,ELF,EXCEL,NOT_APPLICABLE,EXCEL_OUTSIDE_UJB_COVERAGE,3,3,0,99.8,99.8,0.0
2025-09-09,HEAD_TRUCK,EXCEL,NOT_APPLICABLE,EXCEL_OUTSIDE_UJB_COVERAGE,79,79,0,7119.27,7119.27,0.0
2025-09-09,KEND_OPS,EXCEL,NOT_APPLICABLE,EXCEL_OUTSIDE_UJB_COVERAGE,5,5,0,135.67000000000002,135.67000000000002,0.0
2025-09-09,MODUL,EXCEL,NOT_APPLICABLE,EXCEL_MODUL_AUTHORITATIVE_WHEN_PRESENT,1,1,0,0.0,0.0,0.0
2025-09-09,RTGC,EXCEL,NOT_APPLICABLE,EXCEL_NON_UJB_CATEGORY,63,63,0,12474.0,12474.0,0.0
2025-09-09,SUPPORT,EXCEL,NOT_APPLICABLE,EXCEL_SUPPORT_RETAINED_FORKLIFT_BRIDGE,5,5,0,365.69,365.69,0.0
2025-09-10,BUS,EXCEL,NOT_APPLICABLE,EXCEL_OUTSIDE_UJB_COVERAGE,3,3,0,150.26,150.26,0.0
2025-09-10,ELF,EXCEL,NOT_APPLICABLE,EXCEL_OUTSIDE_UJB_COVERAGE,3,3,0,106.08,106.08,0.0
2025-09-10,HEAD_TRUCK,EXCEL,NOT_APPLICABLE,EXCEL_OUTSIDE_UJB_COVERAGE,80,80,0,6751.55,6751.55,0.0
2025-09-10,KEND_OPS,EXCEL,NOT_APPLICABLE,EXCEL_OUTSIDE_UJB_COVERAGE,8,8,0,243.97,243.97,0.0
2025-09-10,MODUL,EXCEL,NOT_APPLICABLE,EXCEL_MODUL_AUTHORITATIVE_WHEN_PRESENT,1,1,0,0.0,0.0,0.0
2025-09-10,RTGC,EXCEL,NOT_APPLICABLE,EXCEL_NON_UJB_CATEGORY,63,63,0,14292.0,14292.0,0.0
2025-09-10,SUPPORT,EXCEL,NOT_APPLICABLE,EXCEL_SUPPORT_RETAINED_FORKLIFT_BRIDGE,4,4,0,449.79999999999995,449.79999999999995,0.0
2025-09-11,BUS,EXCEL,NOT_APPLICABLE,EXCEL_OUTSIDE_UJB_COVERAGE,3,3,0,143.0,143.0,0.0
2025-09-11,ELF,EXCEL,NOT_APPLICABLE,EXCEL_OUTSIDE_UJB_COVERAGE,3,3,0,119.0,119.0,0.0
2025-09-11,HEAD_TRUCK,EXCEL,NOT_APPLICABLE,EXCEL_OUTSIDE_UJB_COVERAGE,74,74,0,5224.53,5224.53,0.0
2025-09-11,KEND_OPS,EXCEL,NOT_APPLICABLE,EXCEL_OUTSIDE_UJB_COVERAGE,2,2,0,29.77,29.77,0.0
2025-09-11,RTGC,EXCEL,NOT_APPLICABLE,EXCEL_NON_UJB_CATEGORY,63,63,0,13990.0,13990.0,0.0
2025-09-11,SUPPORT,EXCEL,NOT_APPLICABLE,EXCEL_SUPPORT_RETAINED_FORKLIFT_BRIDGE,7,7,0,560.02,560.02,0.0
2025-09-12,BUS,EXCEL,NOT_APPLICABLE,EXCEL_OUTSIDE_UJB_COVERAGE,3,3,0,151.26999999999998,151.26999999999998,0.0
2025-09-12,ELF,EXCEL,NOT_APPLICABLE,EXCEL_OUTSIDE_UJB_COVERAGE,3,3,0,98.52000000000001,98.52000000000001,0.0
2025-09-12,HEAD_TRUCK,EXCEL,NOT_APPLICABLE,EXCEL_OUTSIDE_UJB_COVERAGE,69,69,0,3867.92,3867.92,0.0
2025-09-12,KEND_OPS,EXCEL,NOT_APPLICABLE,EXCEL_OUTSIDE_UJB_COVERAGE,7,7,0,183.44,183.44,0.0
2025-09-12,MODUL,EXCEL,NOT_APPLICABLE,EXCEL_MODUL_AUTHORITATIVE_WHEN_PRESENT,1,1,0,0.0,0.0,0.0
2025-09-12,RTGC,EXCEL,NOT_APPLICABLE,EXCEL_NON_UJB_CATEGORY,63,63,0,11391.0,11391.0,0.0
2025-09-12,SUPPORT,EXCEL,NOT_APPLICABLE,EXCEL_SUPPORT_RETAINED_FORKLIFT_BRIDGE,3,3,0,279.24,279.24,0.0
2025-09-13,BUS,EXCEL,NOT_APPLICABLE,EXCEL_OUTSIDE_UJB_COVERAGE,3,3,0,152.0,152.0,0.0
2025-09-13,ELF,EXCEL,NOT_APPLICABLE,EXCEL_OUTSIDE_UJB_COVERAGE,3,3,0,106.59,106.59,0.0
2025-09-13,HEAD_TRUCK,EXCEL,NOT_APPLICABLE,EXCEL_OUTSIDE_UJB_COVERAGE,71,71,0,4742.85,4742.85,0.0
2025-09-13,KEND_OPS,EXCEL,NOT_APPLICABLE,EXCEL_OUTSIDE_UJB_COVERAGE,3,3,0,75.53,75.53,0.0
2025-09-13,MODUL,EXCEL,NOT_APPLICABLE,EXCEL_MODUL_AUTHORITATIVE_WHEN_PRESENT,1,1,0,0.0,0.0,0.0
2025-09-13,RTGC,EXCEL,NOT_APPLICABLE,EXCEL_NON_UJB_CATEGORY,63,63,0,13118.0,13118.0,0.0
2025-09-13,SUPPORT,EXCEL,NOT_APPLICABLE,EXCEL_SUPPORT_RETAINED_FORKLIFT_BRIDGE,4,4,0,311.81,311.81,0.0
2025-09-14,BUS,EXCEL,NOT_APPLICABLE,EXCEL_OUTSIDE_UJB_COVERAGE,3,3,0,150.06,150.06,0.0
2025-09-14,ELF,EXCEL,NOT_APPLICABLE,EXCEL_OUTSIDE_UJB_COVERAGE,3,3,0,103.94,103.94,0.0
2025-09-14,HEAD_TRUCK,EXCEL,NOT_APPLICABLE,EXCEL_OUTSIDE_UJB_COVERAGE,72,72,0,3491.0,3491.0,0.0
2025-09-14,KEND_OPS,EXCEL,NOT_APPLICABLE,EXCEL_OUTSIDE_UJB_COVERAGE,2,2,0,28.86,28.86,0.0
2025-09-14,MODUL,EXCEL,NOT_APPLICABLE,EXCEL_MODUL_AUTHORITATIVE_WHEN_PRESENT,1,1,0,0.0,0.0,0.0
2025-09-14,RTGC,EXCEL,NOT_APPLICABLE,EXCEL_NON_UJB_CATEGORY,63,63,0,9448.0,9448.0,0.0
2025-09-14,SUPPORT,EXCEL,NOT_APPLICABLE,EXCEL_SUPPORT_RETAINED_FORKLIFT_BRIDGE,3,3,0,183.85,183.85,0.0
2025-09-15,BUS,EXCEL,NOT_APPLICABLE,EXCEL_OUTSIDE_UJB_COVERAGE,3,3,0,150.41,150.41,0.0
2025-09-15,ELF,EXCEL,NOT_APPLICABLE,EXCEL_OUTSIDE_UJB_COVERAGE,3,3,0,107.78999999999999,107.78999999999999,0.0
2025-09-15,HEAD_TRUCK,EXCEL,NOT_APPLICABLE,EXCEL_OUTSIDE_UJB_COVERAGE,80,80,0,5579.87,5579.87,0.0
2025-09-15,KEND_OPS,EXCEL,NOT_APPLICABLE,EXCEL_OUTSIDE_UJB_COVERAGE,7,7,0,173.55,173.55,0.0
2025-09-15,MODUL,EXCEL,NOT_APPLICABLE,EXCEL_MODUL_AUTHORITATIVE_WHEN_PRESENT,1,1,0,0.0,0.0,0.0
2025-09-15,RTGC,EXCEL,NOT_APPLICABLE,EXCEL_NON_UJB_CATEGORY,63,63,0,11686.0,11686.0,0.0
2025-09-15,SUPPORT,EXCEL,NOT_APPLICABLE,EXCEL_SUPPORT_RETAINED_FORKLIFT_BRIDGE,5,5,0,215.37,215.37,0.0
2025-09-16,BUS,EXCEL,NOT_APPLICABLE,EXCEL_OUTSIDE_UJB_COVERAGE,3,3,0,150.81,150.81,0.0
2025-09-16,ELF,EXCEL,NOT_APPLICABLE,EXCEL_OUTSIDE_UJB_COVERAGE,3,3,0,99.9,99.9,0.0
2025-09-16,HEAD_TRUCK,EXCEL,NOT_APPLICABLE,EXCEL_OUTSIDE_UJB_COVERAGE,79,79,0,5989.39,5989.39,0.0
2025-09-16,KEND_OPS,EXCEL,NOT_APPLICABLE,EXCEL_OUTSIDE_UJB_COVERAGE,12,12,0,448.23,448.23,0.0
2025-09-16,MODUL,EXCEL,NOT_APPLICABLE,EXCEL_MODUL_AUTHORITATIVE_WHEN_PRESENT,1,1,0,0.0,0.0,0.0
2025-09-16,RTGC,EXCEL,NOT_APPLICABLE,EXCEL_NON_UJB_CATEGORY,63,63,0,13301.0,13301.0,0.0
2025-09-16,SUPPORT,EXCEL,NOT_APPLICABLE,EXCEL_SUPPORT_RETAINED_FORKLIFT_BRIDGE,6,6,0,286.9,286.9,0.0
2025-09-17,BUS,EXCEL,NOT_APPLICABLE,EXCEL_OUTSIDE_UJB_COVERAGE,3,3,0,150.5,150.5,0.0
2025-09-17,ELF,EXCEL,NOT_APPLICABLE,EXCEL_OUTSIDE_UJB_COVERAGE,3,3,0,101.37,101.37,0.0
2025-09-17,HEAD_TRUCK,EXCEL,NOT_APPLICABLE,EXCEL_OUTSIDE_UJB_COVERAGE,74,74,0,5954.9,5954.9,0.0
2025-09-17,KEND_OPS,EXCEL,NOT_APPLICABLE,EXCEL_OUTSIDE_UJB_COVERAGE,6,6,0,160.17000000000002,160.17000000000002,0.0
2025-09-17,MODUL,EXCEL,NOT_APPLICABLE,EXCEL_MODUL_AUTHORITATIVE_WHEN_PRESENT,1,1,0,0.0,0.0,0.0
2025-09-17,RTGC,EXCEL,NOT_APPLICABLE,EXCEL_NON_UJB_CATEGORY,63,63,0,13005.0,13005.0,0.0
2025-09-17,SUPPORT,EXCEL,NOT_APPLICABLE,EXCEL_SUPPORT_RETAINED_FORKLIFT_BRIDGE,5,5,0,454.42,454.42,0.0
2025-09-18,BUS,EXCEL,NOT_APPLICABLE,EXCEL_OUTSIDE_UJB_COVERAGE,3,3,0,148.0,148.0,0.0
2025-09-18,ELF,EXCEL,NOT_APPLICABLE,EXCEL_OUTSIDE_UJB_COVERAGE,3,3,0,133.4,133.4,0.0
2025-09-18,HEAD_TRUCK,EXCEL,NOT_APPLICABLE,EXCEL_OUTSIDE_UJB_COVERAGE,76,76,0,6167.08,6167.08,0.0
2025-09-18,KEND_OPS,EXCEL,NOT_APPLICABLE,EXCEL_OUTSIDE_UJB_COVERAGE,1,1,0,0.0,0.0,0.0
2025-09-18,MODUL,EXCEL,NOT_APPLICABLE,EXCEL_MODUL_AUTHORITATIVE_WHEN_PRESENT,1,1,0,0.0,0.0,0.0
2025-09-18,RTGC,EXCEL,NOT_APPLICABLE,EXCEL_NON_UJB_CATEGORY,63,63,0,12082.0,12082.0,0.0
2025-09-18,SUPPORT,EXCEL,NOT_APPLICABLE,EXCEL_SUPPORT_RETAINED_FORKLIFT_BRIDGE,3,3,0,294.06,294.06,0.0
2025-09-19,BUS,EXCEL,NOT_APPLICABLE,EXCEL_OUTSIDE_UJB_COVERAGE,3,3,0,139.0,139.0,0.0
2025-09-19,ELF,EXCEL,NOT_APPLICABLE,EXCEL_OUTSIDE_UJB_COVERAGE,3,3,0,127.0,127.0,0.0
2025-09-19,HEAD_TRUCK,EXCEL,NOT_APPLICABLE,EXCEL_OUTSIDE_UJB_COVERAGE,75,75,0,6128.96,6128.96,0.0
2025-09-19,KEND_OPS,EXCEL,NOT_APPLICABLE,EXCEL_OUTSIDE_UJB_COVERAGE,10,10,0,333.53,333.53,0.0
2025-09-19,MODUL,EXCEL,NOT_APPLICABLE,EXCEL_MODUL_AUTHORITATIVE_WHEN_PRESENT,1,1,0,0.0,0.0,0.0
2025-09-19,RTGC,EXCEL,NOT_APPLICABLE,EXCEL_NON_UJB_CATEGORY,63,63,0,11025.0,11025.0,0.0
2025-09-19,SUPPORT,EXCEL,NOT_APPLICABLE,EXCEL_SUPPORT_RETAINED_FORKLIFT_BRIDGE,3,3,0,434.58000000000004,434.58000000000004,0.0
2025-09-20,BUS,EXCEL,NOT_APPLICABLE,EXCEL_OUTSIDE_UJB_COVERAGE,3,3,0,149.0,149.0,0.0
2025-09-20,ELF,EXCEL,NOT_APPLICABLE,EXCEL_OUTSIDE_UJB_COVERAGE,3,3,0,123.0,123.0,0.0
2025-09-20,HEAD_TRUCK,EXCEL,NOT_APPLICABLE,EXCEL_OUTSIDE_UJB_COVERAGE,75,75,0,5938.18,5938.18,0.0
2025-09-20,KEND_OPS,EXCEL,NOT_APPLICABLE,EXCEL_OUTSIDE_UJB_COVERAGE,5,5,0,139.0,139.0,0.0
2025-09-20,MODUL,EXCEL,NOT_APPLICABLE,EXCEL_MODUL_AUTHORITATIVE_WHEN_PRESENT,1,1,0,0.0,0.0,0.0
2025-09-20,RTGC,EXCEL,NOT_APPLICABLE,EXCEL_NON_UJB_CATEGORY,63,63,0,11265.0,11265.0,0.0
2025-09-20,SUPPORT,EXCEL,NOT_APPLICABLE,EXCEL_SUPPORT_RETAINED_FORKLIFT_BRIDGE,6,6,0,513.0,513.0,0.0
2025-09-21,BUS,EXCEL,NOT_APPLICABLE,EXCEL_OUTSIDE_UJB_COVERAGE,3,3,0,150.20999999999998,150.20999999999998,0.0
2025-09-21,ELF,EXCEL,NOT_APPLICABLE,EXCEL_OUTSIDE_UJB_COVERAGE,3,3,0,91.02,91.02,0.0
2025-09-21,HEAD_TRUCK,EXCEL,NOT_APPLICABLE,EXCEL_OUTSIDE_UJB_COVERAGE,72,72,0,3672.44,3672.44,0.0
2025-09-21,KEND_OPS,EXCEL,NOT_APPLICABLE,EXCEL_OUTSIDE_UJB_COVERAGE,6,6,0,126.46000000000001,126.46000000000001,0.0
2025-09-21,RTGC,EXCEL,NOT_APPLICABLE,EXCEL_NON_UJB_CATEGORY,63,63,0,11041.0,11041.0,0.0
2025-09-21,SUPPORT,EXCEL,NOT_APPLICABLE,EXCEL_SUPPORT_RETAINED_FORKLIFT_BRIDGE,4,4,0,326.07,326.07,0.0
2025-09-22,BUS,EXCEL,NOT_APPLICABLE,EXCEL_OUTSIDE_UJB_COVERAGE,3,3,0,150.15,150.15,0.0
2025-09-22,ELF,EXCEL,NOT_APPLICABLE,EXCEL_OUTSIDE_UJB_COVERAGE,3,3,0,125.0,125.0,0.0
2025-09-22,HEAD_TRUCK,EXCEL,NOT_APPLICABLE,EXCEL_OUTSIDE_UJB_COVERAGE,79,79,0,5414.08,5414.08,0.0
2025-09-22,KEND_OPS,EXCEL,NOT_APPLICABLE,EXCEL_OUTSIDE_UJB_COVERAGE,8,8,0,273.47,273.47,0.0
2025-09-22,RTGC,EXCEL,NOT_APPLICABLE,EXCEL_NON_UJB_CATEGORY,63,63,0,9798.0,9798.0,0.0
2025-09-22,SUPPORT,EXCEL,NOT_APPLICABLE,EXCEL_SUPPORT_RETAINED_FORKLIFT_BRIDGE,4,4,0,283.6,283.6,0.0
2025-09-23,BUS,EXCEL,NOT_APPLICABLE,EXCEL_OUTSIDE_UJB_COVERAGE,3,3,0,150.4,150.4,0.0
2025-09-23,ELF,EXCEL,NOT_APPLICABLE,EXCEL_OUTSIDE_UJB_COVERAGE,3,3,0,100.44,100.44,0.0
2025-09-23,HEAD_TRUCK,EXCEL,NOT_APPLICABLE,EXCEL_OUTSIDE_UJB_COVERAGE,72,72,0,3336.84,3336.84,0.0
2025-09-23,KEND_OPS,EXCEL,NOT_APPLICABLE,EXCEL_OUTSIDE_UJB_COVERAGE,6,6,0,168.07,168.07,0.0
2025-09-23,RTGC,EXCEL,NOT_APPLICABLE,EXCEL_NON_UJB_CATEGORY,63,63,0,9595.0,9595.0,0.0
2025-09-23,SUPPORT,EXCEL,NOT_APPLICABLE,EXCEL_SUPPORT_RETAINED_FORKLIFT_BRIDGE,6,6,0,381.34000000000003,381.34000000000003,0.0
2025-09-24,BUS,EXCEL,NOT_APPLICABLE,EXCEL_OUTSIDE_UJB_COVERAGE,3,3,0,135.23000000000002,135.23000000000002,0.0
2025-09-24,ELF,EXCEL,NOT_APPLICABLE,EXCEL_OUTSIDE_UJB_COVERAGE,3,3,0,107.06,107.06,0.0
2025-09-24,HEAD_TRUCK,EXCEL,NOT_APPLICABLE,EXCEL_OUTSIDE_UJB_COVERAGE,71,71,0,2935.83,2935.83,0.0
2025-09-24,KEND_OPS,EXCEL,NOT_APPLICABLE,EXCEL_OUTSIDE_UJB_COVERAGE,1,1,0,0.0,0.0,0.0
2025-09-24,RTGC,EXCEL,NOT_APPLICABLE,EXCEL_NON_UJB_CATEGORY,63,63,0,10255.0,10255.0,0.0
2025-09-24,SUPPORT,EXCEL,NOT_APPLICABLE,EXCEL_SUPPORT_RETAINED_FORKLIFT_BRIDGE,4,4,0,172.78,172.78,0.0
2025-09-25,BUS,EXCEL,NOT_APPLICABLE,EXCEL_OUTSIDE_UJB_COVERAGE,3,3,0,147.29,147.29,0.0
2025-09-25,ELF,EXCEL,NOT_APPLICABLE,EXCEL_OUTSIDE_UJB_COVERAGE,3,3,0,108.15,108.15,0.0
2025-09-25,HEAD_TRUCK,EXCEL,NOT_APPLICABLE,EXCEL_OUTSIDE_UJB_COVERAGE,76,76,0,6413.0199999999995,6413.0199999999995,0.0
2025-09-25,KEND_OPS,EXCEL,NOT_APPLICABLE,EXCEL_OUTSIDE_UJB_COVERAGE,8,8,0,241.21,241.21,0.0
2025-09-25,RTGC,EXCEL,NOT_APPLICABLE,EXCEL_NON_UJB_CATEGORY,63,63,0,12686.0,12686.0,0.0
2025-09-25,SUPPORT,EXCEL,NOT_APPLICABLE,EXCEL_SUPPORT_RETAINED_FORKLIFT_BRIDGE,4,4,0,320.73,320.73,0.0
2025-09-26,BUS,EXCEL,NOT_APPLICABLE,EXCEL_OUTSIDE_UJB_COVERAGE,3,3,0,150.47,150.47,0.0
2025-09-26,ELF,EXCEL,NOT_APPLICABLE,EXCEL_OUTSIDE_UJB_COVERAGE,3,3,0,113.0,113.0,0.0
2025-09-26,HEAD_TRUCK,EXCEL,NOT_APPLICABLE,EXCEL_OUTSIDE_UJB_COVERAGE,73,73,0,5047.33,5047.33,0.0
2025-09-26,KEND_OPS,EXCEL,NOT_APPLICABLE,EXCEL_OUTSIDE_UJB_COVERAGE,7,7,0,211.2,211.2,0.0
2025-09-26,RTGC,EXCEL,NOT_APPLICABLE,EXCEL_NON_UJB_CATEGORY,63,63,0,11596.0,11596.0,0.0
2025-09-26,SUPPORT,EXCEL,NOT_APPLICABLE,EXCEL_SUPPORT_RETAINED_FORKLIFT_BRIDGE,3,3,0,360.79,360.79,0.0
2025-09-27,BUS,EXCEL,NOT_APPLICABLE,EXCEL_OUTSIDE_UJB_COVERAGE,3,3,0,148.89,148.89,0.0
2025-09-27,ELF,EXCEL,NOT_APPLICABLE,EXCEL_OUTSIDE_UJB_COVERAGE,3,3,0,126.42,126.42,0.0
2025-09-27,HEAD_TRUCK,EXCEL,NOT_APPLICABLE,EXCEL_OUTSIDE_UJB_COVERAGE,79,79,0,7027.62,7027.62,0.0
2025-09-27,KEND_OPS,EXCEL,NOT_APPLICABLE,EXCEL_OUTSIDE_UJB_COVERAGE,7,7,0,186.51999999999998,186.51999999999998,0.0
2025-09-27,RTGC,EXCEL,NOT_APPLICABLE,EXCEL_NON_UJB_CATEGORY,63,63,0,11549.0,11549.0,0.0
2025-09-27,SUPPORT,EXCEL,NOT_APPLICABLE,EXCEL_SUPPORT_RETAINED_FORKLIFT_BRIDGE,4,4,0,407.13,407.13,0.0
2025-09-28,BUS,EXCEL,NOT_APPLICABLE,EXCEL_OUTSIDE_UJB_COVERAGE,3,3,0,142.0,142.0,0.0
2025-09-28,ELF,EXCEL,NOT_APPLICABLE,EXCEL_OUTSIDE_UJB_COVERAGE,3,3,0,105.0,105.0,0.0
2025-09-28,HEAD_TRUCK,EXCEL,NOT_APPLICABLE,EXCEL_OUTSIDE_UJB_COVERAGE,78,78,0,6033.79,6033.79,0.0
2025-09-28,KEND_OPS,EXCEL,NOT_APPLICABLE,EXCEL_OUTSIDE_UJB_COVERAGE,8,8,0,175.56,175.56,0.0
2025-09-28,RTGC,EXCEL,NOT_APPLICABLE,EXCEL_NON_UJB_CATEGORY,63,63,0,11093.0,11093.0,0.0
2025-09-28,SUPPORT,EXCEL,NOT_APPLICABLE,EXCEL_SUPPORT_RETAINED_FORKLIFT_BRIDGE,4,4,0,286.03,286.03,0.0
2025-09-29,BUS,EXCEL,NOT_APPLICABLE,EXCEL_OUTSIDE_UJB_COVERAGE,3,3,0,150.22,150.22,0.0
2025-09-29,ELF,EXCEL,NOT_APPLICABLE,EXCEL_OUTSIDE_UJB_COVERAGE,3,3,0,111.47,111.47,0.0
2025-09-29,HEAD_TRUCK,EXCEL,NOT_APPLICABLE,EXCEL_OUTSIDE_UJB_COVERAGE,77,77,0,6591.44,6591.44,0.0
2025-09-29,KEND_OPS,EXCEL,NOT_APPLICABLE,EXCEL_OUTSIDE_UJB_COVERAGE,9,9,0,340.40000000000003,340.40000000000003,0.0
2025-09-29,RTGC,EXCEL,NOT_APPLICABLE,EXCEL_NON_UJB_CATEGORY,63,63,0,10289.0,10289.0,0.0
2025-09-29,SUPPORT,EXCEL,NOT_APPLICABLE,EXCEL_SUPPORT_RETAINED_FORKLIFT_BRIDGE,5,5,0,412.54999999999995,412.54999999999995,0.0
2025-09-30,BUS,EXCEL,NOT_APPLICABLE,EXCEL_OUTSIDE_UJB_COVERAGE,3,3,0,150.3,150.3,0.0
2025-09-30,ELF,EXCEL,NOT_APPLICABLE,EXCEL_OUTSIDE_UJB_COVERAGE,3,3,0,114.87,114.87,0.0
2025-09-30,HEAD_TRUCK,EXCEL,NOT_APPLICABLE,EXCEL_OUTSIDE_UJB_COVERAGE,75,75,0,6086.61,6086.61,0.0
2025-09-30,KEND_OPS,EXCEL,NOT_APPLICABLE,EXCEL_OUTSIDE_UJB_COVERAGE,9,9,0,314.81,314.81,0.0
2025-09-30,RTGC,EXCEL,NOT_APPLICABLE,EXCEL_NON_UJB_CATEGORY,63,63,0,13552.0,13552.0,0.0
2025-09-30,SUPPORT,EXCEL,NOT_APPLICABLE,EXCEL_SUPPORT_RETAINED_FORKLIFT_BRIDGE,4,4,0,364.43,364.43,0.0
2025-10-01,BUS,EXCEL,NOT_APPLICABLE,EXCEL_OUTSIDE_UJB_COVERAGE,3,3,0,150.0,150.0,0.0
2025-10-01,ELF,EXCEL,NOT_APPLICABLE,EXCEL_OUTSIDE_UJB_COVERAGE,3,3,0,106.0,106.0,0.0
2025-10-01,HEAD_TRUCK,EXCEL,NOT_APPLICABLE,EXCEL_OUTSIDE_UJB_COVERAGE,74,74,0,6664.84,6664.84,0.0
2025-10-01,KEND_OPS,EXCEL,NOT_APPLICABLE,EXCEL_OUTSIDE_UJB_COVERAGE,4,4,0,76.08,76.08,0.0
2025-10-01,MODUL,EXCEL,NOT_APPLICABLE,EXCEL_MODUL_AUTHORITATIVE_WHEN_PRESENT,1,1,0,0.0,0.0,0.0
2025-10-01,RTGC,EXCEL,NOT_APPLICABLE,EXCEL_NON_UJB_CATEGORY,63,63,0,14340.0,14340.0,0.0
2025-10-01,SUPPORT,EXCEL,NOT_APPLICABLE,EXCEL_SUPPORT_RETAINED_FORKLIFT_BRIDGE,6,6,0,254.93,254.93,0.0
2025-10-02,BUS,EXCEL,NOT_APPLICABLE,EXCEL_OUTSIDE_UJB_COVERAGE,3,3,0,152.51999999999998,152.51999999999998,0.0
2025-10-02,ELF,EXCEL,NOT_APPLICABLE,EXCEL_OUTSIDE_UJB_COVERAGE,3,3,0,109.50999999999999,109.50999999999999,0.0
2025-10-02,HEAD_TRUCK,EXCEL,NOT_APPLICABLE,EXCEL_OUTSIDE_UJB_COVERAGE,72,72,0,5638.58,5638.58,0.0
2025-10-02,KEND_OPS,EXCEL,NOT_APPLICABLE,EXCEL_OUTSIDE_UJB_COVERAGE,11,11,0,286.83,286.83,0.0
2025-10-02,MODUL,EXCEL,NOT_APPLICABLE,EXCEL_MODUL_AUTHORITATIVE_WHEN_PRESENT,1,1,0,0.0,0.0,0.0
2025-10-02,RTGC,EXCEL,NOT_APPLICABLE,EXCEL_NON_UJB_CATEGORY,63,63,0,13526.0,13526.0,0.0
2025-10-02,SUPPORT,EXCEL,NOT_APPLICABLE,EXCEL_SUPPORT_RETAINED_FORKLIFT_BRIDGE,5,5,0,252.97000000000003,252.97000000000003,0.0
2025-10-03,BUS,EXCEL,NOT_APPLICABLE,EXCEL_OUTSIDE_UJB_COVERAGE,3,3,0,150.28,150.28,0.0
2025-10-03,ELF,EXCEL,NOT_APPLICABLE,EXCEL_OUTSIDE_UJB_COVERAGE,3,3,0,102.91,102.91,0.0
2025-10-03,HEAD_TRUCK,EXCEL,NOT_APPLICABLE,EXCEL_OUTSIDE_UJB_COVERAGE,76,76,0,5385.26,5385.26,0.0
2025-10-03,KEND_OPS,EXCEL,NOT_APPLICABLE,EXCEL_OUTSIDE_UJB_COVERAGE,6,6,0,173.05,173.05,0.0
2025-10-03,MODUL,EXCEL,NOT_APPLICABLE,EXCEL_MODUL_AUTHORITATIVE_WHEN_PRESENT,1,1,0,0.0,0.0,0.0
2025-10-03,RTGC,EXCEL,NOT_APPLICABLE,EXCEL_NON_UJB_CATEGORY,63,63,0,11176.0,11176.0,0.0
2025-10-03,SUPPORT,EXCEL,NOT_APPLICABLE,EXCEL_SUPPORT_RETAINED_FORKLIFT_BRIDGE,5,5,0,171.09,171.09,0.0
2025-10-04,BUS,EXCEL,NOT_APPLICABLE,EXCEL_OUTSIDE_UJB_COVERAGE,3,3,0,142.82999999999998,142.82999999999998,0.0
2025-10-04,ELF,EXCEL,NOT_APPLICABLE,EXCEL_OUTSIDE_UJB_COVERAGE,3,3,0,115.88999999999999,115.88999999999999,0.0
2025-10-04,HEAD_TRUCK,EXCEL,NOT_APPLICABLE,EXCEL_OUTSIDE_UJB_COVERAGE,80,80,0,6414.0,6414.0,0.0
2025-10-04,KEND_OPS,EXCEL,NOT_APPLICABLE,EXCEL_OUTSIDE_UJB_COVERAGE,5,5,0,112.9,112.9,0.0
2025-10-04,MODUL,EXCEL,NOT_APPLICABLE,EXCEL_MODUL_AUTHORITATIVE_WHEN_PRESENT,1,1,0,0.0,0.0,0.0
2025-10-04,RTGC,EXCEL,NOT_APPLICABLE,EXCEL_NON_UJB_CATEGORY,63,63,0,11896.0,11896.0,0.0
2025-10-04,SUPPORT,EXCEL,NOT_APPLICABLE,EXCEL_SUPPORT_RETAINED_FORKLIFT_BRIDGE,5,5,0,374.4,374.4,0.0
2025-10-05,BUS,EXCEL,NOT_APPLICABLE,EXCEL_OUTSIDE_UJB_COVERAGE,3,3,0,150.32999999999998,150.32999999999998,0.0
2025-10-05,ELF,EXCEL,NOT_APPLICABLE,EXCEL_OUTSIDE_UJB_COVERAGE,3,3,0,110.53999999999999,110.53999999999999,0.0
2025-10-05,HEAD_TRUCK,EXCEL,NOT_APPLICABLE,EXCEL_OUTSIDE_UJB_COVERAGE,70,70,0,5335.42,5335.42,0.0
2025-10-05,KEND_OPS,EXCEL,NOT_APPLICABLE,EXCEL_OUTSIDE_UJB_COVERAGE,6,6,0,145.96,145.96,0.0
2025-10-05,MODUL,EXCEL,NOT_APPLICABLE,EXCEL_MODUL_AUTHORITATIVE_WHEN_PRESENT,1,1,0,0.0,0.0,0.0
2025-10-05,RTGC,EXCEL,NOT_APPLICABLE,EXCEL_NON_UJB_CATEGORY,63,63,0,10835.0,10835.0,0.0
2025-10-05,SUPPORT,EXCEL,NOT_APPLICABLE,EXCEL_SUPPORT_RETAINED_FORKLIFT_BRIDGE,4,4,0,264.23,264.23,0.0
2025-10-06,BUS,EXCEL,NOT_APPLICABLE,EXCEL_OUTSIDE_UJB_COVERAGE,3,3,0,150.39,150.39,0.0
2025-10-06,ELF,EXCEL,NOT_APPLICABLE,EXCEL_OUTSIDE_UJB_COVERAGE,3,3,0,114.69,114.69,0.0
2025-10-06,HEAD_TRUCK,EXCEL,NOT_APPLICABLE,EXCEL_OUTSIDE_UJB_COVERAGE,76,76,0,4556.34,4556.34,0.0
2025-10-06,KEND_OPS,EXCEL,NOT_APPLICABLE,EXCEL_OUTSIDE_UJB_COVERAGE,8,8,0,191.88,191.88,0.0
2025-10-06,RTGC,EXCEL,NOT_APPLICABLE,EXCEL_NON_UJB_CATEGORY,63,63,0,10805.0,10805.0,0.0
2025-10-06,SUPPORT,EXCEL,NOT_APPLICABLE,EXCEL_SUPPORT_RETAINED_FORKLIFT_BRIDGE,5,5,0,332.87,332.87,0.0
2025-10-07,BUS,EXCEL,NOT_APPLICABLE,EXCEL_OUTSIDE_UJB_COVERAGE,3,3,0,151.0,151.0,0.0
2025-10-07,ELF,EXCEL,NOT_APPLICABLE,EXCEL_OUTSIDE_UJB_COVERAGE,3,3,0,93.25999999999999,93.25999999999999,0.0
2025-10-07,HEAD_TRUCK,EXCEL,NOT_APPLICABLE,EXCEL_OUTSIDE_UJB_COVERAGE,75,75,0,6069.7,6069.7,0.0
2025-10-07,KEND_OPS,EXCEL,NOT_APPLICABLE,EXCEL_OUTSIDE_UJB_COVERAGE,7,7,0,151.66,151.66,0.0
2025-10-07,MODUL,EXCEL,NOT_APPLICABLE,EXCEL_MODUL_AUTHORITATIVE_WHEN_PRESENT,1,1,0,0.0,0.0,0.0
2025-10-07,RTGC,EXCEL,NOT_APPLICABLE,EXCEL_NON_UJB_CATEGORY,63,63,0,14080.0,14080.0,0.0
2025-10-07,SUPPORT,EXCEL,NOT_APPLICABLE,EXCEL_SUPPORT_RETAINED_FORKLIFT_BRIDGE,6,6,0,291.14,291.14,0.0
2025-10-08,BUS,EXCEL,NOT_APPLICABLE,EXCEL_OUTSIDE_UJB_COVERAGE,3,3,0,150.28,150.28,0.0
2025-10-08,ELF,EXCEL,NOT_APPLICABLE,EXCEL_OUTSIDE_UJB_COVERAGE,3,3,0,108.53999999999999,108.53999999999999,0.0
2025-10-08,HEAD_TRUCK,EXCEL,NOT_APPLICABLE,EXCEL_OUTSIDE_UJB_COVERAGE,80,80,0,7015.41,7015.41,0.0
2025-10-08,KEND_OPS,EXCEL,NOT_APPLICABLE,EXCEL_OUTSIDE_UJB_COVERAGE,6,6,0,239.12,239.12,0.0
2025-10-08,MODUL,EXCEL,NOT_APPLICABLE,EXCEL_MODUL_AUTHORITATIVE_WHEN_PRESENT,1,1,0,0.0,0.0,0.0
2025-10-08,RTGC,EXCEL,NOT_APPLICABLE,EXCEL_NON_UJB_CATEGORY,63,63,0,12035.0,12035.0,0.0
2025-10-08,SUPPORT,EXCEL,NOT_APPLICABLE,EXCEL_SUPPORT_RETAINED_FORKLIFT_BRIDGE,5,5,0,242.07,242.07,0.0
2025-10-09,BUS,EXCEL,NOT_APPLICABLE,EXCEL_OUTSIDE_UJB_COVERAGE,3,3,0,152.32999999999998,152.32999999999998,0.0
2025-10-09,ELF,EXCEL,NOT_APPLICABLE,EXCEL_OUTSIDE_UJB_COVERAGE,3,3,0,107.16999999999999,107.16999999999999,0.0
2025-10-09,HEAD_TRUCK,EXCEL,NOT_APPLICABLE,EXCEL_OUTSIDE_UJB_COVERAGE,80,80,0,5257.55,5257.55,0.0
2025-10-09,KEND_OPS,EXCEL,NOT_APPLICABLE,EXCEL_OUTSIDE_UJB_COVERAGE,8,8,0,283.49,283.49,0.0
2025-10-09,MODUL,EXCEL,NOT_APPLICABLE,EXCEL_MODUL_AUTHORITATIVE_WHEN_PRESENT,1,1,0,0.0,0.0,0.0
2025-10-09,RTGC,EXCEL,NOT_APPLICABLE,EXCEL_NON_UJB_CATEGORY,63,63,0,10649.0,10649.0,0.0
2025-10-09,SUPPORT,EXCEL,NOT_APPLICABLE,EXCEL_SUPPORT_RETAINED_FORKLIFT_BRIDGE,5,5,0,213.86,213.86,0.0
2025-10-10,BUS,EXCEL,NOT_APPLICABLE,EXCEL_OUTSIDE_UJB_COVERAGE,3,3,0,149.61,149.61,0.0
2025-10-10,ELF,EXCEL,NOT_APPLICABLE,EXCEL_OUTSIDE_UJB_COVERAGE,3,3,0,114.63,114.63,0.0
2025-10-10,HEAD_TRUCK,EXCEL,NOT_APPLICABLE,EXCEL_OUTSIDE_UJB_COVERAGE,80,80,0,6695.86,6695.86,0.0
2025-10-10,KEND_OPS,EXCEL,NOT_APPLICABLE,EXCEL_OUTSIDE_UJB_COVERAGE,8,8,0,218.14,218.14,0.0
2025-10-10,MODUL,EXCEL,NOT_APPLICABLE,EXCEL_MODUL_AUTHORITATIVE_WHEN_PRESENT,1,1,0,0.0,0.0,0.0
2025-10-10,RTGC,EXCEL,NOT_APPLICABLE,EXCEL_NON_UJB_CATEGORY,63,63,0,13179.0,13179.0,0.0
2025-10-10,SUPPORT,EXCEL,NOT_APPLICABLE,EXCEL_SUPPORT_RETAINED_FORKLIFT_BRIDGE,6,6,0,459.63,459.63,0.0
2025-10-11,BUS,EXCEL,NOT_APPLICABLE,EXCEL_OUTSIDE_UJB_COVERAGE,3,3,0,149.41,149.41,0.0
2025-10-11,ELF,EXCEL,NOT_APPLICABLE,EXCEL_OUTSIDE_UJB_COVERAGE,3,3,0,120.0,120.0,0.0
2025-10-11,HEAD_TRUCK,EXCEL,NOT_APPLICABLE,EXCEL_OUTSIDE_UJB_COVERAGE,80,80,0,6142.37,6142.37,0.0
2025-10-11,KEND_OPS,EXCEL,NOT_APPLICABLE,EXCEL_OUTSIDE_UJB_COVERAGE,6,6,0,175.87,175.87,0.0
2025-10-11,RTGC,EXCEL,NOT_APPLICABLE,EXCEL_NON_UJB_CATEGORY,63,63,0,12152.0,12152.0,0.0
2025-10-11,SUPPORT,EXCEL,NOT_APPLICABLE,EXCEL_SUPPORT_RETAINED_FORKLIFT_BRIDGE,5,5,0,221.89000000000001,221.89000000000001,0.0
2025-10-12,BUS,EXCEL,NOT_APPLICABLE,EXCEL_OUTSIDE_UJB_COVERAGE,3,3,0,150.0,150.0,0.0
2025-10-12,ELF,EXCEL,NOT_APPLICABLE,EXCEL_OUTSIDE_UJB_COVERAGE,3,3,0,115.95,115.95,0.0
2025-10-12,HEAD_TRUCK,EXCEL,NOT_APPLICABLE,EXCEL_OUTSIDE_UJB_COVERAGE,78,78,0,6432.57,6432.57,0.0
2025-10-12,KEND_OPS,EXCEL,NOT_APPLICABLE,EXCEL_OUTSIDE_UJB_COVERAGE,8,8,0,182.24,182.24,0.0
2025-10-12,MODUL,EXCEL,NOT_APPLICABLE,EXCEL_MODUL_AUTHORITATIVE_WHEN_PRESENT,1,1,0,0.0,0.0,0.0
2025-10-12,RTGC,EXCEL,NOT_APPLICABLE,EXCEL_NON_UJB_CATEGORY,63,63,0,9856.0,9856.0,0.0
2025-10-12,SUPPORT,EXCEL,NOT_APPLICABLE,EXCEL_SUPPORT_RETAINED_FORKLIFT_BRIDGE,5,5,0,441.83000000000004,441.83000000000004,0.0
2025-10-13,BUS,EXCEL,NOT_APPLICABLE,EXCEL_OUTSIDE_UJB_COVERAGE,3,3,0,149.19,149.19,0.0
2025-10-13,ELF,EXCEL,NOT_APPLICABLE,EXCEL_OUTSIDE_UJB_COVERAGE,3,3,0,120.0,120.0,0.0
2025-10-13,HEAD_TRUCK,EXCEL,NOT_APPLICABLE,EXCEL_OUTSIDE_UJB_COVERAGE,74,74,0,5480.2,5480.2,0.0
2025-10-13,KEND_OPS,EXCEL,NOT_APPLICABLE,EXCEL_OUTSIDE_UJB_COVERAGE,6,6,0,117.11,117.11,0.0
2025-10-13,MODUL,EXCEL,NOT_APPLICABLE,EXCEL_MODUL_AUTHORITATIVE_WHEN_PRESENT,1,1,0,0.0,0.0,0.0
2025-10-13,RTGC,EXCEL,NOT_APPLICABLE,EXCEL_NON_UJB_CATEGORY,63,63,0,9027.0,9027.0,0.0
2025-10-13,SUPPORT,EXCEL,NOT_APPLICABLE,EXCEL_SUPPORT_RETAINED_FORKLIFT_BRIDGE,5,5,0,310.36,310.36,0.0
2025-10-14,BUS,EXCEL,NOT_APPLICABLE,EXCEL_OUTSIDE_UJB_COVERAGE,3,3,0,149.34,149.34,0.0
2025-10-14,ELF,EXCEL,NOT_APPLICABLE,EXCEL_OUTSIDE_UJB_COVERAGE,3,3,0,119.59,119.59,0.0
2025-10-14,HEAD_TRUCK,EXCEL,NOT_APPLICABLE,EXCEL_OUTSIDE_UJB_COVERAGE,75,75,0,4686.58,4686.58,0.0
2025-10-14,KEND_OPS,EXCEL,NOT_APPLICABLE,EXCEL_OUTSIDE_UJB_COVERAGE,4,4,0,97.81,97.81,0.0
2025-10-14,MODUL,EXCEL,NOT_APPLICABLE,EXCEL_MODUL_AUTHORITATIVE_WHEN_PRESENT,1,1,0,0.0,0.0,0.0
2025-10-14,RTGC,EXCEL,NOT_APPLICABLE,EXCEL_NON_UJB_CATEGORY,63,63,0,9311.0,9311.0,0.0
2025-10-14,SUPPORT,EXCEL,NOT_APPLICABLE,EXCEL_SUPPORT_RETAINED_FORKLIFT_BRIDGE,6,6,0,271.05,271.05,0.0
2025-10-15,BUS,EXCEL,NOT_APPLICABLE,EXCEL_OUTSIDE_UJB_COVERAGE,3,3,0,138.09,138.09,0.0
2025-10-15,ELF,EXCEL,NOT_APPLICABLE,EXCEL_OUTSIDE_UJB_COVERAGE,3,3,0,120.0,120.0,0.0
2025-10-15,HEAD_TRUCK,EXCEL,NOT_APPLICABLE,EXCEL_OUTSIDE_UJB_COVERAGE,69,69,0,5197.06,5197.06,0.0
2025-10-15,KEND_OPS,EXCEL,NOT_APPLICABLE,EXCEL_OUTSIDE_UJB_COVERAGE,7,7,0,227.0,227.0,0.0
2025-10-15,MODUL,EXCEL,NOT_APPLICABLE,EXCEL_MODUL_AUTHORITATIVE_WHEN_PRESENT,1,1,0,0.0,0.0,0.0
2025-10-15,RTGC,EXCEL,NOT_APPLICABLE,EXCEL_NON_UJB_CATEGORY,63,63,0,13581.0,13581.0,0.0
2025-10-15,SUPPORT,EXCEL,NOT_APPLICABLE,EXCEL_SUPPORT_RETAINED_FORKLIFT_BRIDGE,4,4,0,302.8,302.8,0.0
2025-10-16,BUS,EXCEL,NOT_APPLICABLE,EXCEL_OUTSIDE_UJB_COVERAGE,3,3,0,128.0,128.0,0.0
2025-10-16,ELF,EXCEL,NOT_APPLICABLE,EXCEL_OUTSIDE_UJB_COVERAGE,3,3,0,130.0,130.0,0.0
2025-10-16,HEAD_TRUCK,EXCEL,NOT_APPLICABLE,EXCEL_OUTSIDE_UJB_COVERAGE,72,72,0,4759.21,4759.21,0.0
2025-10-16,KEND_OPS,EXCEL,NOT_APPLICABLE,EXCEL_OUTSIDE_UJB_COVERAGE,5,5,0,235.94,235.94,0.0
2025-10-16,MODUL,EXCEL,NOT_APPLICABLE,EXCEL_MODUL_AUTHORITATIVE_WHEN_PRESENT,1,1,0,0.0,0.0,0.0
2025-10-16,RTGC,EXCEL,NOT_APPLICABLE,EXCEL_NON_UJB_CATEGORY,63,63,0,14008.0,14008.0,0.0
2025-10-16,SUPPORT,EXCEL,NOT_APPLICABLE,EXCEL_SUPPORT_RETAINED_FORKLIFT_BRIDGE,5,5,0,309.67,309.67,0.0
2025-10-17,BUS,EXCEL,NOT_APPLICABLE,EXCEL_OUTSIDE_UJB_COVERAGE,3,3,0,150.0,150.0,0.0
2025-10-17,ELF,EXCEL,NOT_APPLICABLE,EXCEL_OUTSIDE_UJB_COVERAGE,3,3,0,117.98,117.98,0.0
2025-10-17,HEAD_TRUCK,EXCEL,NOT_APPLICABLE,EXCEL_OUTSIDE_UJB_COVERAGE,75,75,0,4249.11,4249.11,0.0
2025-10-17,KEND_OPS,EXCEL,NOT_APPLICABLE,EXCEL_OUTSIDE_UJB_COVERAGE,12,12,0,404.61,404.61,0.0
2025-10-17,MODUL,EXCEL,NOT_APPLICABLE,EXCEL_MODUL_AUTHORITATIVE_WHEN_PRESENT,1,1,0,0.0,0.0,0.0
2025-10-17,RTGC,EXCEL,NOT_APPLICABLE,EXCEL_NON_UJB_CATEGORY,63,63,0,11544.0,11544.0,0.0
2025-10-17,SUPPORT,EXCEL,NOT_APPLICABLE,EXCEL_SUPPORT_RETAINED_FORKLIFT_BRIDGE,4,4,0,313.68,313.68,0.0
2025-10-18,BUS,EXCEL,NOT_APPLICABLE,EXCEL_OUTSIDE_UJB_COVERAGE,3,3,0,150.0,150.0,0.0
2025-10-18,ELF,EXCEL,NOT_APPLICABLE,EXCEL_OUTSIDE_UJB_COVERAGE,3,3,0,105.73,105.73,0.0
2025-10-18,HEAD_TRUCK,EXCEL,NOT_APPLICABLE,EXCEL_OUTSIDE_UJB_COVERAGE,76,76,0,3527.62,3527.62,0.0
2025-10-18,KEND_OPS,EXCEL,NOT_APPLICABLE,EXCEL_OUTSIDE_UJB_COVERAGE,4,4,0,87.03,87.03,0.0
2025-10-18,MODUL,EXCEL,NOT_APPLICABLE,EXCEL_MODUL_AUTHORITATIVE_WHEN_PRESENT,1,1,0,0.0,0.0,0.0
2025-10-18,RTGC,EXCEL,NOT_APPLICABLE,EXCEL_NON_UJB_CATEGORY,63,63,0,12406.0,12406.0,0.0
2025-10-18,SUPPORT,EXCEL,NOT_APPLICABLE,EXCEL_SUPPORT_RETAINED_FORKLIFT_BRIDGE,4,4,0,415.21000000000004,415.21000000000004,0.0
2025-10-19,BUS,EXCEL,NOT_APPLICABLE,EXCEL_OUTSIDE_UJB_COVERAGE,3,3,0,150.0,150.0,0.0
2025-10-19,ELF,EXCEL,NOT_APPLICABLE,EXCEL_OUTSIDE_UJB_COVERAGE,3,3,0,112.21000000000001,112.21000000000001,0.0
2025-10-19,HEAD_TRUCK,EXCEL,NOT_APPLICABLE,EXCEL_OUTSIDE_UJB_COVERAGE,75,75,0,6219.3,6219.3,0.0
2025-10-19,KEND_OPS,EXCEL,NOT_APPLICABLE,EXCEL_OUTSIDE_UJB_COVERAGE,4,4,0,97.84,97.84,0.0
2025-10-19,MODUL,EXCEL,NOT_APPLICABLE,EXCEL_MODUL_AUTHORITATIVE_WHEN_PRESENT,1,1,0,0.0,0.0,0.0
2025-10-19,RTGC,EXCEL,NOT_APPLICABLE,EXCEL_NON_UJB_CATEGORY,63,63,0,11450.0,11450.0,0.0
2025-10-19,SUPPORT,EXCEL,NOT_APPLICABLE,EXCEL_SUPPORT_RETAINED_FORKLIFT_BRIDGE,4,4,0,102.37,102.37,0.0
2025-10-20,BUS,EXCEL,NOT_APPLICABLE,EXCEL_OUTSIDE_UJB_COVERAGE,3,3,0,150.0,150.0,0.0
2025-10-20,ELF,EXCEL,NOT_APPLICABLE,EXCEL_OUTSIDE_UJB_COVERAGE,3,3,0,118.32,118.32,0.0
2025-10-20,HEAD_TRUCK,EXCEL,NOT_APPLICABLE,EXCEL_OUTSIDE_UJB_COVERAGE,79,79,0,6742.2699999999995,6742.2699999999995,0.0
2025-10-20,KEND_OPS,EXCEL,NOT_APPLICABLE,EXCEL_OUTSIDE_UJB_COVERAGE,8,8,0,206.34,206.34,0.0
2025-10-20,MODUL,EXCEL,NOT_APPLICABLE,EXCEL_MODUL_AUTHORITATIVE_WHEN_PRESENT,1,1,0,0.0,0.0,0.0
2025-10-20,RTGC,EXCEL,NOT_APPLICABLE,EXCEL_NON_UJB_CATEGORY,63,63,0,13684.0,13684.0,0.0
2025-10-20,SUPPORT,EXCEL,NOT_APPLICABLE,EXCEL_SUPPORT_RETAINED_FORKLIFT_BRIDGE,4,4,0,174.9,174.9,0.0
2025-10-21,BUS,EXCEL,NOT_APPLICABLE,EXCEL_OUTSIDE_UJB_COVERAGE,3,3,0,150.0,150.0,0.0
2025-10-21,ELF,EXCEL,NOT_APPLICABLE,EXCEL_OUTSIDE_UJB_COVERAGE,3,3,0,107.8,107.8,0.0
2025-10-21,HEAD_TRUCK,EXCEL,NOT_APPLICABLE,EXCEL_OUTSIDE_UJB_COVERAGE,77,77,0,6209.13,6209.13,0.0
2025-10-21,KEND_OPS,EXCEL,NOT_APPLICABLE,EXCEL_OUTSIDE_UJB_COVERAGE,7,7,0,171.99,171.99,0.0
2025-10-21,RTGC,EXCEL,NOT_APPLICABLE,EXCEL_NON_UJB_CATEGORY,63,63,0,14585.0,14585.0,0.0
2025-10-21,SUPPORT,EXCEL,NOT_APPLICABLE,EXCEL_SUPPORT_RETAINED_FORKLIFT_BRIDGE,6,6,0,351.27,351.27,0.0
2025-10-22,BUS,EXCEL,NOT_APPLICABLE,EXCEL_OUTSIDE_UJB_COVERAGE,3,3,0,149.92000000000002,149.92000000000002,0.0
2025-10-22,ELF,EXCEL,NOT_APPLICABLE,EXCEL_OUTSIDE_UJB_COVERAGE,3,3,0,109.66,109.66,0.0
2025-10-22,HEAD_TRUCK,EXCEL,NOT_APPLICABLE,EXCEL_OUTSIDE_UJB_COVERAGE,78,78,0,6810.91,6810.91,0.0
2025-10-22,KEND_OPS,EXCEL,NOT_APPLICABLE,EXCEL_OUTSIDE_UJB_COVERAGE,7,7,0,179.85,179.85,0.0
2025-10-22,RTGC,EXCEL,NOT_APPLICABLE,EXCEL_NON_UJB_CATEGORY,63,63,0,14509.0,14509.0,0.0
2025-10-22,SUPPORT,EXCEL,NOT_APPLICABLE,EXCEL_SUPPORT_RETAINED_FORKLIFT_BRIDGE,5,5,0,332.63,332.63,0.0
2025-10-23,BUS,EXCEL,NOT_APPLICABLE,EXCEL_OUTSIDE_UJB_COVERAGE,3,3,0,150.64,150.64,0.0
2025-10-23,ELF,EXCEL,NOT_APPLICABLE,EXCEL_OUTSIDE_UJB_COVERAGE,3,3,0,115.3,115.3,0.0
2025-10-23,HEAD_TRUCK,EXCEL,NOT_APPLICABLE,EXCEL_OUTSIDE_UJB_COVERAGE,75,75,0,6241.3,6241.3,0.0
2025-10-23,KEND_OPS,EXCEL,NOT_APPLICABLE,EXCEL_OUTSIDE_UJB_COVERAGE,6,6,0,154.44,154.44,0.0
2025-10-23,RTGC,EXCEL,NOT_APPLICABLE,EXCEL_NON_UJB_CATEGORY,63,63,0,14787.0,14787.0,0.0
2025-10-23,SUPPORT,EXCEL,NOT_APPLICABLE,EXCEL_SUPPORT_RETAINED_FORKLIFT_BRIDGE,5,5,0,400.68,400.68,0.0
2025-10-24,BUS,EXCEL,NOT_APPLICABLE,EXCEL_OUTSIDE_UJB_COVERAGE,3,3,0,150.0,150.0,0.0
2025-10-24,ELF,EXCEL,NOT_APPLICABLE,EXCEL_OUTSIDE_UJB_COVERAGE,3,3,0,120.0,120.0,0.0
2025-10-24,HEAD_TRUCK,EXCEL,NOT_APPLICABLE,EXCEL_OUTSIDE_UJB_COVERAGE,80,80,0,3756.31,3756.31,0.0
2025-10-24,KEND_OPS,EXCEL,NOT_APPLICABLE,EXCEL_OUTSIDE_UJB_COVERAGE,5,5,0,131.03,131.03,0.0
2025-10-24,RTGC,EXCEL,NOT_APPLICABLE,EXCEL_NON_UJB_CATEGORY,63,63,0,13337.0,13337.0,0.0
2025-10-24,SUPPORT,EXCEL,NOT_APPLICABLE,EXCEL_SUPPORT_RETAINED_FORKLIFT_BRIDGE,5,5,0,317.84,317.84,0.0
2025-10-25,BUS,EXCEL,NOT_APPLICABLE,EXCEL_OUTSIDE_UJB_COVERAGE,3,3,0,149.41,149.41,0.0
2025-10-25,ELF,EXCEL,NOT_APPLICABLE,EXCEL_OUTSIDE_UJB_COVERAGE,3,3,0,114.09,114.09,0.0
2025-10-25,HEAD_TRUCK,EXCEL,NOT_APPLICABLE,EXCEL_OUTSIDE_UJB_COVERAGE,77,77,0,6311.9,6311.9,0.0
2025-10-25,KEND_OPS,EXCEL,NOT_APPLICABLE,EXCEL_OUTSIDE_UJB_COVERAGE,6,6,0,178.68,178.68,0.0
2025-10-25,RTGC,EXCEL,NOT_APPLICABLE,EXCEL_NON_UJB_CATEGORY,63,63,0,13085.0,13085.0,0.0
2025-10-25,SUPPORT,EXCEL,NOT_APPLICABLE,EXCEL_SUPPORT_RETAINED_FORKLIFT_BRIDGE,3,3,0,276.84,276.84,0.0
2025-10-26,BUS,EXCEL,NOT_APPLICABLE,EXCEL_OUTSIDE_UJB_COVERAGE,3,3,0,149.42000000000002,149.42000000000002,0.0
2025-10-26,ELF,EXCEL,NOT_APPLICABLE,EXCEL_OUTSIDE_UJB_COVERAGE,3,3,0,119.91,119.91,0.0
2025-10-26,HEAD_TRUCK,EXCEL,NOT_APPLICABLE,EXCEL_OUTSIDE_UJB_COVERAGE,78,78,0,6724.69,6724.69,0.0
2025-10-26,KEND_OPS,EXCEL,NOT_APPLICABLE,EXCEL_OUTSIDE_UJB_COVERAGE,7,7,0,201.59,201.59,0.0
2025-10-26,RTGC,EXCEL,NOT_APPLICABLE,EXCEL_NON_UJB_CATEGORY,63,63,0,12100.0,12100.0,0.0
2025-10-26,SUPPORT,EXCEL,NOT_APPLICABLE,EXCEL_SUPPORT_RETAINED_FORKLIFT_BRIDGE,5,5,0,348.2,348.2,0.0
2025-10-27,BUS,EXCEL,NOT_APPLICABLE,EXCEL_OUTSIDE_UJB_COVERAGE,3,3,0,150.0,150.0,0.0
2025-10-27,ELF,EXCEL,NOT_APPLICABLE,EXCEL_OUTSIDE_UJB_COVERAGE,3,3,0,111.75999999999999,111.75999999999999,0.0
2025-10-27,HEAD_TRUCK,EXCEL,NOT_APPLICABLE,EXCEL_OUTSIDE_UJB_COVERAGE,79,79,0,6774.69,6774.69,0.0
2025-10-27,KEND_OPS,EXCEL,NOT_APPLICABLE,EXCEL_OUTSIDE_UJB_COVERAGE,8,8,0,314.99,314.99,0.0
2025-10-27,RTGC,EXCEL,NOT_APPLICABLE,EXCEL_NON_UJB_CATEGORY,63,63,0,13749.0,13749.0,0.0
2025-10-27,SUPPORT,EXCEL,NOT_APPLICABLE,EXCEL_SUPPORT_RETAINED_FORKLIFT_BRIDGE,3,3,0,193.71,193.71,0.0
2025-10-28,BUS,EXCEL,NOT_APPLICABLE,EXCEL_OUTSIDE_UJB_COVERAGE,3,3,0,140.0,140.0,0.0
2025-10-28,ELF,EXCEL,NOT_APPLICABLE,EXCEL_OUTSIDE_UJB_COVERAGE,3,3,0,116.05,116.05,0.0
2025-10-28,HEAD_TRUCK,EXCEL,NOT_APPLICABLE,EXCEL_OUTSIDE_UJB_COVERAGE,82,82,0,6446.58,6446.58,0.0
2025-10-28,KEND_OPS,EXCEL,NOT_APPLICABLE,EXCEL_OUTSIDE_UJB_COVERAGE,9,9,0,272.12,272.12,0.0
2025-10-28,RTGC,EXCEL,NOT_APPLICABLE,EXCEL_NON_UJB_CATEGORY,63,63,0,13665.0,13665.0,0.0
2025-10-28,SUPPORT,EXCEL,NOT_APPLICABLE,EXCEL_SUPPORT_RETAINED_FORKLIFT_BRIDGE,3,3,0,393.42,393.42,0.0
2025-10-29,BUS,EXCEL,NOT_APPLICABLE,EXCEL_OUTSIDE_UJB_COVERAGE,3,3,0,150.0,150.0,0.0
2025-10-29,ELF,EXCEL,NOT_APPLICABLE,EXCEL_OUTSIDE_UJB_COVERAGE,3,3,0,115.42,115.42,0.0
2025-10-29,HEAD_TRUCK,EXCEL,NOT_APPLICABLE,EXCEL_OUTSIDE_UJB_COVERAGE,78,78,0,6754.99,6754.99,0.0
2025-10-29,KEND_OPS,EXCEL,NOT_APPLICABLE,EXCEL_OUTSIDE_UJB_COVERAGE,8,8,0,199.06,199.06,0.0
2025-10-29,RTGC,EXCEL,NOT_APPLICABLE,EXCEL_NON_UJB_CATEGORY,63,63,0,12841.0,12841.0,0.0
2025-10-29,SUPPORT,EXCEL,NOT_APPLICABLE,EXCEL_SUPPORT_RETAINED_FORKLIFT_BRIDGE,7,7,0,378.32,378.32,0.0
2025-10-30,BUS,EXCEL,NOT_APPLICABLE,EXCEL_OUTSIDE_UJB_COVERAGE,3,3,0,148.61,148.61,0.0
2025-10-30,ELF,EXCEL,NOT_APPLICABLE,EXCEL_OUTSIDE_UJB_COVERAGE,3,3,0,120.0,120.0,0.0
2025-10-30,HEAD_TRUCK,EXCEL,NOT_APPLICABLE,EXCEL_OUTSIDE_UJB_COVERAGE,77,77,0,6038.95,6038.95,0.0
2025-10-30,KEND_OPS,EXCEL,NOT_APPLICABLE,EXCEL_OUTSIDE_UJB_COVERAGE,6,6,0,111.66,111.66,0.0
2025-10-30,RTGC,EXCEL,NOT_APPLICABLE,EXCEL_NON_UJB_CATEGORY,63,63,0,14836.0,14836.0,0.0
2025-10-30,SUPPORT,EXCEL,NOT_APPLICABLE,EXCEL_SUPPORT_RETAINED_FORKLIFT_BRIDGE,5,5,0,252.91,252.91,0.0
2025-10-31,BUS,EXCEL,NOT_APPLICABLE,EXCEL_OUTSIDE_UJB_COVERAGE,3,3,0,122.06,122.06,0.0
2025-10-31,ELF,EXCEL,NOT_APPLICABLE,EXCEL_OUTSIDE_UJB_COVERAGE,3,3,0,120.0,120.0,0.0
2025-10-31,HEAD_TRUCK,EXCEL,NOT_APPLICABLE,EXCEL_OUTSIDE_UJB_COVERAGE,78,78,0,6702.4,6702.4,0.0
2025-10-31,KEND_OPS,EXCEL,NOT_APPLICABLE,EXCEL_OUTSIDE_UJB_COVERAGE,7,7,0,180.3,180.3,0.0
2025-10-31,RTGC,EXCEL,NOT_APPLICABLE,EXCEL_NON_UJB_CATEGORY,63,63,0,14439.0,14439.0,0.0
2025-10-31,SUPPORT,EXCEL,NOT_APPLICABLE,EXCEL_SUPPORT_RETAINED_FORKLIFT_BRIDGE,3,3,0,210.16,210.16,0.0
2025-11-01,BUS,EXCEL,NOT_APPLICABLE,EXCEL_OUTSIDE_UJB_COVERAGE,3,3,0,143.44,143.44,0.0
2025-11-01,ELF,EXCEL,NOT_APPLICABLE,EXCEL_OUTSIDE_UJB_COVERAGE,3,3,0,117.86,117.86,0.0
2025-11-01,HEAD_TRUCK,EXCEL,NOT_APPLICABLE,EXCEL_OUTSIDE_UJB_COVERAGE,77,77,0,5793.51,5793.51,0.0
2025-11-01,KEND_OPS,EXCEL,NOT_APPLICABLE,EXCEL_OUTSIDE_UJB_COVERAGE,7,7,0,160.9,160.9,0.0
2025-11-01,MODUL,EXCEL,NOT_APPLICABLE,EXCEL_MODUL_AUTHORITATIVE_WHEN_PRESENT,1,1,0,0.0,0.0,0.0
2025-11-01,RTGC,EXCEL,NOT_APPLICABLE,EXCEL_NON_UJB_CATEGORY,63,63,0,14788.0,14788.0,0.0
2025-11-01,SUPPORT,EXCEL,NOT_APPLICABLE,EXCEL_SUPPORT_RETAINED_FORKLIFT_BRIDGE,4,4,0,578.53,578.53,0.0
2025-11-02,BUS,EXCEL,NOT_APPLICABLE,EXCEL_OUTSIDE_UJB_COVERAGE,3,3,0,149.05,149.05,0.0
2025-11-02,ELF,EXCEL,NOT_APPLICABLE,EXCEL_OUTSIDE_UJB_COVERAGE,3,3,0,100.32,100.32,0.0
2025-11-02,HEAD_TRUCK,EXCEL,NOT_APPLICABLE,EXCEL_OUTSIDE_UJB_COVERAGE,74,74,0,6621.38,6621.38,0.0
2025-11-02,KEND_OPS,EXCEL,NOT_APPLICABLE,EXCEL_OUTSIDE_UJB_COVERAGE,6,6,0,133.9,133.9,0.0
2025-11-02,MODUL,EXCEL,NOT_APPLICABLE,EXCEL_MODUL_AUTHORITATIVE_WHEN_PRESENT,1,1,0,0.0,0.0,0.0
2025-11-02,RTGC,EXCEL,NOT_APPLICABLE,EXCEL_NON_UJB_CATEGORY,63,63,0,14481.0,14481.0,0.0
2025-11-02,SUPPORT,EXCEL,NOT_APPLICABLE,EXCEL_SUPPORT_RETAINED_FORKLIFT_BRIDGE,5,5,0,408.31,408.31,0.0
2025-11-03,BUS,EXCEL,NOT_APPLICABLE,EXCEL_OUTSIDE_UJB_COVERAGE,3,3,0,144.65,144.65,0.0
2025-11-03,ELF,EXCEL,NOT_APPLICABLE,EXCEL_OUTSIDE_UJB_COVERAGE,3,3,0,116.57,116.57,0.0
2025-11-03,HEAD_TRUCK,EXCEL,NOT_APPLICABLE,EXCEL_OUTSIDE_UJB_COVERAGE,73,73,0,6183.56,6183.56,0.0
2025-11-03,KEND_OPS,EXCEL,NOT_APPLICABLE,EXCEL_OUTSIDE_UJB_COVERAGE,4,4,0,134.34,134.34,0.0
2025-11-03,MODUL,EXCEL,NOT_APPLICABLE,EXCEL_MODUL_AUTHORITATIVE_WHEN_PRESENT,1,1,0,0.0,0.0,0.0
2025-11-03,RTGC,EXCEL,NOT_APPLICABLE,EXCEL_NON_UJB_CATEGORY,63,63,0,10132.0,10132.0,0.0
2025-11-03,SUPPORT,EXCEL,NOT_APPLICABLE,EXCEL_SUPPORT_RETAINED_FORKLIFT_BRIDGE,4,4,0,228.14,228.14,0.0
2025-11-04,BUS,EXCEL,NOT_APPLICABLE,EXCEL_OUTSIDE_UJB_COVERAGE,3,3,0,150.0,150.0,0.0
2025-11-04,ELF,EXCEL,NOT_APPLICABLE,EXCEL_OUTSIDE_UJB_COVERAGE,3,3,0,116.1,116.1,0.0
2025-11-04,HEAD_TRUCK,EXCEL,NOT_APPLICABLE,EXCEL_OUTSIDE_UJB_COVERAGE,78,78,0,6521.43,6521.43,0.0
2025-11-04,KEND_OPS,EXCEL,NOT_APPLICABLE,EXCEL_OUTSIDE_UJB_COVERAGE,8,8,0,211.19,211.19,0.0
2025-11-04,MODUL,EXCEL,NOT_APPLICABLE,EXCEL_MODUL_AUTHORITATIVE_WHEN_PRESENT,1,1,0,0.0,0.0,0.0
2025-11-04,RTGC,EXCEL,NOT_APPLICABLE,EXCEL_NON_UJB_CATEGORY,63,63,0,11292.0,11292.0,0.0
2025-11-04,SUPPORT,EXCEL,NOT_APPLICABLE,EXCEL_SUPPORT_RETAINED_FORKLIFT_BRIDGE,5,5,0,306.28,306.28,0.0
2025-11-05,BUS,EXCEL,NOT_APPLICABLE,EXCEL_OUTSIDE_UJB_COVERAGE,3,3,0,149.19,149.19,0.0
2025-11-05,ELF,EXCEL,NOT_APPLICABLE,EXCEL_OUTSIDE_UJB_COVERAGE,3,3,0,109.1,109.1,0.0
2025-11-05,HEAD_TRUCK,EXCEL,NOT_APPLICABLE,EXCEL_OUTSIDE_UJB_COVERAGE,78,78,0,5118.89,5118.89,0.0
2025-11-05,KEND_OPS,EXCEL,NOT_APPLICABLE,EXCEL_OUTSIDE_UJB_COVERAGE,5,5,0,120.17,120.17,0.0
2025-11-05,MODUL,EXCEL,NOT_APPLICABLE,EXCEL_MODUL_AUTHORITATIVE_WHEN_PRESENT,1,1,0,0.0,0.0,0.0
2025-11-05,RTGC,EXCEL,NOT_APPLICABLE,EXCEL_NON_UJB_CATEGORY,63,63,0,12985.0,12985.0,0.0
2025-11-05,SUPPORT,EXCEL,NOT_APPLICABLE,EXCEL_SUPPORT_RETAINED_FORKLIFT_BRIDGE,7,7,0,399.46,399.46,0.0
2025-11-06,BUS,EXCEL,NOT_APPLICABLE,EXCEL_OUTSIDE_UJB_COVERAGE,3,3,0,145.87,145.87,0.0
2025-11-06,ELF,EXCEL,NOT_APPLICABLE,EXCEL_OUTSIDE_UJB_COVERAGE,3,3,0,117.47,117.47,0.0
2025-11-06,HEAD_TRUCK,EXCEL,NOT_APPLICABLE,EXCEL_OUTSIDE_UJB_COVERAGE,74,74,0,5871.89,5871.89,0.0
2025-11-06,KEND_OPS,EXCEL,NOT_APPLICABLE,EXCEL_OUTSIDE_UJB_COVERAGE,6,6,0,145.94,145.94,0.0
2025-11-06,RTGC,EXCEL,NOT_APPLICABLE,EXCEL_NON_UJB_CATEGORY,63,63,0,12058.0,12058.0,0.0
2025-11-06,SUPPORT,EXCEL,NOT_APPLICABLE,EXCEL_SUPPORT_RETAINED_FORKLIFT_BRIDGE,5,5,0,260.95,260.95,0.0
2025-11-07,BUS,EXCEL,NOT_APPLICABLE,EXCEL_OUTSIDE_UJB_COVERAGE,3,3,0,149.59,149.59,0.0
2025-11-07,ELF,EXCEL,NOT_APPLICABLE,EXCEL_OUTSIDE_UJB_COVERAGE,3,3,0,118.56,118.56,0.0
2025-11-07,HEAD_TRUCK,EXCEL,NOT_APPLICABLE,EXCEL_OUTSIDE_UJB_COVERAGE,73,73,0,5150.83,5150.83,0.0
2025-11-07,KEND_OPS,EXCEL,NOT_APPLICABLE,EXCEL_OUTSIDE_UJB_COVERAGE,7,7,0,182.05,182.05,0.0
2025-11-07,MODUL,EXCEL,NOT_APPLICABLE,EXCEL_MODUL_AUTHORITATIVE_WHEN_PRESENT,1,1,0,0.0,0.0,0.0
2025-11-07,RTGC,EXCEL,NOT_APPLICABLE,EXCEL_NON_UJB_CATEGORY,63,63,0,11616.0,11616.0,0.0
2025-11-07,SUPPORT,EXCEL,NOT_APPLICABLE,EXCEL_SUPPORT_RETAINED_FORKLIFT_BRIDGE,5,5,0,215.22,215.22,0.0
2025-11-08,BUS,EXCEL,NOT_APPLICABLE,EXCEL_OUTSIDE_UJB_COVERAGE,3,3,0,130.86,130.86,0.0
2025-11-08,ELF,EXCEL,NOT_APPLICABLE,EXCEL_OUTSIDE_UJB_COVERAGE,3,3,0,103.38,103.38,0.0
2025-11-08,HEAD_TRUCK,EXCEL,NOT_APPLICABLE,EXCEL_OUTSIDE_UJB_COVERAGE,77,77,0,5694.54,5694.54,0.0
2025-11-08,KEND_OPS,EXCEL,NOT_APPLICABLE,EXCEL_OUTSIDE_UJB_COVERAGE,3,3,0,45.099999999999994,45.099999999999994,0.0
2025-11-08,MODUL,EXCEL,NOT_APPLICABLE,EXCEL_MODUL_AUTHORITATIVE_WHEN_PRESENT,1,1,0,0.0,0.0,0.0
2025-11-08,RTGC,EXCEL,NOT_APPLICABLE,EXCEL_NON_UJB_CATEGORY,63,63,0,10930.0,10930.0,0.0
2025-11-08,SUPPORT,EXCEL,NOT_APPLICABLE,EXCEL_SUPPORT_RETAINED_FORKLIFT_BRIDGE,4,4,0,313.33000000000004,313.33000000000004,0.0
2025-11-09,BUS,EXCEL,NOT_APPLICABLE,EXCEL_OUTSIDE_UJB_COVERAGE,3,3,0,141.36,141.36,0.0
2025-11-09,ELF,EXCEL,NOT_APPLICABLE,EXCEL_OUTSIDE_UJB_COVERAGE,3,3,0,99.87,99.87,0.0
2025-11-09,HEAD_TRUCK,EXCEL,NOT_APPLICABLE,EXCEL_OUTSIDE_UJB_COVERAGE,73,73,0,5888.29,5888.29,0.0
2025-11-09,KEND_OPS,EXCEL,NOT_APPLICABLE,EXCEL_OUTSIDE_UJB_COVERAGE,6,6,0,145.82,145.82,0.0
2025-11-09,MODUL,EXCEL,NOT_APPLICABLE,EXCEL_MODUL_AUTHORITATIVE_WHEN_PRESENT,1,1,0,0.0,0.0,0.0
2025-11-09,RTGC,EXCEL,NOT_APPLICABLE,EXCEL_NON_UJB_CATEGORY,63,63,0,10724.0,10724.0,0.0
2025-11-09,SUPPORT,EXCEL,NOT_APPLICABLE,EXCEL_SUPPORT_RETAINED_FORKLIFT_BRIDGE,4,4,0,311.49,311.49,0.0
2025-11-10,BUS,EXCEL,NOT_APPLICABLE,EXCEL_OUTSIDE_UJB_COVERAGE,3,3,0,153.0,153.0,0.0
2025-11-10,ELF,EXCEL,NOT_APPLICABLE,EXCEL_OUTSIDE_UJB_COVERAGE,3,3,0,111.0,111.0,0.0
2025-11-10,HEAD_TRUCK,EXCEL,NOT_APPLICABLE,EXCEL_OUTSIDE_UJB_COVERAGE,70,70,0,5950.43,5950.43,0.0
2025-11-10,KEND_OPS,EXCEL,NOT_APPLICABLE,EXCEL_OUTSIDE_UJB_COVERAGE,7,7,0,203.46,203.46,0.0
2025-11-10,MODUL,EXCEL,NOT_APPLICABLE,EXCEL_MODUL_AUTHORITATIVE_WHEN_PRESENT,1,1,0,0.0,0.0,0.0
2025-11-10,RTGC,EXCEL,NOT_APPLICABLE,EXCEL_NON_UJB_CATEGORY,63,63,0,9383.0,9383.0,0.0
2025-11-10,SUPPORT,EXCEL,NOT_APPLICABLE,EXCEL_SUPPORT_RETAINED_FORKLIFT_BRIDGE,5,5,0,404.1,404.1,0.0
2025-11-11,BUS,EXCEL,NOT_APPLICABLE,EXCEL_OUTSIDE_UJB_COVERAGE,3,3,0,130.0,130.0,0.0
2025-11-11,ELF,EXCEL,NOT_APPLICABLE,EXCEL_OUTSIDE_UJB_COVERAGE,3,3,0,105.88,105.88,0.0
2025-11-11,HEAD_TRUCK,EXCEL,NOT_APPLICABLE,EXCEL_OUTSIDE_UJB_COVERAGE,78,78,0,6709.79,6709.79,0.0
2025-11-11,KEND_OPS,EXCEL,NOT_APPLICABLE,EXCEL_OUTSIDE_UJB_COVERAGE,9,9,0,350.28999999999996,350.28999999999996,0.0
2025-11-11,RTGC,EXCEL,NOT_APPLICABLE,EXCEL_NON_UJB_CATEGORY,63,63,0,13423.0,13423.0,0.0
2025-11-11,SUPPORT,EXCEL,NOT_APPLICABLE,EXCEL_SUPPORT_RETAINED_FORKLIFT_BRIDGE,5,5,0,327.6,327.6,0.0
2025-11-12,BUS,EXCEL,NOT_APPLICABLE,EXCEL_OUTSIDE_UJB_COVERAGE,3,3,0,150.0,150.0,0.0
2025-11-12,ELF,EXCEL,NOT_APPLICABLE,EXCEL_OUTSIDE_UJB_COVERAGE,3,3,0,99.21000000000001,99.21000000000001,0.0
2025-11-12,HEAD_TRUCK,EXCEL,NOT_APPLICABLE,EXCEL_OUTSIDE_UJB_COVERAGE,77,77,0,5714.89,5714.89,0.0
2025-11-12,KEND_OPS,EXCEL,NOT_APPLICABLE,EXCEL_OUTSIDE_UJB_COVERAGE,9,9,0,284.72,284.72,0.0
2025-11-12,MODUL,EXCEL,NOT_APPLICABLE,EXCEL_MODUL_AUTHORITATIVE_WHEN_PRESENT,1,1,0,0.0,0.0,0.0
2025-11-12,RTGC,EXCEL,NOT_APPLICABLE,EXCEL_NON_UJB_CATEGORY,63,63,0,12654.0,12654.0,0.0
2025-11-12,SUPPORT,EXCEL,NOT_APPLICABLE,EXCEL_SUPPORT_RETAINED_FORKLIFT_BRIDGE,4,4,0,220.84,220.84,0.0
2025-11-13,BUS,EXCEL,NOT_APPLICABLE,EXCEL_OUTSIDE_UJB_COVERAGE,3,3,0,150.0,150.0,0.0
2025-11-13,ELF,EXCEL,NOT_APPLICABLE,EXCEL_OUTSIDE_UJB_COVERAGE,3,3,0,112.28999999999999,112.28999999999999,0.0
2025-11-13,HEAD_TRUCK,EXCEL,NOT_APPLICABLE,EXCEL_OUTSIDE_UJB_COVERAGE,76,76,0,6513.58,6513.58,0.0
2025-11-13,KEND_OPS,EXCEL,NOT_APPLICABLE,EXCEL_OUTSIDE_UJB_COVERAGE,6,6,0,225.72,225.72,0.0
2025-11-13,MODUL,EXCEL,NOT_APPLICABLE,EXCEL_MODUL_AUTHORITATIVE_WHEN_PRESENT,1,1,0,0.0,0.0,0.0
2025-11-13,RTGC,EXCEL,NOT_APPLICABLE,EXCEL_NON_UJB_CATEGORY,63,63,0,13247.0,13247.0,0.0
2025-11-13,SUPPORT,EXCEL,NOT_APPLICABLE,EXCEL_SUPPORT_RETAINED_FORKLIFT_BRIDGE,4,4,0,476.38,476.38,0.0
2025-11-14,BUS,EXCEL,NOT_APPLICABLE,EXCEL_OUTSIDE_UJB_COVERAGE,3,3,0,150.0,150.0,0.0
2025-11-14,ELF,EXCEL,NOT_APPLICABLE,EXCEL_OUTSIDE_UJB_COVERAGE,3,3,0,104.48,104.48,0.0
2025-11-14,HEAD_TRUCK,EXCEL,NOT_APPLICABLE,EXCEL_OUTSIDE_UJB_COVERAGE,78,78,0,6394.2,6394.2,0.0
2025-11-14,KEND_OPS,EXCEL,NOT_APPLICABLE,EXCEL_OUTSIDE_UJB_COVERAGE,5,5,0,109.16,109.16,0.0
2025-11-14,MODUL,EXCEL,NOT_APPLICABLE,EXCEL_MODUL_AUTHORITATIVE_WHEN_PRESENT,1,1,0,0.0,0.0,0.0
2025-11-14,RTGC,EXCEL,NOT_APPLICABLE,EXCEL_NON_UJB_CATEGORY,63,63,0,12614.0,12614.0,0.0
2025-11-14,SUPPORT,EXCEL,NOT_APPLICABLE,EXCEL_SUPPORT_RETAINED_FORKLIFT_BRIDGE,4,4,0,236.17000000000002,236.17000000000002,0.0
2025-11-15,BUS,EXCEL,NOT_APPLICABLE,EXCEL_OUTSIDE_UJB_COVERAGE,3,3,0,150.56,150.56,0.0
2025-11-15,ELF,EXCEL,NOT_APPLICABLE,EXCEL_OUTSIDE_UJB_COVERAGE,3,3,0,101.78999999999999,101.78999999999999,0.0
2025-11-15,HEAD_TRUCK,EXCEL,NOT_APPLICABLE,EXCEL_OUTSIDE_UJB_COVERAGE,79,79,0,6733.97,6733.97,0.0
2025-11-15,KEND_OPS,EXCEL,NOT_APPLICABLE,EXCEL_OUTSIDE_UJB_COVERAGE,5,5,0,154.74,154.74,0.0
2025-11-15,MODUL,EXCEL,NOT_APPLICABLE,EXCEL_MODUL_AUTHORITATIVE_WHEN_PRESENT,1,1,0,0.0,0.0,0.0
2025-11-15,RTGC,EXCEL,NOT_APPLICABLE,EXCEL_NON_UJB_CATEGORY,63,63,0,11339.0,11339.0,0.0
2025-11-15,SUPPORT,EXCEL,NOT_APPLICABLE,EXCEL_SUPPORT_RETAINED_FORKLIFT_BRIDGE,8,8,0,619.54,619.54,0.0
2025-11-16,BUS,EXCEL,NOT_APPLICABLE,EXCEL_OUTSIDE_UJB_COVERAGE,3,3,0,150.0,150.0,0.0
2025-11-16,ELF,EXCEL,NOT_APPLICABLE,EXCEL_OUTSIDE_UJB_COVERAGE,3,3,0,103.33,103.33,0.0
2025-11-16,HEAD_TRUCK,EXCEL,NOT_APPLICABLE,EXCEL_OUTSIDE_UJB_COVERAGE,76,76,0,6295.12,6295.12,0.0
2025-11-16,KEND_OPS,EXCEL,NOT_APPLICABLE,EXCEL_OUTSIDE_UJB_COVERAGE,4,4,0,89.26,89.26,0.0
2025-11-16,MODUL,EXCEL,NOT_APPLICABLE,EXCEL_MODUL_AUTHORITATIVE_WHEN_PRESENT,1,1,0,0.0,0.0,0.0
2025-11-16,RTGC,EXCEL,NOT_APPLICABLE,EXCEL_NON_UJB_CATEGORY,63,63,0,11418.0,11418.0,0.0
2025-11-16,SUPPORT,EXCEL,NOT_APPLICABLE,EXCEL_SUPPORT_RETAINED_FORKLIFT_BRIDGE,5,5,0,321.5,321.5,0.0
2025-11-17,BUS,EXCEL,NOT_APPLICABLE,EXCEL_OUTSIDE_UJB_COVERAGE,3,3,0,150.0,150.0,0.0
2025-11-17,ELF,EXCEL,NOT_APPLICABLE,EXCEL_OUTSIDE_UJB_COVERAGE,3,3,0,120.0,120.0,0.0
2025-11-17,HEAD_TRUCK,EXCEL,NOT_APPLICABLE,EXCEL_OUTSIDE_UJB_COVERAGE,74,74,0,5334.47,5334.47,0.0
2025-11-17,KEND_OPS,EXCEL,NOT_APPLICABLE,EXCEL_OUTSIDE_UJB_COVERAGE,5,5,0,151.34,151.34,0.0
2025-11-17,MODUL,EXCEL,NOT_APPLICABLE,EXCEL_MODUL_AUTHORITATIVE_WHEN_PRESENT,1,1,0,0.0,0.0,0.0
2025-11-17,RTGC,EXCEL,NOT_APPLICABLE,EXCEL_NON_UJB_CATEGORY,63,63,0,8061.0,8061.0,0.0
2025-11-17,SUPPORT,EXCEL,NOT_APPLICABLE,EXCEL_SUPPORT_RETAINED_FORKLIFT_BRIDGE,3,3,0,199.60999999999999,199.60999999999999,0.0
2025-11-18,BUS,EXCEL,NOT_APPLICABLE,EXCEL_OUTSIDE_UJB_COVERAGE,3,3,0,150.0,150.0,0.0
2025-11-18,ELF,EXCEL,NOT_APPLICABLE,EXCEL_OUTSIDE_UJB_COVERAGE,3,3,0,117.3,117.3,0.0
2025-11-18,HEAD_TRUCK,EXCEL,NOT_APPLICABLE,EXCEL_OUTSIDE_UJB_COVERAGE,79,79,0,6591.51,6591.51,0.0
2025-11-18,KEND_OPS,EXCEL,NOT_APPLICABLE,EXCEL_OUTSIDE_UJB_COVERAGE,5,5,0,142.32999999999998,142.32999999999998,0.0
2025-11-18,MODUL,EXCEL,NOT_APPLICABLE,EXCEL_MODUL_AUTHORITATIVE_WHEN_PRESENT,1,1,0,0.0,0.0,0.0
2025-11-18,RTGC,EXCEL,NOT_APPLICABLE,EXCEL_NON_UJB_CATEGORY,63,63,0,10046.0,10046.0,0.0
2025-11-18,SUPPORT,EXCEL,NOT_APPLICABLE,EXCEL_SUPPORT_RETAINED_FORKLIFT_BRIDGE,6,6,0,377.15999999999997,377.15999999999997,0.0
2025-11-19,BUS,EXCEL,NOT_APPLICABLE,EXCEL_OUTSIDE_UJB_COVERAGE,3,3,0,150.0,150.0,0.0
2025-11-19,ELF,EXCEL,NOT_APPLICABLE,EXCEL_OUTSIDE_UJB_COVERAGE,3,3,0,113.69,113.69,0.0
2025-11-19,HEAD_TRUCK,EXCEL,NOT_APPLICABLE,EXCEL_OUTSIDE_UJB_COVERAGE,76,76,0,6316.61,6316.61,0.0
2025-11-19,KEND_OPS,EXCEL,NOT_APPLICABLE,EXCEL_OUTSIDE_UJB_COVERAGE,8,8,0,259.23,259.23,0.0
2025-11-19,MODUL,EXCEL,NOT_APPLICABLE,EXCEL_MODUL_AUTHORITATIVE_WHEN_PRESENT,1,1,0,0.0,0.0,0.0
2025-11-19,RTGC,EXCEL,NOT_APPLICABLE,EXCEL_NON_UJB_CATEGORY,63,63,0,12996.0,12996.0,0.0
2025-11-19,SUPPORT,EXCEL,NOT_APPLICABLE,EXCEL_SUPPORT_RETAINED_FORKLIFT_BRIDGE,6,6,0,545.6,545.6,0.0
2025-11-20,BUS,EXCEL,NOT_APPLICABLE,EXCEL_OUTSIDE_UJB_COVERAGE,3,3,0,150.0,150.0,0.0
2025-11-20,ELF,EXCEL,NOT_APPLICABLE,EXCEL_OUTSIDE_UJB_COVERAGE,3,3,0,97.31,97.31,0.0
2025-11-20,HEAD_TRUCK,EXCEL,NOT_APPLICABLE,EXCEL_OUTSIDE_UJB_COVERAGE,82,82,0,4815.84,4815.84,0.0
2025-11-20,KEND_OPS,EXCEL,NOT_APPLICABLE,EXCEL_OUTSIDE_UJB_COVERAGE,6,6,0,202.57999999999998,202.57999999999998,0.0
2025-11-20,MODUL,EXCEL,NOT_APPLICABLE,EXCEL_MODUL_AUTHORITATIVE_WHEN_PRESENT,1,1,0,0.0,0.0,0.0
2025-11-20,RTGC,EXCEL,NOT_APPLICABLE,EXCEL_NON_UJB_CATEGORY,63,63,0,13975.0,13975.0,0.0
2025-11-20,SUPPORT,EXCEL,NOT_APPLICABLE,EXCEL_SUPPORT_RETAINED_FORKLIFT_BRIDGE,6,6,0,420.79,420.79,0.0
2025-11-21,BUS,EXCEL,NOT_APPLICABLE,EXCEL_OUTSIDE_UJB_COVERAGE,3,3,0,141.04,141.04,0.0
2025-11-21,ELF,EXCEL,NOT_APPLICABLE,EXCEL_OUTSIDE_UJB_COVERAGE,3,3,0,102.44,102.44,0.0
2025-11-21,HEAD_TRUCK,EXCEL,NOT_APPLICABLE,EXCEL_OUTSIDE_UJB_COVERAGE,79,79,0,6433.6,6433.6,0.0
2025-11-21,KEND_OPS,EXCEL,NOT_APPLICABLE,EXCEL_OUTSIDE_UJB_COVERAGE,8,8,0,238.99,238.99,0.0
2025-11-21,RTGC,EXCEL,NOT_APPLICABLE,EXCEL_NON_UJB_CATEGORY,63,63,0,14478.0,14478.0,0.0
2025-11-21,SUPPORT,EXCEL,NOT_APPLICABLE,EXCEL_SUPPORT_RETAINED_FORKLIFT_BRIDGE,4,4,0,285.83,285.83,0.0
2025-11-22,BUS,EXCEL,NOT_APPLICABLE,EXCEL_OUTSIDE_UJB_COVERAGE,3,3,0,149.91,149.91,0.0
2025-11-22,ELF,EXCEL,NOT_APPLICABLE,EXCEL_OUTSIDE_UJB_COVERAGE,3,3,0,108.88,108.88,0.0
2025-11-22,HEAD_TRUCK,EXCEL,NOT_APPLICABLE,EXCEL_OUTSIDE_UJB_COVERAGE,76,76,0,6342.53,6342.53,0.0
2025-11-22,KEND_OPS,EXCEL,NOT_APPLICABLE,EXCEL_OUTSIDE_UJB_COVERAGE,5,5,0,147.39,147.39,0.0
2025-11-22,RTGC,EXCEL,NOT_APPLICABLE,EXCEL_NON_UJB_CATEGORY,63,63,0,12100.0,12100.0,0.0
2025-11-22,SUPPORT,EXCEL,NOT_APPLICABLE,EXCEL_SUPPORT_RETAINED_FORKLIFT_BRIDGE,5,5,0,427.53000000000003,427.53000000000003,0.0
2025-11-23,BUS,EXCEL,NOT_APPLICABLE,EXCEL_OUTSIDE_UJB_COVERAGE,3,3,0,143.75,143.75,0.0
2025-11-23,ELF,EXCEL,NOT_APPLICABLE,EXCEL_OUTSIDE_UJB_COVERAGE,3,3,0,77.22999999999999,77.22999999999999,0.0
2025-11-23,HEAD_TRUCK,EXCEL,NOT_APPLICABLE,EXCEL_OUTSIDE_UJB_COVERAGE,80,80,0,6499.7300000000005,6499.7300000000005,0.0
2025-11-23,KEND_OPS,EXCEL,NOT_APPLICABLE,EXCEL_OUTSIDE_UJB_COVERAGE,7,7,0,158.11,158.11,0.0
2025-11-23,RTGC,EXCEL,NOT_APPLICABLE,EXCEL_NON_UJB_CATEGORY,63,63,0,9951.0,9951.0,0.0
2025-11-23,SUPPORT,EXCEL,NOT_APPLICABLE,EXCEL_SUPPORT_RETAINED_FORKLIFT_BRIDGE,6,6,0,485.67,485.67,0.0
2025-11-24,BUS,EXCEL,NOT_APPLICABLE,EXCEL_OUTSIDE_UJB_COVERAGE,3,3,0,150.0,150.0,0.0
2025-11-24,ELF,EXCEL,NOT_APPLICABLE,EXCEL_OUTSIDE_UJB_COVERAGE,3,3,0,104.63,104.63,0.0
2025-11-24,HEAD_TRUCK,EXCEL,NOT_APPLICABLE,EXCEL_OUTSIDE_UJB_COVERAGE,79,79,0,7224.01,7224.01,0.0
2025-11-24,KEND_OPS,EXCEL,NOT_APPLICABLE,EXCEL_OUTSIDE_UJB_COVERAGE,4,4,0,86.28,86.28,0.0
2025-11-24,RTGC,EXCEL,NOT_APPLICABLE,EXCEL_NON_UJB_CATEGORY,63,63,0,11140.0,11140.0,0.0
2025-11-24,SUPPORT,EXCEL,NOT_APPLICABLE,EXCEL_SUPPORT_RETAINED_FORKLIFT_BRIDGE,5,5,0,295.03000000000003,295.03000000000003,0.0
2025-11-25,BUS,EXCEL,NOT_APPLICABLE,EXCEL_OUTSIDE_UJB_COVERAGE,3,3,0,148.37,148.37,0.0
2025-11-25,ELF,EXCEL,NOT_APPLICABLE,EXCEL_OUTSIDE_UJB_COVERAGE,3,3,0,108.75999999999999,108.75999999999999,0.0
2025-11-25,HEAD_TRUCK,EXCEL,NOT_APPLICABLE,EXCEL_OUTSIDE_UJB_COVERAGE,75,75,0,6084.5,6084.5,0.0
2025-11-25,KEND_OPS,EXCEL,NOT_APPLICABLE,EXCEL_OUTSIDE_UJB_COVERAGE,6,6,0,169.91,169.91,0.0
2025-11-25,RTGC,EXCEL,NOT_APPLICABLE,EXCEL_NON_UJB_CATEGORY,63,63,0,12131.0,12131.0,0.0
2025-11-25,SUPPORT,EXCEL,NOT_APPLICABLE,EXCEL_SUPPORT_RETAINED_FORKLIFT_BRIDGE,5,5,0,531.36,531.36,0.0
2025-11-26,BUS,EXCEL,NOT_APPLICABLE,EXCEL_OUTSIDE_UJB_COVERAGE,3,3,0,139.78,139.78,0.0
2025-11-26,ELF,EXCEL,NOT_APPLICABLE,EXCEL_OUTSIDE_UJB_COVERAGE,3,3,0,116.45,116.45,0.0
2025-11-26,HEAD_TRUCK,EXCEL,NOT_APPLICABLE,EXCEL_OUTSIDE_UJB_COVERAGE,75,75,0,5077.31,5077.31,0.0
2025-11-26,KEND_OPS,EXCEL,NOT_APPLICABLE,EXCEL_OUTSIDE_UJB_COVERAGE,8,8,0,258.15,258.15,0.0
2025-11-26,RTGC,EXCEL,NOT_APPLICABLE,EXCEL_NON_UJB_CATEGORY,63,63,0,14884.0,14884.0,0.0
2025-11-26,SUPPORT,EXCEL,NOT_APPLICABLE,EXCEL_SUPPORT_RETAINED_FORKLIFT_BRIDGE,4,4,0,393.31,393.31,0.0
2025-11-27,BUS,EXCEL,NOT_APPLICABLE,EXCEL_OUTSIDE_UJB_COVERAGE,3,3,0,138.57999999999998,138.57999999999998,0.0
2025-11-27,ELF,EXCEL,NOT_APPLICABLE,EXCEL_OUTSIDE_UJB_COVERAGE,3,3,0,108.77000000000001,108.77000000000001,0.0
2025-11-27,HEAD_TRUCK,EXCEL,NOT_APPLICABLE,EXCEL_OUTSIDE_UJB_COVERAGE,78,78,0,5112.47,5112.47,0.0
2025-11-27,KEND_OPS,EXCEL,NOT_APPLICABLE,EXCEL_OUTSIDE_UJB_COVERAGE,4,4,0,103.76,103.76,0.0
2025-11-27,RTGC,EXCEL,NOT_APPLICABLE,EXCEL_NON_UJB_CATEGORY,63,63,0,11969.0,11969.0,0.0
2025-11-27,SUPPORT,EXCEL,NOT_APPLICABLE,EXCEL_SUPPORT_RETAINED_FORKLIFT_BRIDGE,5,5,0,349.17,349.17,0.0
2025-11-28,BUS,EXCEL,NOT_APPLICABLE,EXCEL_OUTSIDE_UJB_COVERAGE,3,3,0,150.0,150.0,0.0
2025-11-28,ELF,EXCEL,NOT_APPLICABLE,EXCEL_OUTSIDE_UJB_COVERAGE,3,3,0,97.33000000000001,97.33000000000001,0.0
2025-11-28,HEAD_TRUCK,EXCEL,NOT_APPLICABLE,EXCEL_OUTSIDE_UJB_COVERAGE,77,77,0,6347.75,6347.75,0.0
2025-11-28,KEND_OPS,EXCEL,NOT_APPLICABLE,EXCEL_OUTSIDE_UJB_COVERAGE,8,8,0,212.32999999999998,212.32999999999998,0.0
2025-11-28,RTGC,EXCEL,NOT_APPLICABLE,EXCEL_NON_UJB_CATEGORY,63,63,0,12045.0,12045.0,0.0
2025-11-28,SUPPORT,EXCEL,NOT_APPLICABLE,EXCEL_SUPPORT_RETAINED_FORKLIFT_BRIDGE,4,4,0,375.65000000000003,375.65000000000003,0.0
2025-11-29,BUS,EXCEL,NOT_APPLICABLE,EXCEL_OUTSIDE_UJB_COVERAGE,3,3,0,142.15,142.15,0.0
2025-11-29,ELF,EXCEL,NOT_APPLICABLE,EXCEL_OUTSIDE_UJB_COVERAGE,3,3,0,102.32000000000001,102.32000000000001,0.0
2025-11-29,HEAD_TRUCK,EXCEL,NOT_APPLICABLE,EXCEL_OUTSIDE_UJB_COVERAGE,75,75,0,6281.03,6281.03,0.0
2025-11-29,KEND_OPS,EXCEL,NOT_APPLICABLE,EXCEL_OUTSIDE_UJB_COVERAGE,11,11,0,309.88,309.88,0.0
2025-11-29,RTGC,EXCEL,NOT_APPLICABLE,EXCEL_NON_UJB_CATEGORY,63,63,0,13438.0,13438.0,0.0
2025-11-29,SUPPORT,EXCEL,NOT_APPLICABLE,EXCEL_SUPPORT_RETAINED_FORKLIFT_BRIDGE,5,5,0,280.85,280.85,0.0
2025-11-30,BUS,EXCEL,NOT_APPLICABLE,EXCEL_OUTSIDE_UJB_COVERAGE,3,3,0,135.31,135.31,0.0
2025-11-30,ELF,EXCEL,NOT_APPLICABLE,EXCEL_OUTSIDE_UJB_COVERAGE,3,3,0,103.96,103.96,0.0
2025-11-30,HEAD_TRUCK,EXCEL,NOT_APPLICABLE,EXCEL_OUTSIDE_UJB_COVERAGE,78,78,0,6688.33,6688.33,0.0
2025-11-30,KEND_OPS,EXCEL,NOT_APPLICABLE,EXCEL_OUTSIDE_UJB_COVERAGE,6,6,0,210.19,210.19,0.0
2025-11-30,RTGC,EXCEL,NOT_APPLICABLE,EXCEL_NON_UJB_CATEGORY,63,63,0,12789.0,12789.0,0.0
2025-11-30,SUPPORT,EXCEL,NOT_APPLICABLE,EXCEL_SUPPORT_RETAINED_FORKLIFT_BRIDGE,4,4,0,147.22,147.22,0.0
2025-12-01,BUS,EXCEL,NOT_APPLICABLE,EXCEL_OUTSIDE_UJB_COVERAGE,3,3,0,141.68,141.68,0.0
2025-12-01,ELF,EXCEL,NOT_APPLICABLE,EXCEL_OUTSIDE_UJB_COVERAGE,3,3,0,112.86,112.86,0.0
2025-12-01,HEAD_TRUCK,EXCEL,NOT_APPLICABLE,EXCEL_OUTSIDE_UJB_COVERAGE,68,68,0,3146.74,3146.74,0.0
2025-12-01,KEND_OPS,EXCEL,NOT_APPLICABLE,EXCEL_OUTSIDE_UJB_COVERAGE,3,3,0,42.29,42.29,0.0
2025-12-01,MODUL,EXCEL,NOT_APPLICABLE,EXCEL_MODUL_AUTHORITATIVE_WHEN_PRESENT,1,1,0,0.0,0.0,0.0
2025-12-01,RTGC,EXCEL,NOT_APPLICABLE,EXCEL_NON_UJB_CATEGORY,63,63,0,11181.0,11181.0,0.0
2025-12-01,SUPPORT,EXCEL,NOT_APPLICABLE,EXCEL_SUPPORT_RETAINED_FORKLIFT_BRIDGE,6,6,0,286.04,286.04,0.0
2025-12-02,BUS,EXCEL,NOT_APPLICABLE,EXCEL_OUTSIDE_UJB_COVERAGE,3,3,0,143.28,143.28,0.0
2025-12-02,ELF,EXCEL,NOT_APPLICABLE,EXCEL_OUTSIDE_UJB_COVERAGE,3,3,0,111.00999999999999,111.00999999999999,0.0
2025-12-02,HEAD_TRUCK,EXCEL,NOT_APPLICABLE,EXCEL_OUTSIDE_UJB_COVERAGE,72,72,0,4620.56,4620.56,0.0
2025-12-02,KEND_OPS,EXCEL,NOT_APPLICABLE,EXCEL_OUTSIDE_UJB_COVERAGE,6,6,0,137.18,137.18,0.0
2025-12-02,MODUL,EXCEL,NOT_APPLICABLE,EXCEL_MODUL_AUTHORITATIVE_WHEN_PRESENT,1,1,0,50.0,50.0,0.0
2025-12-02,RTGC,EXCEL,NOT_APPLICABLE,EXCEL_NON_UJB_CATEGORY,63,63,0,10863.0,10863.0,0.0
2025-12-02,SUPPORT,EXCEL,NOT_APPLICABLE,EXCEL_SUPPORT_RETAINED_FORKLIFT_BRIDGE,5,5,0,267.86,267.86,0.0
2025-12-03,BUS,EXCEL,NOT_APPLICABLE,EXCEL_OUTSIDE_UJB_COVERAGE,3,3,0,145.70999999999998,145.70999999999998,0.0
2025-12-03,ELF,EXCEL,NOT_APPLICABLE,EXCEL_OUTSIDE_UJB_COVERAGE,3,3,0,114.9,114.9,0.0
2025-12-03,HEAD_TRUCK,EXCEL,NOT_APPLICABLE,EXCEL_OUTSIDE_UJB_COVERAGE,76,76,0,5688.06,5688.06,0.0
2025-12-03,KEND_OPS,EXCEL,NOT_APPLICABLE,EXCEL_OUTSIDE_UJB_COVERAGE,4,4,0,96.89,96.89,0.0
2025-12-03,MODUL,EXCEL,NOT_APPLICABLE,EXCEL_MODUL_AUTHORITATIVE_WHEN_PRESENT,1,1,0,0.0,0.0,0.0
2025-12-03,RTGC,EXCEL,NOT_APPLICABLE,EXCEL_NON_UJB_CATEGORY,63,63,0,13281.0,13281.0,0.0
2025-12-03,SUPPORT,EXCEL,NOT_APPLICABLE,EXCEL_SUPPORT_RETAINED_FORKLIFT_BRIDGE,3,3,0,224.09,224.09,0.0
2025-12-04,BUS,EXCEL,NOT_APPLICABLE,EXCEL_OUTSIDE_UJB_COVERAGE,3,3,0,132.0,132.0,0.0
2025-12-04,ELF,EXCEL,NOT_APPLICABLE,EXCEL_OUTSIDE_UJB_COVERAGE,3,3,0,107.85,107.85,0.0
2025-12-04,HEAD_TRUCK,EXCEL,NOT_APPLICABLE,EXCEL_OUTSIDE_UJB_COVERAGE,80,80,0,6614.27,6614.27,0.0
2025-12-04,KEND_OPS,EXCEL,NOT_APPLICABLE,EXCEL_OUTSIDE_UJB_COVERAGE,1,1,0,0.0,0.0,0.0
2025-12-04,MODUL,EXCEL,NOT_APPLICABLE,EXCEL_MODUL_AUTHORITATIVE_WHEN_PRESENT,1,1,0,0.0,0.0,0.0
2025-12-04,RTGC,EXCEL,NOT_APPLICABLE,EXCEL_NON_UJB_CATEGORY,63,63,0,14509.0,14509.0,0.0
2025-12-04,SUPPORT,EXCEL,NOT_APPLICABLE,EXCEL_SUPPORT_RETAINED_FORKLIFT_BRIDGE,5,5,0,458.23999999999995,458.23999999999995,0.0
2025-12-05,BUS,EXCEL,NOT_APPLICABLE,EXCEL_OUTSIDE_UJB_COVERAGE,3,3,0,150.0,150.0,0.0
2025-12-05,ELF,EXCEL,NOT_APPLICABLE,EXCEL_OUTSIDE_UJB_COVERAGE,3,3,0,92.64,92.64,0.0
2025-12-05,HEAD_TRUCK,EXCEL,NOT_APPLICABLE,EXCEL_OUTSIDE_UJB_COVERAGE,75,75,0,5345.68,5345.68,0.0
2025-12-05,KEND_OPS,EXCEL,NOT_APPLICABLE,EXCEL_OUTSIDE_UJB_COVERAGE,11,11,0,344.04,344.04,0.0
2025-12-05,MODUL,EXCEL,NOT_APPLICABLE,EXCEL_MODUL_AUTHORITATIVE_WHEN_PRESENT,1,1,0,0.0,0.0,0.0
2025-12-05,RTGC,EXCEL,NOT_APPLICABLE,EXCEL_NON_UJB_CATEGORY,63,63,0,13372.0,13372.0,0.0
2025-12-05,SUPPORT,EXCEL,NOT_APPLICABLE,EXCEL_SUPPORT_RETAINED_FORKLIFT_BRIDGE,4,4,0,320.36,320.36,0.0
2025-12-06,BUS,EXCEL,NOT_APPLICABLE,EXCEL_OUTSIDE_UJB_COVERAGE,3,3,0,130.6,130.6,0.0
2025-12-06,ELF,EXCEL,NOT_APPLICABLE,EXCEL_OUTSIDE_UJB_COVERAGE,3,3,0,82.39,82.39,0.0
2025-12-06,HEAD_TRUCK,EXCEL,NOT_APPLICABLE,EXCEL_OUTSIDE_UJB_COVERAGE,79,79,0,6057.72,6057.72,0.0
2025-12-06,KEND_OPS,EXCEL,NOT_APPLICABLE,EXCEL_OUTSIDE_UJB_COVERAGE,5,5,0,188.34,188.34,0.0
2025-12-06,RTGC,EXCEL,NOT_APPLICABLE,EXCEL_NON_UJB_CATEGORY,63,63,0,14177.0,14177.0,0.0
2025-12-06,SUPPORT,EXCEL,NOT_APPLICABLE,EXCEL_SUPPORT_RETAINED_FORKLIFT_BRIDGE,5,5,0,527.86,527.86,0.0
2025-12-07,BUS,EXCEL,NOT_APPLICABLE,EXCEL_OUTSIDE_UJB_COVERAGE,3,3,0,142.29000000000002,142.29000000000002,0.0
2025-12-07,ELF,EXCEL,NOT_APPLICABLE,EXCEL_OUTSIDE_UJB_COVERAGE,3,3,0,75.09,75.09,0.0
2025-12-07,HEAD_TRUCK,EXCEL,NOT_APPLICABLE,EXCEL_OUTSIDE_UJB_COVERAGE,78,78,0,5778.86,5778.86,0.0
2025-12-07,KEND_OPS,EXCEL,NOT_APPLICABLE,EXCEL_OUTSIDE_UJB_COVERAGE,6,6,0,170.9,170.9,0.0
2025-12-07,MODUL,EXCEL,NOT_APPLICABLE,EXCEL_MODUL_AUTHORITATIVE_WHEN_PRESENT,1,1,0,0.0,0.0,0.0
2025-12-07,RTGC,EXCEL,NOT_APPLICABLE,EXCEL_NON_UJB_CATEGORY,63,63,0,12618.0,12618.0,0.0
2025-12-07,SUPPORT,EXCEL,NOT_APPLICABLE,EXCEL_SUPPORT_RETAINED_FORKLIFT_BRIDGE,5,5,0,277.98,277.98,0.0
2025-12-08,BUS,EXCEL,NOT_APPLICABLE,EXCEL_OUTSIDE_UJB_COVERAGE,3,3,0,134.5,134.5,0.0
2025-12-08,ELF,EXCEL,NOT_APPLICABLE,EXCEL_OUTSIDE_UJB_COVERAGE,3,3,0,96.8,96.8,0.0
2025-12-08,HEAD_TRUCK,EXCEL,NOT_APPLICABLE,EXCEL_OUTSIDE_UJB_COVERAGE,78,78,0,6019.9,6019.9,0.0
2025-12-08,KEND_OPS,EXCEL,NOT_APPLICABLE,EXCEL_OUTSIDE_UJB_COVERAGE,9,9,0,307.83,307.83,0.0
2025-12-08,MODUL,EXCEL,NOT_APPLICABLE,EXCEL_MODUL_AUTHORITATIVE_WHEN_PRESENT,1,1,0,0.0,0.0,0.0
2025-12-08,RTGC,EXCEL,NOT_APPLICABLE,EXCEL_NON_UJB_CATEGORY,63,63,0,13804.0,13804.0,0.0
2025-12-08,SUPPORT,EXCEL,NOT_APPLICABLE,EXCEL_SUPPORT_RETAINED_FORKLIFT_BRIDGE,7,7,0,231.57000000000002,231.57000000000002,0.0
2025-12-09,BUS,EXCEL,NOT_APPLICABLE,EXCEL_OUTSIDE_UJB_COVERAGE,3,3,0,150.0,150.0,0.0
2025-12-09,ELF,EXCEL,NOT_APPLICABLE,EXCEL_OUTSIDE_UJB_COVERAGE,3,3,0,99.22,99.22,0.0
2025-12-09,HEAD_TRUCK,EXCEL,NOT_APPLICABLE,EXCEL_OUTSIDE_UJB_COVERAGE,80,80,0,6076.19,6076.19,0.0
2025-12-09,KEND_OPS,EXCEL,NOT_APPLICABLE,EXCEL_OUTSIDE_UJB_COVERAGE,6,6,0,168.15,168.15,0.0
2025-12-09,MODUL,EXCEL,NOT_APPLICABLE,EXCEL_MODUL_AUTHORITATIVE_WHEN_PRESENT,1,1,0,0.0,0.0,0.0
2025-12-09,RTGC,EXCEL,NOT_APPLICABLE,EXCEL_NON_UJB_CATEGORY,63,63,0,13720.0,13720.0,0.0
2025-12-09,SUPPORT,EXCEL,NOT_APPLICABLE,EXCEL_SUPPORT_RETAINED_FORKLIFT_BRIDGE,4,4,0,398.98,398.98,0.0
2025-12-10,BUS,EXCEL,NOT_APPLICABLE,EXCEL_OUTSIDE_UJB_COVERAGE,3,3,0,150.0,150.0,0.0
2025-12-10,ELF,EXCEL,NOT_APPLICABLE,EXCEL_OUTSIDE_UJB_COVERAGE,3,3,0,111.31,111.31,0.0
2025-12-10,HEAD_TRUCK,EXCEL,NOT_APPLICABLE,EXCEL_OUTSIDE_UJB_COVERAGE,74,74,0,5836.82,5836.82,0.0
2025-12-10,KEND_OPS,EXCEL,NOT_APPLICABLE,EXCEL_OUTSIDE_UJB_COVERAGE,10,10,0,288.41,288.41,0.0
2025-12-10,MODUL,EXCEL,NOT_APPLICABLE,EXCEL_MODUL_AUTHORITATIVE_WHEN_PRESENT,1,1,0,0.0,0.0,0.0
2025-12-10,RTGC,EXCEL,NOT_APPLICABLE,EXCEL_NON_UJB_CATEGORY,63,63,0,14680.0,14680.0,0.0
2025-12-10,SUPPORT,EXCEL,NOT_APPLICABLE,EXCEL_SUPPORT_RETAINED_FORKLIFT_BRIDGE,5,5,0,323.98,323.98,0.0
2025-12-11,BUS,EXCEL,NOT_APPLICABLE,EXCEL_OUTSIDE_UJB_COVERAGE,3,3,0,150.0,150.0,0.0
2025-12-11,ELF,EXCEL,NOT_APPLICABLE,EXCEL_OUTSIDE_UJB_COVERAGE,3,3,0,108.03999999999999,108.03999999999999,0.0
2025-12-11,HEAD_TRUCK,EXCEL,NOT_APPLICABLE,EXCEL_OUTSIDE_UJB_COVERAGE,76,76,0,5998.53,5998.53,0.0
2025-12-11,KEND_OPS,EXCEL,NOT_APPLICABLE,EXCEL_OUTSIDE_UJB_COVERAGE,4,4,0,135.39,135.39,0.0
2025-12-11,RTGC,EXCEL,NOT_APPLICABLE,EXCEL_NON_UJB_CATEGORY,63,63,0,13062.0,13062.0,0.0
2025-12-11,SUPPORT,EXCEL,NOT_APPLICABLE,EXCEL_SUPPORT_RETAINED_FORKLIFT_BRIDGE,3,3,0,295.22,295.22,0.0
2025-12-12,BUS,EXCEL,NOT_APPLICABLE,EXCEL_OUTSIDE_UJB_COVERAGE,3,3,0,150.0,150.0,0.0
2025-12-12,ELF,EXCEL,NOT_APPLICABLE,EXCEL_OUTSIDE_UJB_COVERAGE,3,3,0,105.02,105.02,0.0
2025-12-12,HEAD_TRUCK,EXCEL,NOT_APPLICABLE,EXCEL_OUTSIDE_UJB_COVERAGE,79,79,0,6809.9,6809.9,0.0
2025-12-12,KEND_OPS,EXCEL,NOT_APPLICABLE,EXCEL_OUTSIDE_UJB_COVERAGE,8,8,0,233.26,233.26,0.0
2025-12-12,MODUL,EXCEL,NOT_APPLICABLE,EXCEL_MODUL_AUTHORITATIVE_WHEN_PRESENT,1,1,0,0.0,0.0,0.0
2025-12-12,RTGC,EXCEL,NOT_APPLICABLE,EXCEL_NON_UJB_CATEGORY,63,63,0,14175.0,14175.0,0.0
2025-12-12,SUPPORT,EXCEL,NOT_APPLICABLE,EXCEL_SUPPORT_RETAINED_FORKLIFT_BRIDGE,5,5,0,426.72,426.72,0.0
2025-12-13,BUS,EXCEL,NOT_APPLICABLE,EXCEL_OUTSIDE_UJB_COVERAGE,3,3,0,150.0,150.0,0.0
2025-12-13,ELF,EXCEL,NOT_APPLICABLE,EXCEL_OUTSIDE_UJB_COVERAGE,3,3,0,106.44,106.44,0.0
2025-12-13,HEAD_TRUCK,EXCEL,NOT_APPLICABLE,EXCEL_OUTSIDE_UJB_COVERAGE,76,76,0,7534.2,7534.2,0.0
2025-12-13,KEND_OPS,EXCEL,NOT_APPLICABLE,EXCEL_OUTSIDE_UJB_COVERAGE,3,3,0,80.0,80.0,0.0
2025-12-13,MODUL,EXCEL,NOT_APPLICABLE,EXCEL_MODUL_AUTHORITATIVE_WHEN_PRESENT,1,1,0,0.0,0.0,0.0
2025-12-13,RTGC,EXCEL,NOT_APPLICABLE,EXCEL_NON_UJB_CATEGORY,63,63,0,14790.0,14790.0,0.0
2025-12-13,SUPPORT,EXCEL,NOT_APPLICABLE,EXCEL_SUPPORT_RETAINED_FORKLIFT_BRIDGE,4,4,0,303.56,303.56,0.0
2025-12-14,BUS,EXCEL,NOT_APPLICABLE,EXCEL_OUTSIDE_UJB_COVERAGE,3,3,0,150.0,150.0,0.0
2025-12-14,ELF,EXCEL,NOT_APPLICABLE,EXCEL_OUTSIDE_UJB_COVERAGE,3,3,0,108.2,108.2,0.0
2025-12-14,HEAD_TRUCK,EXCEL,NOT_APPLICABLE,EXCEL_OUTSIDE_UJB_COVERAGE,76,76,0,8538.92,8538.92,0.0
2025-12-14,KEND_OPS,EXCEL,NOT_APPLICABLE,EXCEL_OUTSIDE_UJB_COVERAGE,4,4,0,78.11,78.11,0.0
2025-12-14,MODUL,EXCEL,NOT_APPLICABLE,EXCEL_MODUL_AUTHORITATIVE_WHEN_PRESENT,1,1,0,0.0,0.0,0.0
2025-12-14,RTGC,EXCEL,NOT_APPLICABLE,EXCEL_NON_UJB_CATEGORY,63,63,0,13322.0,13322.0,0.0
2025-12-14,SUPPORT,EXCEL,NOT_APPLICABLE,EXCEL_SUPPORT_RETAINED_FORKLIFT_BRIDGE,5,5,0,295.40999999999997,295.40999999999997,0.0
2025-12-15,BUS,EXCEL,NOT_APPLICABLE,EXCEL_OUTSIDE_UJB_COVERAGE,3,3,0,150.0,150.0,0.0
2025-12-15,ELF,EXCEL,NOT_APPLICABLE,EXCEL_OUTSIDE_UJB_COVERAGE,3,3,0,107.18,107.18,0.0
2025-12-15,HEAD_TRUCK,EXCEL,NOT_APPLICABLE,EXCEL_OUTSIDE_UJB_COVERAGE,79,79,0,6996.46,6996.46,0.0
2025-12-15,KEND_OPS,EXCEL,NOT_APPLICABLE,EXCEL_OUTSIDE_UJB_COVERAGE,12,12,0,395.67,395.67,0.0
2025-12-15,MODUL,EXCEL,NOT_APPLICABLE,EXCEL_MODUL_AUTHORITATIVE_WHEN_PRESENT,1,1,0,0.0,0.0,0.0
2025-12-15,RTGC,EXCEL,NOT_APPLICABLE,EXCEL_NON_UJB_CATEGORY,63,63,0,10029.0,10029.0,0.0
2025-12-15,SUPPORT,EXCEL,NOT_APPLICABLE,EXCEL_SUPPORT_RETAINED_FORKLIFT_BRIDGE,6,6,0,210.93,210.93,0.0
2025-12-16,BUS,EXCEL,NOT_APPLICABLE,EXCEL_OUTSIDE_UJB_COVERAGE,3,3,0,150.0,150.0,0.0
2025-12-16,ELF,EXCEL,NOT_APPLICABLE,EXCEL_OUTSIDE_UJB_COVERAGE,3,3,0,103.74,103.74,0.0
2025-12-16,HEAD_TRUCK,EXCEL,NOT_APPLICABLE,EXCEL_OUTSIDE_UJB_COVERAGE,79,79,0,6182.3,6182.3,0.0
2025-12-16,KEND_OPS,EXCEL,NOT_APPLICABLE,EXCEL_OUTSIDE_UJB_COVERAGE,7,7,0,160.45999999999998,160.45999999999998,0.0
2025-12-16,MODUL,EXCEL,NOT_APPLICABLE,EXCEL_MODUL_AUTHORITATIVE_WHEN_PRESENT,3,3,0,2200.0,2200.0,0.0
2025-12-16,RTGC,EXCEL,NOT_APPLICABLE,EXCEL_NON_UJB_CATEGORY,63,63,0,14728.0,14728.0,0.0
2025-12-16,SUPPORT,EXCEL,NOT_APPLICABLE,EXCEL_SUPPORT_RETAINED_FORKLIFT_BRIDGE,5,5,0,420.62,420.62,0.0
2025-12-17,BUS,EXCEL,NOT_APPLICABLE,EXCEL_OUTSIDE_UJB_COVERAGE,3,3,0,150.0,150.0,0.0
2025-12-17,ELF,EXCEL,NOT_APPLICABLE,EXCEL_OUTSIDE_UJB_COVERAGE,3,3,0,97.34,97.34,0.0
2025-12-17,HEAD_TRUCK,EXCEL,NOT_APPLICABLE,EXCEL_OUTSIDE_UJB_COVERAGE,78,78,0,6196.35,6196.35,0.0
2025-12-17,KEND_OPS,EXCEL,NOT_APPLICABLE,EXCEL_OUTSIDE_UJB_COVERAGE,5,5,0,134.2,134.2,0.0
2025-12-17,MODUL,EXCEL,NOT_APPLICABLE,EXCEL_MODUL_AUTHORITATIVE_WHEN_PRESENT,2,2,0,1500.0,1500.0,0.0
2025-12-17,RTGC,EXCEL,NOT_APPLICABLE,EXCEL_NON_UJB_CATEGORY,63,63,0,14764.0,14764.0,0.0
2025-12-17,SUPPORT,EXCEL,NOT_APPLICABLE,EXCEL_SUPPORT_RETAINED_FORKLIFT_BRIDGE,5,5,0,434.9,434.9,0.0
2025-12-18,BUS,EXCEL,NOT_APPLICABLE,EXCEL_OUTSIDE_UJB_COVERAGE,3,3,0,150.0,150.0,0.0
2025-12-18,ELF,EXCEL,NOT_APPLICABLE,EXCEL_OUTSIDE_UJB_COVERAGE,3,3,0,109.05000000000001,109.05000000000001,0.0
2025-12-18,HEAD_TRUCK,EXCEL,NOT_APPLICABLE,EXCEL_OUTSIDE_UJB_COVERAGE,81,81,0,6938.67,6938.67,0.0
2025-12-18,KEND_OPS,EXCEL,NOT_APPLICABLE,EXCEL_OUTSIDE_UJB_COVERAGE,7,7,0,181.69,181.69,0.0
2025-12-18,MODUL,EXCEL,NOT_APPLICABLE,EXCEL_MODUL_AUTHORITATIVE_WHEN_PRESENT,1,1,0,0.0,0.0,0.0
2025-12-18,RTGC,EXCEL,NOT_APPLICABLE,EXCEL_NON_UJB_CATEGORY,63,63,0,14512.0,14512.0,0.0
2025-12-18,SUPPORT,EXCEL,NOT_APPLICABLE,EXCEL_SUPPORT_RETAINED_FORKLIFT_BRIDGE,4,4,0,218.06,218.06,0.0
2025-12-19,BUS,EXCEL,NOT_APPLICABLE,EXCEL_OUTSIDE_UJB_COVERAGE,3,3,0,150.0,150.0,0.0
2025-12-19,ELF,EXCEL,NOT_APPLICABLE,EXCEL_OUTSIDE_UJB_COVERAGE,3,3,0,100.21000000000001,100.21000000000001,0.0
2025-12-19,HEAD_TRUCK,EXCEL,NOT_APPLICABLE,EXCEL_OUTSIDE_UJB_COVERAGE,79,79,0,6568.86,6568.86,0.0
2025-12-19,KEND_OPS,EXCEL,NOT_APPLICABLE,EXCEL_OUTSIDE_UJB_COVERAGE,6,6,0,192.62,192.62,0.0
2025-12-19,MODUL,EXCEL,NOT_APPLICABLE,EXCEL_MODUL_AUTHORITATIVE_WHEN_PRESENT,2,2,0,1896.0,1896.0,0.0
2025-12-19,RTGC,EXCEL,NOT_APPLICABLE,EXCEL_NON_UJB_CATEGORY,63,63,0,13662.0,13662.0,0.0
2025-12-19,SUPPORT,EXCEL,NOT_APPLICABLE,EXCEL_SUPPORT_RETAINED_FORKLIFT_BRIDGE,3,3,0,430.93,430.93,0.0
2025-12-20,BUS,EXCEL,NOT_APPLICABLE,EXCEL_OUTSIDE_UJB_COVERAGE,3,3,0,150.0,150.0,0.0
2025-12-20,ELF,EXCEL,NOT_APPLICABLE,EXCEL_OUTSIDE_UJB_COVERAGE,3,3,0,110.81,110.81,0.0
2025-12-20,HEAD_TRUCK,EXCEL,NOT_APPLICABLE,EXCEL_OUTSIDE_UJB_COVERAGE,83,83,0,5653.41,5653.41,0.0
2025-12-20,KEND_OPS,EXCEL,NOT_APPLICABLE,EXCEL_OUTSIDE_UJB_COVERAGE,7,7,0,165.87,165.87,0.0
2025-12-20,MODUL,EXCEL,NOT_APPLICABLE,EXCEL_MODUL_AUTHORITATIVE_WHEN_PRESENT,1,1,0,0.0,0.0,0.0
2025-12-20,RTGC,EXCEL,NOT_APPLICABLE,EXCEL_NON_UJB_CATEGORY,63,63,0,11637.0,11637.0,0.0
2025-12-20,SUPPORT,EXCEL,NOT_APPLICABLE,EXCEL_SUPPORT_RETAINED_FORKLIFT_BRIDGE,6,6,0,282.32,282.32,0.0
2025-12-21,BUS,EXCEL,NOT_APPLICABLE,EXCEL_OUTSIDE_UJB_COVERAGE,3,3,0,148.49,148.49,0.0
2025-12-21,ELF,EXCEL,NOT_APPLICABLE,EXCEL_OUTSIDE_UJB_COVERAGE,3,3,0,103.19,103.19,0.0
2025-12-21,HEAD_TRUCK,EXCEL,NOT_APPLICABLE,EXCEL_OUTSIDE_UJB_COVERAGE,79,79,0,6812.8,6812.8,0.0
2025-12-21,KEND_OPS,EXCEL,NOT_APPLICABLE,EXCEL_OUTSIDE_UJB_COVERAGE,9,9,0,223.91000000000003,223.91000000000003,0.0
2025-12-21,RTGC,EXCEL,NOT_APPLICABLE,EXCEL_NON_UJB_CATEGORY,63,63,0,10510.0,10510.0,0.0
2025-12-21,SUPPORT,EXCEL,NOT_APPLICABLE,EXCEL_SUPPORT_RETAINED_FORKLIFT_BRIDGE,4,4,0,284.95,284.95,0.0
2025-12-22,BUS,EXCEL,NOT_APPLICABLE,EXCEL_OUTSIDE_UJB_COVERAGE,3,3,0,140.01,140.01,0.0
2025-12-22,ELF,EXCEL,NOT_APPLICABLE,EXCEL_OUTSIDE_UJB_COVERAGE,3,3,0,108.24,108.24,0.0
2025-12-22,HEAD_TRUCK,EXCEL,NOT_APPLICABLE,EXCEL_OUTSIDE_UJB_COVERAGE,79,79,0,7213.87,7213.87,0.0
2025-12-22,KEND_OPS,EXCEL,NOT_APPLICABLE,EXCEL_OUTSIDE_UJB_COVERAGE,3,3,0,93.39,93.39,0.0
2025-12-22,RTGC,EXCEL,NOT_APPLICABLE,EXCEL_NON_UJB_CATEGORY,63,63,0,12243.0,12243.0,0.0
2025-12-22,SUPPORT,EXCEL,NOT_APPLICABLE,EXCEL_SUPPORT_RETAINED_FORKLIFT_BRIDGE,5,5,0,367.17,367.17,0.0
2025-12-23,BUS,EXCEL,NOT_APPLICABLE,EXCEL_OUTSIDE_UJB_COVERAGE,3,3,0,146.43,146.43,0.0
2025-12-23,ELF,EXCEL,NOT_APPLICABLE,EXCEL_OUTSIDE_UJB_COVERAGE,3,3,0,103.83,103.83,0.0
2025-12-23,HEAD_TRUCK,EXCEL,NOT_APPLICABLE,EXCEL_OUTSIDE_UJB_COVERAGE,77,77,0,6723.67,6723.67,0.0
2025-12-23,KEND_OPS,EXCEL,NOT_APPLICABLE,EXCEL_OUTSIDE_UJB_COVERAGE,6,6,0,154.19,154.19,0.0
2025-12-23,RTGC,EXCEL,NOT_APPLICABLE,EXCEL_NON_UJB_CATEGORY,63,63,0,14044.0,14044.0,0.0
2025-12-23,SUPPORT,EXCEL,NOT_APPLICABLE,EXCEL_SUPPORT_RETAINED_FORKLIFT_BRIDGE,3,3,0,342.5,342.5,0.0
2025-12-24,BUS,EXCEL,NOT_APPLICABLE,EXCEL_OUTSIDE_UJB_COVERAGE,3,3,0,147.6,147.6,0.0
2025-12-24,ELF,EXCEL,NOT_APPLICABLE,EXCEL_OUTSIDE_UJB_COVERAGE,3,3,0,112.88,112.88,0.0
2025-12-24,HEAD_TRUCK,EXCEL,NOT_APPLICABLE,EXCEL_OUTSIDE_UJB_COVERAGE,82,82,0,6155.61,6155.61,0.0
2025-12-24,KEND_OPS,EXCEL,NOT_APPLICABLE,EXCEL_OUTSIDE_UJB_COVERAGE,7,7,0,183.32,183.32,0.0
2025-12-24,RTGC,EXCEL,NOT_APPLICABLE,EXCEL_NON_UJB_CATEGORY,63,63,0,13966.0,13966.0,0.0
2025-12-24,SUPPORT,EXCEL,NOT_APPLICABLE,EXCEL_SUPPORT_RETAINED_FORKLIFT_BRIDGE,5,5,0,541.34,541.34,0.0
2025-12-25,BUS,EXCEL,NOT_APPLICABLE,EXCEL_OUTSIDE_UJB_COVERAGE,3,3,0,141.14,141.14,0.0
2025-12-25,ELF,EXCEL,NOT_APPLICABLE,EXCEL_OUTSIDE_UJB_COVERAGE,2,2,0,70.52,70.52,0.0
2025-12-25,HEAD_TRUCK,EXCEL,NOT_APPLICABLE,EXCEL_OUTSIDE_UJB_COVERAGE,79,79,0,6521.96,6521.96,0.0
2025-12-25,KEND_OPS,EXCEL,NOT_APPLICABLE,EXCEL_OUTSIDE_UJB_COVERAGE,5,5,0,111.06,111.06,0.0
2025-12-25,RTGC,EXCEL,NOT_APPLICABLE,EXCEL_NON_UJB_CATEGORY,63,63,0,11936.0,11936.0,0.0
2025-12-25,SUPPORT,EXCEL,NOT_APPLICABLE,EXCEL_SUPPORT_RETAINED_FORKLIFT_BRIDGE,4,4,0,339.03,339.03,0.0
2025-12-26,BUS,EXCEL,NOT_APPLICABLE,EXCEL_OUTSIDE_UJB_COVERAGE,3,3,0,143.08,143.08,0.0
2025-12-26,ELF,EXCEL,NOT_APPLICABLE,EXCEL_OUTSIDE_UJB_COVERAGE,3,3,0,92.1,92.1,0.0
2025-12-26,HEAD_TRUCK,EXCEL,NOT_APPLICABLE,EXCEL_OUTSIDE_UJB_COVERAGE,77,77,0,5970.71,5970.71,0.0
2025-12-26,KEND_OPS,EXCEL,NOT_APPLICABLE,EXCEL_OUTSIDE_UJB_COVERAGE,6,6,0,157.6,157.6,0.0
2025-12-26,RTGC,EXCEL,NOT_APPLICABLE,EXCEL_NON_UJB_CATEGORY,63,63,0,13662.0,13662.0,0.0
2025-12-26,SUPPORT,EXCEL,NOT_APPLICABLE,EXCEL_SUPPORT_RETAINED_FORKLIFT_BRIDGE,5,5,0,374.90999999999997,374.90999999999997,0.0
2025-12-27,BUS,EXCEL,NOT_APPLICABLE,EXCEL_OUTSIDE_UJB_COVERAGE,3,3,0,146.94,146.94,0.0
2025-12-27,ELF,EXCEL,NOT_APPLICABLE,EXCEL_OUTSIDE_UJB_COVERAGE,3,3,0,104.81,104.81,0.0
2025-12-27,HEAD_TRUCK,EXCEL,NOT_APPLICABLE,EXCEL_OUTSIDE_UJB_COVERAGE,77,77,0,6151.0,6151.0,0.0
2025-12-27,KEND_OPS,EXCEL,NOT_APPLICABLE,EXCEL_OUTSIDE_UJB_COVERAGE,5,5,0,113.07,113.07,0.0
2025-12-27,RTGC,EXCEL,NOT_APPLICABLE,EXCEL_NON_UJB_CATEGORY,63,63,0,13086.0,13086.0,0.0
2025-12-27,SUPPORT,EXCEL,NOT_APPLICABLE,EXCEL_SUPPORT_RETAINED_FORKLIFT_BRIDGE,3,3,0,302.24,302.24,0.0
2025-12-28,BUS,EXCEL,NOT_APPLICABLE,EXCEL_OUTSIDE_UJB_COVERAGE,3,3,0,150.0,150.0,0.0
2025-12-28,ELF,EXCEL,NOT_APPLICABLE,EXCEL_OUTSIDE_UJB_COVERAGE,3,3,0,103.9,103.9,0.0
2025-12-28,HEAD_TRUCK,EXCEL,NOT_APPLICABLE,EXCEL_OUTSIDE_UJB_COVERAGE,79,79,0,6598.24,6598.24,0.0
2025-12-28,KEND_OPS,EXCEL,NOT_APPLICABLE,EXCEL_OUTSIDE_UJB_COVERAGE,7,7,0,185.82,185.82,0.0
2025-12-28,RTGC,EXCEL,NOT_APPLICABLE,EXCEL_NON_UJB_CATEGORY,63,63,0,12743.0,12743.0,0.0
2025-12-28,SUPPORT,EXCEL,NOT_APPLICABLE,EXCEL_SUPPORT_RETAINED_FORKLIFT_BRIDGE,3,3,0,230.39,230.39,0.0
2025-12-29,BUS,EXCEL,NOT_APPLICABLE,EXCEL_OUTSIDE_UJB_COVERAGE,3,3,0,150.0,150.0,0.0
2025-12-29,ELF,EXCEL,NOT_APPLICABLE,EXCEL_OUTSIDE_UJB_COVERAGE,3,3,0,107.85,107.85,0.0
2025-12-29,HEAD_TRUCK,EXCEL,NOT_APPLICABLE,EXCEL_OUTSIDE_UJB_COVERAGE,78,78,0,6884.17,6884.17,0.0
2025-12-29,KEND_OPS,EXCEL,NOT_APPLICABLE,EXCEL_OUTSIDE_UJB_COVERAGE,6,6,0,175.26,175.26,0.0
2025-12-29,RTGC,EXCEL,NOT_APPLICABLE,EXCEL_NON_UJB_CATEGORY,63,63,0,12671.0,12671.0,0.0
2025-12-29,SUPPORT,EXCEL,NOT_APPLICABLE,EXCEL_SUPPORT_RETAINED_FORKLIFT_BRIDGE,7,7,0,645.59,645.59,0.0
2025-12-30,BUS,EXCEL,NOT_APPLICABLE,EXCEL_OUTSIDE_UJB_COVERAGE,3,3,0,150.0,150.0,0.0
2025-12-30,ELF,EXCEL,NOT_APPLICABLE,EXCEL_OUTSIDE_UJB_COVERAGE,3,3,0,95.41,95.41,0.0
2025-12-30,HEAD_TRUCK,EXCEL,NOT_APPLICABLE,EXCEL_OUTSIDE_UJB_COVERAGE,76,76,0,5990.4,5990.4,0.0
2025-12-30,KEND_OPS,EXCEL,NOT_APPLICABLE,EXCEL_OUTSIDE_UJB_COVERAGE,7,7,0,248.76,248.76,0.0
2025-12-30,RTGC,EXCEL,NOT_APPLICABLE,EXCEL_NON_UJB_CATEGORY,63,63,0,12243.0,12243.0,0.0
2025-12-30,SUPPORT,EXCEL,NOT_APPLICABLE,EXCEL_SUPPORT_RETAINED_FORKLIFT_BRIDGE,4,4,0,538.77,538.77,0.0
2025-12-31,BUS,EXCEL,NOT_APPLICABLE,EXCEL_OUTSIDE_UJB_COVERAGE,2,2,0,99.38,99.38,0.0
2025-12-31,ELF,EXCEL,NOT_APPLICABLE,EXCEL_OUTSIDE_UJB_COVERAGE,3,3,0,88.49000000000001,88.49000000000001,0.0
2025-12-31,HEAD_TRUCK,EXCEL,NOT_APPLICABLE,EXCEL_OUTSIDE_UJB_COVERAGE,79,79,0,5401.3,5401.3,0.0
2025-12-31,KEND_OPS,EXCEL,NOT_APPLICABLE,EXCEL_OUTSIDE_UJB_COVERAGE,7,7,0,192.47,192.47,0.0
2025-12-31,RTGC,EXCEL,NOT_APPLICABLE,EXCEL_NON_UJB_CATEGORY,63,63,0,14387.0,14387.0,0.0
2025-12-31,SUPPORT,EXCEL,NOT_APPLICABLE,EXCEL_SUPPORT_RETAINED_FORKLIFT_BRIDGE,5,5,0,357.97999999999996,357.97999999999996,0.0
2026-01-01,BUS,EXCEL,NOT_APPLICABLE,EXCEL_OUTSIDE_UJB_COVERAGE,3,3,0,147.3,147.3,0.0
2026-01-01,COMPRESSOR,EXCEL,NOT_APPLICABLE,EXCEL_NON_UJB_CATEGORY,1,1,0,0.0,0.0,0.0
2026-01-01,HEAD_TRUCK,EXCEL,NOT_APPLICABLE,EXCEL_OUTSIDE_UJB_COVERAGE,80,80,0,6278.79,6278.79,0.0
2026-01-01,KEND_OPS,EXCEL,NOT_APPLICABLE,EXCEL_OUTSIDE_UJB_COVERAGE,7,7,0,177.41,177.41,0.0
2026-01-01,MODUL,EXCEL,NOT_APPLICABLE,EXCEL_MODUL_AUTHORITATIVE_WHEN_PRESENT,1,1,0,0.0,0.0,0.0
2026-01-01,RTGC,EXCEL,NOT_APPLICABLE,EXCEL_NON_UJB_CATEGORY,63,63,0,9451.0,9451.0,0.0
2026-01-01,SUPPORT,EXCEL,NOT_APPLICABLE,EXCEL_SUPPORT_RETAINED_FORKLIFT_BRIDGE,5,5,0,512.42,512.42,0.0
2026-01-02,BUS,EXCEL,NOT_APPLICABLE,EXCEL_OUTSIDE_UJB_COVERAGE,3,3,0,144.61,144.61,0.0
2026-01-02,COMPRESSOR,EXCEL,NOT_APPLICABLE,EXCEL_NON_UJB_CATEGORY,1,1,0,0.0,0.0,0.0
2026-01-02,HEAD_TRUCK,EXCEL,NOT_APPLICABLE,EXCEL_OUTSIDE_UJB_COVERAGE,75,75,0,5728.84,5728.84,0.0
2026-01-02,KEND_OPS,EXCEL,NOT_APPLICABLE,EXCEL_OUTSIDE_UJB_COVERAGE,4,4,0,78.63,78.63,0.0
2026-01-02,MODUL,EXCEL,NOT_APPLICABLE,EXCEL_MODUL_AUTHORITATIVE_WHEN_PRESENT,1,1,0,0.0,0.0,0.0
2026-01-02,RTGC,EXCEL,NOT_APPLICABLE,EXCEL_NON_UJB_CATEGORY,63,63,0,11029.0,11029.0,0.0
2026-01-02,SUPPORT,EXCEL,NOT_APPLICABLE,EXCEL_SUPPORT_RETAINED_FORKLIFT_BRIDGE,5,5,0,254.58,254.58,0.0
2026-01-03,BUS,EXCEL,NOT_APPLICABLE,EXCEL_OUTSIDE_UJB_COVERAGE,3,3,0,132.71,132.71,0.0
2026-01-03,COMPRESSOR,EXCEL,NOT_APPLICABLE,EXCEL_NON_UJB_CATEGORY,1,1,0,0.0,0.0,0.0
2026-01-03,HEAD_TRUCK,EXCEL,NOT_APPLICABLE,EXCEL_OUTSIDE_UJB_COVERAGE,78,78,0,6385.22,6385.22,0.0
2026-01-03,KEND_OPS,EXCEL,NOT_APPLICABLE,EXCEL_OUTSIDE_UJB_COVERAGE,2,2,0,14.8,14.8,0.0
2026-01-03,MODUL,EXCEL,NOT_APPLICABLE,EXCEL_MODUL_AUTHORITATIVE_WHEN_PRESENT,1,1,0,0.0,0.0,0.0
2026-01-03,RTGC,EXCEL,NOT_APPLICABLE,EXCEL_NON_UJB_CATEGORY,63,63,0,13700.0,13700.0,0.0
2026-01-03,SUPPORT,EXCEL,NOT_APPLICABLE,EXCEL_SUPPORT_RETAINED_FORKLIFT_BRIDGE,4,4,0,278.87,278.87,0.0
2026-01-04,BUS,EXCEL,NOT_APPLICABLE,EXCEL_OUTSIDE_UJB_COVERAGE,3,3,0,144.95,144.95,0.0
2026-01-04,COMPRESSOR,EXCEL,NOT_APPLICABLE,EXCEL_NON_UJB_CATEGORY,1,1,0,0.0,0.0,0.0
2026-01-04,HEAD_TRUCK,EXCEL,NOT_APPLICABLE,EXCEL_OUTSIDE_UJB_COVERAGE,77,77,0,6466.51,6466.51,0.0
2026-01-04,KEND_OPS,EXCEL,NOT_APPLICABLE,EXCEL_OUTSIDE_UJB_COVERAGE,8,8,0,307.03000000000003,307.03000000000003,0.0
2026-01-04,MODUL,EXCEL,NOT_APPLICABLE,EXCEL_MODUL_AUTHORITATIVE_WHEN_PRESENT,1,1,0,0.0,0.0,0.0
2026-01-04,RTGC,EXCEL,NOT_APPLICABLE,EXCEL_NON_UJB_CATEGORY,63,63,0,10548.0,10548.0,0.0
2026-01-04,SUPPORT,EXCEL,NOT_APPLICABLE,EXCEL_SUPPORT_RETAINED_FORKLIFT_BRIDGE,6,6,0,425.01,425.01,0.0
2026-01-05,BUS,EXCEL,NOT_APPLICABLE,EXCEL_OUTSIDE_UJB_COVERAGE,3,3,0,145.14,145.14,0.0
2026-01-05,COMPRESSOR,EXCEL,NOT_APPLICABLE,EXCEL_NON_UJB_CATEGORY,1,1,0,0.0,0.0,0.0
2026-01-05,HEAD_TRUCK,EXCEL,NOT_APPLICABLE,EXCEL_OUTSIDE_UJB_COVERAGE,75,75,0,4687.94,4687.94,0.0
2026-01-05,KEND_OPS,EXCEL,NOT_APPLICABLE,EXCEL_OUTSIDE_UJB_COVERAGE,5,5,0,130.35,130.35,0.0
2026-01-05,MODUL,EXCEL,NOT_APPLICABLE,EXCEL_MODUL_AUTHORITATIVE_WHEN_PRESENT,1,1,0,0.0,0.0,0.0
2026-01-05,RTGC,EXCEL,NOT_APPLICABLE,EXCEL_NON_UJB_CATEGORY,63,63,0,14243.0,14243.0,0.0
2026-01-05,SUPPORT,EXCEL,NOT_APPLICABLE,EXCEL_SUPPORT_RETAINED_FORKLIFT_BRIDGE,6,6,0,253.10999999999999,253.10999999999999,0.0
2026-01-06,BUS,EXCEL,NOT_APPLICABLE,EXCEL_OUTSIDE_UJB_COVERAGE,3,3,0,145.92000000000002,145.92000000000002,0.0
2026-01-06,COMPRESSOR,EXCEL,NOT_APPLICABLE,EXCEL_NON_UJB_CATEGORY,1,1,0,0.0,0.0,0.0
2026-01-06,HEAD_TRUCK,EXCEL,NOT_APPLICABLE,EXCEL_OUTSIDE_UJB_COVERAGE,76,76,0,5420.9800000000005,5420.9800000000005,0.0
2026-01-06,KEND_OPS,EXCEL,NOT_APPLICABLE,EXCEL_OUTSIDE_UJB_COVERAGE,5,5,0,102.78,102.78,0.0
2026-01-06,MODUL,EXCEL,NOT_APPLICABLE,EXCEL_MODUL_AUTHORITATIVE_WHEN_PRESENT,1,1,0,0.0,0.0,0.0
2026-01-06,RTGC,EXCEL,NOT_APPLICABLE,EXCEL_NON_UJB_CATEGORY,63,63,0,12165.0,12165.0,0.0
2026-01-06,SUPPORT,EXCEL,NOT_APPLICABLE,EXCEL_SUPPORT_RETAINED_FORKLIFT_BRIDGE,4,4,0,245.07,245.07,0.0
2026-01-07,BUS,EXCEL,NOT_APPLICABLE,EXCEL_OUTSIDE_UJB_COVERAGE,3,3,0,147.75,147.75,0.0
2026-01-07,COMPRESSOR,EXCEL,NOT_APPLICABLE,EXCEL_NON_UJB_CATEGORY,1,1,0,0.0,0.0,0.0
2026-01-07,HEAD_TRUCK,EXCEL,NOT_APPLICABLE,EXCEL_OUTSIDE_UJB_COVERAGE,73,73,0,6297.7,6297.7,0.0
2026-01-07,KEND_OPS,EXCEL,NOT_APPLICABLE,EXCEL_OUTSIDE_UJB_COVERAGE,6,6,0,153.45999999999998,153.45999999999998,0.0
2026-01-07,MODUL,EXCEL,NOT_APPLICABLE,EXCEL_MODUL_AUTHORITATIVE_WHEN_PRESENT,2,2,0,1000.0,1000.0,0.0
2026-01-07,RTGC,EXCEL,NOT_APPLICABLE,EXCEL_NON_UJB_CATEGORY,63,63,0,14217.0,14217.0,0.0
2026-01-07,SUPPORT,EXCEL,NOT_APPLICABLE,EXCEL_SUPPORT_RETAINED_FORKLIFT_BRIDGE,5,5,0,178.54000000000002,178.54000000000002,0.0
2026-01-08,BUS,EXCEL,NOT_APPLICABLE,EXCEL_OUTSIDE_UJB_COVERAGE,3,3,0,150.0,150.0,0.0
2026-01-08,COMPRESSOR,EXCEL,NOT_APPLICABLE,EXCEL_NON_UJB_CATEGORY,1,1,0,0.0,0.0,0.0
2026-01-08,HEAD_TRUCK,EXCEL,NOT_APPLICABLE,EXCEL_OUTSIDE_UJB_COVERAGE,81,81,0,5555.41,5555.41,0.0
2026-01-08,KEND_OPS,EXCEL,NOT_APPLICABLE,EXCEL_OUTSIDE_UJB_COVERAGE,7,7,0,255.44,255.44,0.0
2026-01-08,MODUL,EXCEL,NOT_APPLICABLE,EXCEL_MODUL_AUTHORITATIVE_WHEN_PRESENT,1,1,0,0.0,0.0,0.0
2026-01-08,RTGC,EXCEL,NOT_APPLICABLE,EXCEL_NON_UJB_CATEGORY,63,63,0,13841.0,13841.0,0.0
2026-01-08,SUPPORT,EXCEL,NOT_APPLICABLE,EXCEL_SUPPORT_RETAINED_FORKLIFT_BRIDGE,7,7,0,463.66999999999996,463.66999999999996,0.0
2026-01-09,BUS,EXCEL,NOT_APPLICABLE,EXCEL_OUTSIDE_UJB_COVERAGE,3,3,0,145.72,145.72,0.0
2026-01-09,COMPRESSOR,EXCEL,NOT_APPLICABLE,EXCEL_NON_UJB_CATEGORY,1,1,0,0.0,0.0,0.0
2026-01-09,HEAD_TRUCK,EXCEL,NOT_APPLICABLE,EXCEL_OUTSIDE_UJB_COVERAGE,76,76,0,6308.92,6308.92,0.0
2026-01-09,KEND_OPS,EXCEL,NOT_APPLICABLE,EXCEL_OUTSIDE_UJB_COVERAGE,9,9,0,286.11,286.11,0.0
2026-01-09,MODUL,EXCEL,NOT_APPLICABLE,EXCEL_MODUL_AUTHORITATIVE_WHEN_PRESENT,1,1,0,0.0,0.0,0.0
2026-01-09,RTGC,EXCEL,NOT_APPLICABLE,EXCEL_NON_UJB_CATEGORY,63,63,0,11683.0,11683.0,0.0
2026-01-09,SUPPORT,EXCEL,NOT_APPLICABLE,EXCEL_SUPPORT_RETAINED_FORKLIFT_BRIDGE,6,6,0,428.42,428.42,0.0
2026-01-10,BUS,EXCEL,NOT_APPLICABLE,EXCEL_OUTSIDE_UJB_COVERAGE,3,3,0,145.74,145.74,0.0
2026-01-10,COMPRESSOR,EXCEL,NOT_APPLICABLE,EXCEL_NON_UJB_CATEGORY,1,1,0,0.0,0.0,0.0
2026-01-10,HEAD_TRUCK,EXCEL,NOT_APPLICABLE,EXCEL_OUTSIDE_UJB_COVERAGE,78,78,0,5774.46,5774.46,0.0
2026-01-10,KEND_OPS,EXCEL,NOT_APPLICABLE,EXCEL_OUTSIDE_UJB_COVERAGE,4,4,0,84.86,84.86,0.0
2026-01-10,MODUL,EXCEL,NOT_APPLICABLE,EXCEL_MODUL_AUTHORITATIVE_WHEN_PRESENT,1,1,0,0.0,0.0,0.0
2026-01-10,RTGC,EXCEL,NOT_APPLICABLE,EXCEL_NON_UJB_CATEGORY,63,63,0,9906.0,9906.0,0.0
2026-01-10,SUPPORT,EXCEL,NOT_APPLICABLE,EXCEL_SUPPORT_RETAINED_FORKLIFT_BRIDGE,7,7,0,453.24,453.24,0.0
2026-01-11,BUS,EXCEL,NOT_APPLICABLE,EXCEL_OUTSIDE_UJB_COVERAGE,3,3,0,144.73,144.73,0.0
2026-01-11,COMPRESSOR,EXCEL,NOT_APPLICABLE,EXCEL_NON_UJB_CATEGORY,1,1,0,0.0,0.0,0.0
2026-01-11,HEAD_TRUCK,EXCEL,NOT_APPLICABLE,EXCEL_OUTSIDE_UJB_COVERAGE,72,72,0,6076.01,6076.01,0.0
2026-01-11,KEND_OPS,EXCEL,NOT_APPLICABLE,EXCEL_OUTSIDE_UJB_COVERAGE,1,1,0,0.0,0.0,0.0
2026-01-11,MODUL,EXCEL,NOT_APPLICABLE,EXCEL_MODUL_AUTHORITATIVE_WHEN_PRESENT,1,1,0,0.0,0.0,0.0
2026-01-11,RTGC,EXCEL,NOT_APPLICABLE,EXCEL_NON_UJB_CATEGORY,63,63,0,9624.0,9624.0,0.0
2026-01-11,SUPPORT,EXCEL,NOT_APPLICABLE,EXCEL_SUPPORT_RETAINED_FORKLIFT_BRIDGE,7,7,0,361.38,361.38,0.0
2026-01-12,BUS,EXCEL,NOT_APPLICABLE,EXCEL_OUTSIDE_UJB_COVERAGE,3,3,0,162.0,162.0,0.0
2026-01-12,COMPRESSOR,EXCEL,NOT_APPLICABLE,EXCEL_NON_UJB_CATEGORY,1,1,0,0.0,0.0,0.0
2026-01-12,HEAD_TRUCK,EXCEL,NOT_APPLICABLE,EXCEL_OUTSIDE_UJB_COVERAGE,74,74,0,6244.0,6244.0,0.0
2026-01-12,KEND_OPS,EXCEL,NOT_APPLICABLE,EXCEL_OUTSIDE_UJB_COVERAGE,2,2,0,31.0,31.0,0.0
2026-01-12,MODUL,EXCEL,NOT_APPLICABLE,EXCEL_MODUL_AUTHORITATIVE_WHEN_PRESENT,1,1,0,0.0,0.0,0.0
2026-01-12,RTGC,EXCEL,NOT_APPLICABLE,EXCEL_NON_UJB_CATEGORY,63,63,0,9861.0,9861.0,0.0
2026-01-12,SUPPORT,EXCEL,NOT_APPLICABLE,EXCEL_SUPPORT_RETAINED_FORKLIFT_BRIDGE,5,5,0,257.0,257.0,0.0
2026-01-13,BUS,EXCEL,NOT_APPLICABLE,EXCEL_OUTSIDE_UJB_COVERAGE,3,3,0,128.96,128.96,0.0
2026-01-13,COMPRESSOR,EXCEL,NOT_APPLICABLE,EXCEL_NON_UJB_CATEGORY,1,1,0,0.0,0.0,0.0
2026-01-13,HEAD_TRUCK,EXCEL,NOT_APPLICABLE,EXCEL_OUTSIDE_UJB_COVERAGE,74,74,0,5421.59,5421.59,0.0
2026-01-13,KEND_OPS,EXCEL,NOT_APPLICABLE,EXCEL_OUTSIDE_UJB_COVERAGE,8,8,0,284.81,284.81,0.0
2026-01-13,MODUL,EXCEL,NOT_APPLICABLE,EXCEL_MODUL_AUTHORITATIVE_WHEN_PRESENT,1,1,0,0.0,0.0,0.0
2026-01-13,RTGC,EXCEL,NOT_APPLICABLE,EXCEL_NON_UJB_CATEGORY,63,63,0,10065.0,10065.0,0.0
2026-01-13,SUPPORT,EXCEL,NOT_APPLICABLE,EXCEL_SUPPORT_RETAINED_FORKLIFT_BRIDGE,5,5,0,199.58,199.58,0.0
2026-01-14,BUS,EXCEL,NOT_APPLICABLE,EXCEL_OUTSIDE_UJB_COVERAGE,3,3,0,143.82,143.82,0.0
2026-01-14,COMPRESSOR,EXCEL,NOT_APPLICABLE,EXCEL_NON_UJB_CATEGORY,1,1,0,0.0,0.0,0.0
2026-01-14,HEAD_TRUCK,EXCEL,NOT_APPLICABLE,EXCEL_OUTSIDE_UJB_COVERAGE,77,77,0,6152.48,6152.48,0.0
2026-01-14,KEND_OPS,EXCEL,NOT_APPLICABLE,EXCEL_OUTSIDE_UJB_COVERAGE,11,11,0,331.36,331.36,0.0
2026-01-14,MODUL,EXCEL,NOT_APPLICABLE,EXCEL_MODUL_AUTHORITATIVE_WHEN_PRESENT,1,1,0,0.0,0.0,0.0
2026-01-14,RTGC,EXCEL,NOT_APPLICABLE,EXCEL_NON_UJB_CATEGORY,63,63,0,10327.0,10327.0,0.0
2026-01-14,SUPPORT,EXCEL,NOT_APPLICABLE,EXCEL_SUPPORT_RETAINED_FORKLIFT_BRIDGE,7,7,0,602.49,602.49,0.0
2026-01-15,BUS,EXCEL,NOT_APPLICABLE,EXCEL_OUTSIDE_UJB_COVERAGE,3,3,0,143.4,143.4,0.0
2026-01-15,COMPRESSOR,EXCEL,NOT_APPLICABLE,EXCEL_NON_UJB_CATEGORY,1,1,0,0.0,0.0,0.0
2026-01-15,HEAD_TRUCK,EXCEL,NOT_APPLICABLE,EXCEL_OUTSIDE_UJB_COVERAGE,74,74,0,6477.59,6477.59,0.0
2026-01-15,KEND_OPS,EXCEL,NOT_APPLICABLE,EXCEL_OUTSIDE_UJB_COVERAGE,3,3,0,60.0,60.0,0.0
2026-01-15,MODUL,EXCEL,NOT_APPLICABLE,EXCEL_MODUL_AUTHORITATIVE_WHEN_PRESENT,1,1,0,0.0,0.0,0.0
2026-01-15,RTGC,EXCEL,NOT_APPLICABLE,EXCEL_NON_UJB_CATEGORY,63,63,0,11395.0,11395.0,0.0
2026-01-15,SUPPORT,EXCEL,NOT_APPLICABLE,EXCEL_SUPPORT_RETAINED_FORKLIFT_BRIDGE,7,7,0,427.88,427.88,0.0
2026-01-16,BUS,EXCEL,NOT_APPLICABLE,EXCEL_OUTSIDE_UJB_COVERAGE,3,3,0,135.8,135.8,0.0
2026-01-16,COMPRESSOR,EXCEL,NOT_APPLICABLE,EXCEL_NON_UJB_CATEGORY,1,1,0,0.0,0.0,0.0
2026-01-16,HEAD_TRUCK,EXCEL,NOT_APPLICABLE,EXCEL_OUTSIDE_UJB_COVERAGE,68,68,0,4628.82,4628.82,0.0
2026-01-16,KEND_OPS,EXCEL,NOT_APPLICABLE,EXCEL_OUTSIDE_UJB_COVERAGE,7,7,0,171.21,171.21,0.0
2026-01-16,MODUL,EXCEL,NOT_APPLICABLE,EXCEL_MODUL_AUTHORITATIVE_WHEN_PRESENT,1,1,0,0.0,0.0,0.0
2026-01-16,RTGC,EXCEL,NOT_APPLICABLE,EXCEL_NON_UJB_CATEGORY,63,63,0,9913.0,9913.0,0.0
2026-01-16,SUPPORT,EXCEL,NOT_APPLICABLE,EXCEL_SUPPORT_RETAINED_FORKLIFT_BRIDGE,8,8,0,339.38,339.38,0.0
2026-01-17,BUS,EXCEL,NOT_APPLICABLE,EXCEL_OUTSIDE_UJB_COVERAGE,3,3,0,150.0,150.0,0.0
2026-01-17,COMPRESSOR,EXCEL,NOT_APPLICABLE,EXCEL_NON_UJB_CATEGORY,1,1,0,0.0,0.0,0.0
2026-01-17,HEAD_TRUCK,EXCEL,NOT_APPLICABLE,EXCEL_OUTSIDE_UJB_COVERAGE,71,71,0,3591.37,3591.37,0.0
2026-01-17,KEND_OPS,EXCEL,NOT_APPLICABLE,EXCEL_OUTSIDE_UJB_COVERAGE,5,5,0,165.21,165.21,0.0
2026-01-17,MODUL,EXCEL,NOT_APPLICABLE,EXCEL_MODUL_AUTHORITATIVE_WHEN_PRESENT,1,1,0,0.0,0.0,0.0
2026-01-17,RTGC,EXCEL,NOT_APPLICABLE,EXCEL_NON_UJB_CATEGORY,63,63,0,11959.0,11959.0,0.0
2026-01-17,SUPPORT,EXCEL,NOT_APPLICABLE,EXCEL_SUPPORT_RETAINED_FORKLIFT_BRIDGE,7,7,0,229.26999999999998,229.26999999999998,0.0
2026-01-18,BUS,EXCEL,NOT_APPLICABLE,EXCEL_OUTSIDE_UJB_COVERAGE,3,3,0,140.0,140.0,0.0
2026-01-18,COMPRESSOR,EXCEL,NOT_APPLICABLE,EXCEL_NON_UJB_CATEGORY,1,1,0,0.0,0.0,0.0
2026-01-18,HEAD_TRUCK,EXCEL,NOT_APPLICABLE,EXCEL_OUTSIDE_UJB_COVERAGE,74,74,0,5163.89,5163.89,0.0
2026-01-18,KEND_OPS,EXCEL,NOT_APPLICABLE,EXCEL_OUTSIDE_UJB_COVERAGE,5,5,0,107.85,107.85,0.0
2026-01-18,MODUL,EXCEL,NOT_APPLICABLE,EXCEL_MODUL_AUTHORITATIVE_WHEN_PRESENT,1,1,0,0.0,0.0,0.0
2026-01-18,RTGC,EXCEL,NOT_APPLICABLE,EXCEL_NON_UJB_CATEGORY,63,63,0,10185.0,10185.0,0.0
2026-01-18,SUPPORT,EXCEL,NOT_APPLICABLE,EXCEL_SUPPORT_RETAINED_FORKLIFT_BRIDGE,5,5,0,161.75,161.75,0.0
2026-01-19,BUS,EXCEL,NOT_APPLICABLE,EXCEL_OUTSIDE_UJB_COVERAGE,3,3,0,145.35,145.35,0.0
2026-01-19,COMPRESSOR,EXCEL,NOT_APPLICABLE,EXCEL_NON_UJB_CATEGORY,1,1,0,0.0,0.0,0.0
2026-01-19,HEAD_TRUCK,EXCEL,NOT_APPLICABLE,EXCEL_OUTSIDE_UJB_COVERAGE,77,77,0,4821.8,4821.8,0.0
2026-01-19,KEND_OPS,EXCEL,NOT_APPLICABLE,EXCEL_OUTSIDE_UJB_COVERAGE,5,5,0,137.32999999999998,137.32999999999998,0.0
2026-01-19,MODUL,EXCEL,NOT_APPLICABLE,EXCEL_MODUL_AUTHORITATIVE_WHEN_PRESENT,1,1,0,0.0,0.0,0.0
2026-01-19,RTGC,EXCEL,NOT_APPLICABLE,EXCEL_NON_UJB_CATEGORY,63,63,0,11642.0,11642.0,0.0
2026-01-19,SUPPORT,EXCEL,NOT_APPLICABLE,EXCEL_SUPPORT_RETAINED_FORKLIFT_BRIDGE,8,8,0,254.17999999999998,254.17999999999998,0.0
2026-01-20,BUS,EXCEL,NOT_APPLICABLE,EXCEL_OUTSIDE_UJB_COVERAGE,3,3,0,150.0,150.0,0.0
2026-01-20,COMPRESSOR,EXCEL,NOT_APPLICABLE,EXCEL_NON_UJB_CATEGORY,1,1,0,0.0,0.0,0.0
2026-01-20,HEAD_TRUCK,EXCEL,NOT_APPLICABLE,EXCEL_OUTSIDE_UJB_COVERAGE,78,78,0,6462.88,6462.88,0.0
2026-01-20,KEND_OPS,EXCEL,NOT_APPLICABLE,EXCEL_OUTSIDE_UJB_COVERAGE,5,5,0,136.93,136.93,0.0
2026-01-20,MODUL,EXCEL,NOT_APPLICABLE,EXCEL_MODUL_AUTHORITATIVE_WHEN_PRESENT,1,1,0,0.0,0.0,0.0
2026-01-20,RTGC,EXCEL,NOT_APPLICABLE,EXCEL_NON_UJB_CATEGORY,63,63,0,12112.0,12112.0,0.0
2026-01-20,SUPPORT,EXCEL,NOT_APPLICABLE,EXCEL_SUPPORT_RETAINED_FORKLIFT_BRIDGE,8,8,0,377.03999999999996,377.03999999999996,0.0
2026-01-21,BUS,EXCEL,NOT_APPLICABLE,EXCEL_OUTSIDE_UJB_COVERAGE,3,3,0,146.78,146.78,0.0
2026-01-21,COMPRESSOR,EXCEL,NOT_APPLICABLE,EXCEL_NON_UJB_CATEGORY,1,1,0,0.0,0.0,0.0
2026-01-21,HEAD_TRUCK,EXCEL,NOT_APPLICABLE,EXCEL_OUTSIDE_UJB_COVERAGE,75,75,0,6080.72,6080.72,0.0
2026-01-21,KEND_OPS,EXCEL,NOT_APPLICABLE,EXCEL_OUTSIDE_UJB_COVERAGE,6,6,0,158.89,158.89,0.0
2026-01-21,MODUL,EXCEL,NOT_APPLICABLE,EXCEL_MODUL_AUTHORITATIVE_WHEN_PRESENT,1,1,0,0.0,0.0,0.0
2026-01-21,RTGC,EXCEL,NOT_APPLICABLE,EXCEL_NON_UJB_CATEGORY,63,63,0,10070.0,10070.0,0.0
2026-01-21,SUPPORT,EXCEL,NOT_APPLICABLE,EXCEL_SUPPORT_RETAINED_FORKLIFT_BRIDGE,7,7,0,590.8399999999999,590.8399999999999,0.0
2026-01-22,BUS,EXCEL,NOT_APPLICABLE,EXCEL_OUTSIDE_UJB_COVERAGE,3,3,0,139.4,139.4,0.0
2026-01-22,COMPRESSOR,EXCEL,NOT_APPLICABLE,EXCEL_NON_UJB_CATEGORY,1,1,0,0.0,0.0,0.0
2026-01-22,HEAD_TRUCK,EXCEL,NOT_APPLICABLE,EXCEL_OUTSIDE_UJB_COVERAGE,73,73,0,5952.38,5952.38,0.0
2026-01-22,KEND_OPS,EXCEL,NOT_APPLICABLE,EXCEL_OUTSIDE_UJB_COVERAGE,7,7,0,197.09,197.09,0.0
2026-01-22,MODUL,EXCEL,NOT_APPLICABLE,EXCEL_MODUL_AUTHORITATIVE_WHEN_PRESENT,1,1,0,0.0,0.0,0.0
2026-01-22,RTGC,EXCEL,NOT_APPLICABLE,EXCEL_NON_UJB_CATEGORY,63,63,0,11292.0,11292.0,0.0
2026-01-22,SUPPORT,EXCEL,NOT_APPLICABLE,EXCEL_SUPPORT_RETAINED_FORKLIFT_BRIDGE,7,7,0,459.23,459.23,0.0
2026-01-23,BUS,EXCEL,NOT_APPLICABLE,EXCEL_OUTSIDE_UJB_COVERAGE,3,3,0,144.86,144.86,0.0
2026-01-23,COMPRESSOR,EXCEL,NOT_APPLICABLE,EXCEL_NON_UJB_CATEGORY,1,1,0,0.0,0.0,0.0
2026-01-23,HEAD_TRUCK,EXCEL,NOT_APPLICABLE,EXCEL_OUTSIDE_UJB_COVERAGE,74,74,0,6356.0,6356.0,0.0
2026-01-23,KEND_OPS,EXCEL,NOT_APPLICABLE,EXCEL_OUTSIDE_UJB_COVERAGE,6,6,0,206.34,206.34,0.0
2026-01-23,MODUL,EXCEL,NOT_APPLICABLE,EXCEL_MODUL_AUTHORITATIVE_WHEN_PRESENT,1,1,0,0.0,0.0,0.0
2026-01-23,RTGC,EXCEL,NOT_APPLICABLE,EXCEL_NON_UJB_CATEGORY,63,63,0,13037.0,13037.0,0.0
2026-01-23,SUPPORT,EXCEL,NOT_APPLICABLE,EXCEL_SUPPORT_RETAINED_FORKLIFT_BRIDGE,7,7,0,328.53999999999996,328.53999999999996,0.0
2026-01-24,BUS,EXCEL,NOT_APPLICABLE,EXCEL_OUTSIDE_UJB_COVERAGE,3,3,0,136.44,136.44,0.0
2026-01-24,COMPRESSOR,EXCEL,NOT_APPLICABLE,EXCEL_NON_UJB_CATEGORY,1,1,0,0.0,0.0,0.0
2026-01-24,HEAD_TRUCK,EXCEL,NOT_APPLICABLE,EXCEL_OUTSIDE_UJB_COVERAGE,75,75,0,5503.59,5503.59,0.0
2026-01-24,KEND_OPS,EXCEL,NOT_APPLICABLE,EXCEL_OUTSIDE_UJB_COVERAGE,8,8,0,191.1,191.1,0.0
2026-01-24,MODUL,EXCEL,NOT_APPLICABLE,EXCEL_MODUL_AUTHORITATIVE_WHEN_PRESENT,1,1,0,0.0,0.0,0.0
2026-01-24,RTGC,EXCEL,NOT_APPLICABLE,EXCEL_NON_UJB_CATEGORY,63,63,0,13234.0,13234.0,0.0
2026-01-24,SUPPORT,EXCEL,NOT_APPLICABLE,EXCEL_SUPPORT_RETAINED_FORKLIFT_BRIDGE,7,7,0,467.87,467.87,0.0
2026-01-25,BUS,EXCEL,NOT_APPLICABLE,EXCEL_OUTSIDE_UJB_COVERAGE,3,3,0,100.0,100.0,0.0
2026-01-25,COMPRESSOR,EXCEL,NOT_APPLICABLE,EXCEL_NON_UJB_CATEGORY,1,1,0,0.0,0.0,0.0
2026-01-25,HEAD_TRUCK,EXCEL,NOT_APPLICABLE,EXCEL_OUTSIDE_UJB_COVERAGE,73,73,0,6033.24,6033.24,0.0
2026-01-25,KEND_OPS,EXCEL,NOT_APPLICABLE,EXCEL_OUTSIDE_UJB_COVERAGE,4,4,0,90.45,90.45,0.0
2026-01-25,MODUL,EXCEL,NOT_APPLICABLE,EXCEL_MODUL_AUTHORITATIVE_WHEN_PRESENT,1,1,0,0.0,0.0,0.0
2026-01-25,RTGC,EXCEL,NOT_APPLICABLE,EXCEL_NON_UJB_CATEGORY,63,63,0,13040.0,13040.0,0.0
2026-01-25,SUPPORT,EXCEL,NOT_APPLICABLE,EXCEL_SUPPORT_RETAINED_FORKLIFT_BRIDGE,6,6,0,492.72,492.72,0.0
2026-01-26,BUS,EXCEL,NOT_APPLICABLE,EXCEL_OUTSIDE_UJB_COVERAGE,3,3,0,125.06,125.06,0.0
2026-01-26,COMPRESSOR,EXCEL,NOT_APPLICABLE,EXCEL_NON_UJB_CATEGORY,1,1,0,0.0,0.0,0.0
2026-01-26,HEAD_TRUCK,EXCEL,NOT_APPLICABLE,EXCEL_OUTSIDE_UJB_COVERAGE,72,72,0,5949.76,5949.76,0.0
2026-01-26,KEND_OPS,EXCEL,NOT_APPLICABLE,EXCEL_OUTSIDE_UJB_COVERAGE,9,9,0,276.84,276.84,0.0
2026-01-26,MODUL,EXCEL,NOT_APPLICABLE,EXCEL_MODUL_AUTHORITATIVE_WHEN_PRESENT,1,1,0,0.0,0.0,0.0
2026-01-26,RTGC,EXCEL,NOT_APPLICABLE,EXCEL_NON_UJB_CATEGORY,63,63,0,11871.0,11871.0,0.0
2026-01-26,SUPPORT,EXCEL,NOT_APPLICABLE,EXCEL_SUPPORT_RETAINED_FORKLIFT_BRIDGE,8,8,0,600.8,600.8,0.0
2026-01-27,BUS,EXCEL,NOT_APPLICABLE,EXCEL_OUTSIDE_UJB_COVERAGE,3,3,0,100.0,100.0,0.0
2026-01-27,COMPRESSOR,EXCEL,NOT_APPLICABLE,EXCEL_NON_UJB_CATEGORY,1,1,0,0.0,0.0,0.0
2026-01-27,HEAD_TRUCK,EXCEL,NOT_APPLICABLE,EXCEL_OUTSIDE_UJB_COVERAGE,76,76,0,6280.68,6280.68,0.0
2026-01-27,KEND_OPS,EXCEL,NOT_APPLICABLE,EXCEL_OUTSIDE_UJB_COVERAGE,3,3,0,51.7,51.7,0.0
2026-01-27,MODUL,EXCEL,NOT_APPLICABLE,EXCEL_MODUL_AUTHORITATIVE_WHEN_PRESENT,1,1,0,0.0,0.0,0.0
2026-01-27,RTGC,EXCEL,NOT_APPLICABLE,EXCEL_NON_UJB_CATEGORY,63,63,0,10955.0,10955.0,0.0
2026-01-27,SUPPORT,EXCEL,NOT_APPLICABLE,EXCEL_SUPPORT_RETAINED_FORKLIFT_BRIDGE,5,5,0,180.01,180.01,0.0
2026-01-28,BUS,EXCEL,NOT_APPLICABLE,EXCEL_OUTSIDE_UJB_COVERAGE,3,3,0,147.42000000000002,147.42000000000002,0.0
2026-01-28,COMPRESSOR,EXCEL,NOT_APPLICABLE,EXCEL_NON_UJB_CATEGORY,1,1,0,0.0,0.0,0.0
2026-01-28,HEAD_TRUCK,EXCEL,NOT_APPLICABLE,EXCEL_OUTSIDE_UJB_COVERAGE,74,74,0,5942.91,5942.91,0.0
2026-01-28,KEND_OPS,EXCEL,NOT_APPLICABLE,EXCEL_OUTSIDE_UJB_COVERAGE,10,10,0,355.51,355.51,0.0
2026-01-28,MODUL,EXCEL,NOT_APPLICABLE,EXCEL_MODUL_AUTHORITATIVE_WHEN_PRESENT,1,1,0,0.0,0.0,0.0
2026-01-28,RTGC,EXCEL,NOT_APPLICABLE,EXCEL_NON_UJB_CATEGORY,63,63,0,13612.0,13612.0,0.0
2026-01-28,SUPPORT,EXCEL,NOT_APPLICABLE,EXCEL_SUPPORT_RETAINED_FORKLIFT_BRIDGE,7,7,0,144.34,144.34,0.0
2026-01-29,BUS,EXCEL,NOT_APPLICABLE,EXCEL_OUTSIDE_UJB_COVERAGE,3,3,0,141.57999999999998,141.57999999999998,0.0
2026-01-29,COMPRESSOR,EXCEL,NOT_APPLICABLE,EXCEL_NON_UJB_CATEGORY,1,1,0,0.0,0.0,0.0
2026-01-29,HEAD_TRUCK,EXCEL,NOT_APPLICABLE,EXCEL_OUTSIDE_UJB_COVERAGE,75,75,0,5833.89,5833.89,0.0
2026-01-29,KEND_OPS,EXCEL,NOT_APPLICABLE,EXCEL_OUTSIDE_UJB_COVERAGE,4,4,0,137.5,137.5,0.0
2026-01-29,MODUL,EXCEL,NOT_APPLICABLE,EXCEL_MODUL_AUTHORITATIVE_WHEN_PRESENT,1,1,0,0.0,0.0,0.0
2026-01-29,RTGC,EXCEL,NOT_APPLICABLE,EXCEL_NON_UJB_CATEGORY,63,63,0,12694.0,12694.0,0.0
2026-01-29,SUPPORT,EXCEL,NOT_APPLICABLE,EXCEL_SUPPORT_RETAINED_FORKLIFT_BRIDGE,5,5,0,110.0,110.0,0.0
2026-01-30,BUS,EXCEL,NOT_APPLICABLE,EXCEL_OUTSIDE_UJB_COVERAGE,3,3,0,131.87,131.87,0.0
2026-01-30,COMPRESSOR,EXCEL,NOT_APPLICABLE,EXCEL_NON_UJB_CATEGORY,1,1,0,0.0,0.0,0.0
2026-01-30,HEAD_TRUCK,EXCEL,NOT_APPLICABLE,EXCEL_OUTSIDE_UJB_COVERAGE,73,73,0,5865.96,5865.96,0.0
2026-01-30,KEND_OPS,EXCEL,NOT_APPLICABLE,EXCEL_OUTSIDE_UJB_COVERAGE,5,5,0,109.45,109.45,0.0
2026-01-30,MODUL,EXCEL,NOT_APPLICABLE,EXCEL_MODUL_AUTHORITATIVE_WHEN_PRESENT,1,1,0,0.0,0.0,0.0
2026-01-30,RTGC,EXCEL,NOT_APPLICABLE,EXCEL_NON_UJB_CATEGORY,63,63,0,11140.0,11140.0,0.0
2026-01-30,SUPPORT,EXCEL,NOT_APPLICABLE,EXCEL_SUPPORT_RETAINED_FORKLIFT_BRIDGE,4,4,0,33.27,33.27,0.0
2026-01-31,BUS,EXCEL,NOT_APPLICABLE,EXCEL_OUTSIDE_UJB_COVERAGE,3,3,0,131.67000000000002,131.67000000000002,0.0
2026-01-31,COMPRESSOR,EXCEL,NOT_APPLICABLE,EXCEL_NON_UJB_CATEGORY,1,1,0,0.0,0.0,0.0
2026-01-31,HEAD_TRUCK,EXCEL,NOT_APPLICABLE,EXCEL_OUTSIDE_UJB_COVERAGE,73,73,0,6008.87,6008.87,0.0
2026-01-31,KEND_OPS,EXCEL,NOT_APPLICABLE,EXCEL_OUTSIDE_UJB_COVERAGE,6,6,0,164.25,164.25,0.0
2026-01-31,MODUL,EXCEL,NOT_APPLICABLE,EXCEL_MODUL_AUTHORITATIVE_WHEN_PRESENT,1,1,0,0.0,0.0,0.0
2026-01-31,RTGC,EXCEL,NOT_APPLICABLE,EXCEL_NON_UJB_CATEGORY,63,63,0,11838.0,11838.0,0.0
2026-01-31,SUPPORT,EXCEL,NOT_APPLICABLE,EXCEL_SUPPORT_RETAINED_FORKLIFT_BRIDGE,4,4,0,63.35,63.35,0.0
2026-02-01,BUS,EXCEL,NOT_APPLICABLE,EXCEL_OUTSIDE_UJB_COVERAGE,3,3,0,142.43,142.43,0.0
2026-02-01,COMPRESSOR,EXCEL,NOT_APPLICABLE,EXCEL_NON_UJB_CATEGORY,1,1,0,0.0,0.0,0.0
2026-02-01,ELF,EXCEL,NOT_APPLICABLE,EXCEL_OUTSIDE_UJB_COVERAGE,3,3,0,98.72,98.72,0.0
2026-02-01,HEAD_TRUCK,EXCEL,NOT_APPLICABLE,EXCEL_OUTSIDE_UJB_COVERAGE,73,73,0,5060.0,5060.0,0.0
2026-02-01,KEND_OPS,EXCEL,NOT_APPLICABLE,EXCEL_OUTSIDE_UJB_COVERAGE,6,6,0,158.86,158.86,0.0
2026-02-01,MODUL,EXCEL,NOT_APPLICABLE,EXCEL_MODUL_AUTHORITATIVE_WHEN_PRESENT,1,1,0,0.0,0.0,0.0
2026-02-01,RTGC,EXCEL,NOT_APPLICABLE,EXCEL_NON_UJB_CATEGORY,59,59,0,12242.0,12242.0,0.0
2026-02-01,SUPPORT,EXCEL,NOT_APPLICABLE,EXCEL_SUPPORT_RETAINED_FORKLIFT_BRIDGE,4,4,0,194.48000000000002,194.48000000000002,0.0
2026-02-02,BUS,EXCEL,NOT_APPLICABLE,EXCEL_OUTSIDE_UJB_COVERAGE,3,3,0,145.34,145.34,0.0
2026-02-02,COMPRESSOR,EXCEL,NOT_APPLICABLE,EXCEL_NON_UJB_CATEGORY,1,1,0,0.0,0.0,0.0
2026-02-02,ELF,EXCEL,NOT_APPLICABLE,EXCEL_OUTSIDE_UJB_COVERAGE,3,3,0,105.19,105.19,0.0
2026-02-02,HEAD_TRUCK,EXCEL,NOT_APPLICABLE,EXCEL_OUTSIDE_UJB_COVERAGE,73,73,0,6690.01,6690.01,0.0
2026-02-02,KEND_OPS,EXCEL,NOT_APPLICABLE,EXCEL_OUTSIDE_UJB_COVERAGE,6,6,0,116.0,116.0,0.0
2026-02-02,MODUL,EXCEL,NOT_APPLICABLE,EXCEL_MODUL_AUTHORITATIVE_WHEN_PRESENT,1,1,0,0.0,0.0,0.0
2026-02-02,RTGC,EXCEL,NOT_APPLICABLE,EXCEL_NON_UJB_CATEGORY,59,59,0,10076.0,10076.0,0.0
2026-02-02,SUPPORT,EXCEL,NOT_APPLICABLE,EXCEL_SUPPORT_RETAINED_FORKLIFT_BRIDGE,4,4,0,87.05,87.05,0.0
2026-02-03,BUS,EXCEL,NOT_APPLICABLE,EXCEL_OUTSIDE_UJB_COVERAGE,3,3,0,139.41,139.41,0.0
2026-02-03,COMPRESSOR,EXCEL,NOT_APPLICABLE,EXCEL_NON_UJB_CATEGORY,1,1,0,0.0,0.0,0.0
2026-02-03,ELF,EXCEL,NOT_APPLICABLE,EXCEL_OUTSIDE_UJB_COVERAGE,3,3,0,108.14,108.14,0.0
2026-02-03,HEAD_TRUCK,EXCEL,NOT_APPLICABLE,EXCEL_OUTSIDE_UJB_COVERAGE,70,70,0,5839.15,5839.15,0.0
2026-02-03,KEND_OPS,EXCEL,NOT_APPLICABLE,EXCEL_OUTSIDE_UJB_COVERAGE,6,6,0,166.76999999999998,166.76999999999998,0.0
2026-02-03,MODUL,EXCEL,NOT_APPLICABLE,EXCEL_MODUL_AUTHORITATIVE_WHEN_PRESENT,1,1,0,0.0,0.0,0.0
2026-02-03,RTGC,EXCEL,NOT_APPLICABLE,EXCEL_NON_UJB_CATEGORY,59,59,0,12716.0,12716.0,0.0
2026-02-03,SUPPORT,EXCEL,NOT_APPLICABLE,EXCEL_SUPPORT_RETAINED_FORKLIFT_BRIDGE,3,3,0,160.73000000000002,160.73000000000002,0.0
2026-02-04,BUS,EXCEL,NOT_APPLICABLE,EXCEL_OUTSIDE_UJB_COVERAGE,3,3,0,144.38,144.38,0.0
2026-02-04,COMPRESSOR,EXCEL,NOT_APPLICABLE,EXCEL_NON_UJB_CATEGORY,1,1,0,0.0,0.0,0.0
2026-02-04,ELF,EXCEL,NOT_APPLICABLE,EXCEL_OUTSIDE_UJB_COVERAGE,3,3,0,104.87,104.87,0.0
2026-02-04,HEAD_TRUCK,EXCEL,NOT_APPLICABLE,EXCEL_OUTSIDE_UJB_COVERAGE,76,76,0,6760.19,6760.19,0.0
2026-02-04,KEND_OPS,EXCEL,NOT_APPLICABLE,EXCEL_OUTSIDE_UJB_COVERAGE,5,5,0,83.61,83.61,0.0
2026-02-04,MODUL,EXCEL,NOT_APPLICABLE,EXCEL_MODUL_AUTHORITATIVE_WHEN_PRESENT,1,1,0,0.0,0.0,0.0
2026-02-04,RTGC,EXCEL,NOT_APPLICABLE,EXCEL_NON_UJB_CATEGORY,59,59,0,13496.0,13496.0,0.0
2026-02-04,SUPPORT,EXCEL,NOT_APPLICABLE,EXCEL_SUPPORT_RETAINED_FORKLIFT_BRIDGE,5,5,0,158.16,158.16,0.0
2026-02-05,BUS,EXCEL,NOT_APPLICABLE,EXCEL_OUTSIDE_UJB_COVERAGE,3,3,0,142.4,142.4,0.0
2026-02-05,COMPRESSOR,EXCEL,NOT_APPLICABLE,EXCEL_NON_UJB_CATEGORY,1,1,0,0.0,0.0,0.0
2026-02-05,ELF,EXCEL,NOT_APPLICABLE,EXCEL_OUTSIDE_UJB_COVERAGE,3,3,0,100.75,100.75,0.0
2026-02-05,HEAD_TRUCK,EXCEL,NOT_APPLICABLE,EXCEL_OUTSIDE_UJB_COVERAGE,69,69,0,5039.95,5039.95,0.0
2026-02-05,KEND_OPS,EXCEL,NOT_APPLICABLE,EXCEL_OUTSIDE_UJB_COVERAGE,7,7,0,229.83999999999997,229.83999999999997,0.0
2026-02-05,MODUL,EXCEL,NOT_APPLICABLE,EXCEL_MODUL_AUTHORITATIVE_WHEN_PRESENT,1,1,0,0.0,0.0,0.0
2026-02-05,RTGC,EXCEL,NOT_APPLICABLE,EXCEL_NON_UJB_CATEGORY,59,59,0,13271.0,13271.0,0.0
2026-02-05,SUPPORT,EXCEL,NOT_APPLICABLE,EXCEL_SUPPORT_RETAINED_FORKLIFT_BRIDGE,4,4,0,163.09,163.09,0.0
2026-02-06,BUS,EXCEL,NOT_APPLICABLE,EXCEL_OUTSIDE_UJB_COVERAGE,3,3,0,137.34,137.34,0.0
2026-02-06,COMPRESSOR,EXCEL,NOT_APPLICABLE,EXCEL_NON_UJB_CATEGORY,1,1,0,0.0,0.0,0.0
2026-02-06,ELF,EXCEL,NOT_APPLICABLE,EXCEL_OUTSIDE_UJB_COVERAGE,3,3,0,101.42,101.42,0.0
2026-02-06,HEAD_TRUCK,EXCEL,NOT_APPLICABLE,EXCEL_OUTSIDE_UJB_COVERAGE,72,72,0,6226.87,6226.87,0.0
2026-02-06,KEND_OPS,EXCEL,NOT_APPLICABLE,EXCEL_OUTSIDE_UJB_COVERAGE,3,3,0,72.38,72.38,0.0
2026-02-06,MODUL,EXCEL,NOT_APPLICABLE,EXCEL_MODUL_AUTHORITATIVE_WHEN_PRESENT,1,1,0,0.0,0.0,0.0
2026-02-06,RTGC,EXCEL,NOT_APPLICABLE,EXCEL_NON_UJB_CATEGORY,59,59,0,13353.0,13353.0,0.0
2026-02-06,SUPPORT,EXCEL,NOT_APPLICABLE,EXCEL_SUPPORT_RETAINED_FORKLIFT_BRIDGE,3,3,0,18.73,18.73,0.0
2026-02-07,BUS,EXCEL,NOT_APPLICABLE,EXCEL_OUTSIDE_UJB_COVERAGE,3,3,0,148.07,148.07,0.0
2026-02-07,COMPRESSOR,EXCEL,NOT_APPLICABLE,EXCEL_NON_UJB_CATEGORY,1,1,0,0.0,0.0,0.0
2026-02-07,ELF,EXCEL,NOT_APPLICABLE,EXCEL_OUTSIDE_UJB_COVERAGE,3,3,0,87.84,87.84,0.0
2026-02-07,HEAD_TRUCK,EXCEL,NOT_APPLICABLE,EXCEL_OUTSIDE_UJB_COVERAGE,75,75,0,6363.57,6363.57,0.0
2026-02-07,KEND_OPS,EXCEL,NOT_APPLICABLE,EXCEL_OUTSIDE_UJB_COVERAGE,7,7,0,247.82,247.82,0.0
2026-02-07,MODUL,EXCEL,NOT_APPLICABLE,EXCEL_MODUL_AUTHORITATIVE_WHEN_PRESENT,1,1,0,0.0,0.0,0.0
2026-02-07,RTGC,EXCEL,NOT_APPLICABLE,EXCEL_NON_UJB_CATEGORY,59,59,0,13468.8,13468.8,0.0
2026-02-07,SUPPORT,EXCEL,NOT_APPLICABLE,EXCEL_SUPPORT_RETAINED_FORKLIFT_BRIDGE,3,3,0,101.17999999999999,101.17999999999999,0.0
2026-02-08,BUS,EXCEL,NOT_APPLICABLE,EXCEL_OUTSIDE_UJB_COVERAGE,3,3,0,146.32,146.32,0.0
2026-02-08,COMPRESSOR,EXCEL,NOT_APPLICABLE,EXCEL_NON_UJB_CATEGORY,1,1,0,0.0,0.0,0.0
2026-02-08,ELF,EXCEL,NOT_APPLICABLE,EXCEL_OUTSIDE_UJB_COVERAGE,3,3,0,98.28,98.28,0.0
2026-02-08,HEAD_TRUCK,EXCEL,NOT_APPLICABLE,EXCEL_OUTSIDE_UJB_COVERAGE,75,75,0,6332.26,6332.26,0.0
2026-02-08,KEND_OPS,EXCEL,NOT_APPLICABLE,EXCEL_OUTSIDE_UJB_COVERAGE,5,5,0,148.07,148.07,0.0
2026-02-08,MODUL,EXCEL,NOT_APPLICABLE,EXCEL_MODUL_AUTHORITATIVE_WHEN_PRESENT,1,1,0,0.0,0.0,0.0
2026-02-08,RTGC,EXCEL,NOT_APPLICABLE,EXCEL_NON_UJB_CATEGORY,59,59,0,13062.8,13062.8,0.0
2026-02-08,SUPPORT,EXCEL,NOT_APPLICABLE,EXCEL_SUPPORT_RETAINED_FORKLIFT_BRIDGE,5,5,0,79.22,79.22,0.0
2026-02-09,BUS,EXCEL,NOT_APPLICABLE,EXCEL_OUTSIDE_UJB_COVERAGE,3,3,0,138.65,138.65,0.0
2026-02-09,COMPRESSOR,EXCEL,NOT_APPLICABLE,EXCEL_NON_UJB_CATEGORY,1,1,0,0.0,0.0,0.0
2026-02-09,ELF,EXCEL,NOT_APPLICABLE,EXCEL_OUTSIDE_UJB_COVERAGE,3,3,0,113.00999999999999,113.00999999999999,0.0
2026-02-09,HEAD_TRUCK,EXCEL,NOT_APPLICABLE,EXCEL_OUTSIDE_UJB_COVERAGE,68,68,0,5461.5,5461.5,0.0
2026-02-09,KEND_OPS,EXCEL,NOT_APPLICABLE,EXCEL_OUTSIDE_UJB_COVERAGE,7,7,0,174.44,174.44,0.0
2026-02-09,MODUL,EXCEL,NOT_APPLICABLE,EXCEL_MODUL_AUTHORITATIVE_WHEN_PRESENT,1,1,0,0.0,0.0,0.0
2026-02-09,RTGC,EXCEL,NOT_APPLICABLE,EXCEL_NON_UJB_CATEGORY,59,59,0,13993.4,13993.4,0.0
2026-02-09,SUPPORT,EXCEL,NOT_APPLICABLE,EXCEL_SUPPORT_RETAINED_FORKLIFT_BRIDGE,4,4,0,65.3,65.3,0.0
2026-02-10,BUS,EXCEL,NOT_APPLICABLE,EXCEL_OUTSIDE_UJB_COVERAGE,3,3,0,145.31,145.31,0.0
2026-02-10,COMPRESSOR,EXCEL,NOT_APPLICABLE,EXCEL_NON_UJB_CATEGORY,1,1,0,0.0,0.0,0.0
2026-02-10,ELF,EXCEL,NOT_APPLICABLE,EXCEL_OUTSIDE_UJB_COVERAGE,3,3,0,65.97999999999999,65.97999999999999,0.0
2026-02-10,HEAD_TRUCK,EXCEL,NOT_APPLICABLE,EXCEL_OUTSIDE_UJB_COVERAGE,78,78,0,6983.03,6983.03,0.0
2026-02-10,KEND_OPS,EXCEL,NOT_APPLICABLE,EXCEL_OUTSIDE_UJB_COVERAGE,6,6,0,242.24,242.24,0.0
2026-02-10,MODUL,EXCEL,NOT_APPLICABLE,EXCEL_MODUL_AUTHORITATIVE_WHEN_PRESENT,1,1,0,0.0,0.0,0.0
2026-02-10,RTGC,EXCEL,NOT_APPLICABLE,EXCEL_NON_UJB_CATEGORY,59,59,0,14022.5,14022.5,0.0
2026-02-10,SUPPORT,EXCEL,NOT_APPLICABLE,EXCEL_SUPPORT_RETAINED_FORKLIFT_BRIDGE,6,6,0,172.75,172.75,0.0
2026-02-11,BUS,EXCEL,NOT_APPLICABLE,EXCEL_OUTSIDE_UJB_COVERAGE,3,3,0,144.68,144.68,0.0
2026-02-11,COMPRESSOR,EXCEL,NOT_APPLICABLE,EXCEL_NON_UJB_CATEGORY,1,1,0,0.0,0.0,0.0
2026-02-11,ELF,EXCEL,NOT_APPLICABLE,EXCEL_OUTSIDE_UJB_COVERAGE,3,3,0,94.55,94.55,0.0
2026-02-11,HEAD_TRUCK,EXCEL,NOT_APPLICABLE,EXCEL_OUTSIDE_UJB_COVERAGE,79,79,0,5948.77,5948.77,0.0
2026-02-11,KEND_OPS,EXCEL,NOT_APPLICABLE,EXCEL_OUTSIDE_UJB_COVERAGE,5,5,0,161.18,161.18,0.0
2026-02-11,MODUL,EXCEL,NOT_APPLICABLE,EXCEL_MODUL_AUTHORITATIVE_WHEN_PRESENT,1,1,0,0.0,0.0,0.0
2026-02-11,RTGC,EXCEL,NOT_APPLICABLE,EXCEL_NON_UJB_CATEGORY,59,59,0,14049.0,14049.0,0.0
2026-02-11,SUPPORT,EXCEL,NOT_APPLICABLE,EXCEL_SUPPORT_RETAINED_FORKLIFT_BRIDGE,5,5,0,121.28,121.28,0.0
2026-02-12,BUS,EXCEL,NOT_APPLICABLE,EXCEL_OUTSIDE_UJB_COVERAGE,3,3,0,142.43,142.43,0.0
2026-02-12,COMPRESSOR,EXCEL,NOT_APPLICABLE,EXCEL_NON_UJB_CATEGORY,1,1,0,0.0,0.0,0.0
2026-02-12,ELF,EXCEL,NOT_APPLICABLE,EXCEL_OUTSIDE_UJB_COVERAGE,3,3,0,113.06,113.06,0.0
2026-02-12,HEAD_TRUCK,EXCEL,NOT_APPLICABLE,EXCEL_OUTSIDE_UJB_COVERAGE,78,78,0,6921.37,6921.37,0.0
2026-02-12,KEND_OPS,EXCEL,NOT_APPLICABLE,EXCEL_OUTSIDE_UJB_COVERAGE,6,6,0,215.38,215.38,0.0
2026-02-12,MODUL,EXCEL,NOT_APPLICABLE,EXCEL_MODUL_AUTHORITATIVE_WHEN_PRESENT,1,1,0,0.0,0.0,0.0
2026-02-12,RTGC,EXCEL,NOT_APPLICABLE,EXCEL_NON_UJB_CATEGORY,59,59,0,16952.8,16952.8,0.0
2026-02-12,SUPPORT,EXCEL,NOT_APPLICABLE,EXCEL_SUPPORT_RETAINED_FORKLIFT_BRIDGE,5,5,0,161.10999999999999,161.10999999999999,0.0
2026-02-13,BUS,EXCEL,NOT_APPLICABLE,EXCEL_OUTSIDE_UJB_COVERAGE,3,3,0,128.75,128.75,0.0
2026-02-13,COMPRESSOR,EXCEL,NOT_APPLICABLE,EXCEL_NON_UJB_CATEGORY,1,1,0,0.0,0.0,0.0
2026-02-13,ELF,EXCEL,NOT_APPLICABLE,EXCEL_OUTSIDE_UJB_COVERAGE,3,3,0,113.57,113.57,0.0
2026-02-13,HEAD_TRUCK,EXCEL,NOT_APPLICABLE,EXCEL_OUTSIDE_UJB_COVERAGE,77,77,0,6375.52,6375.52,0.0
2026-02-13,KEND_OPS,EXCEL,NOT_APPLICABLE,EXCEL_OUTSIDE_UJB_COVERAGE,6,6,0,237.73,237.73,0.0
2026-02-13,MODUL,EXCEL,NOT_APPLICABLE,EXCEL_MODUL_AUTHORITATIVE_WHEN_PRESENT,1,1,0,0.0,0.0,0.0
2026-02-13,RTGC,EXCEL,NOT_APPLICABLE,EXCEL_NON_UJB_CATEGORY,59,59,0,11529.3,11529.3,0.0
2026-02-13,SUPPORT,EXCEL,NOT_APPLICABLE,EXCEL_SUPPORT_RETAINED_FORKLIFT_BRIDGE,8,8,0,199.49,199.49,0.0
2026-02-14,BUS,EXCEL,NOT_APPLICABLE,EXCEL_OUTSIDE_UJB_COVERAGE,3,3,0,145.22,145.22,0.0
2026-02-14,COMPRESSOR,EXCEL,NOT_APPLICABLE,EXCEL_NON_UJB_CATEGORY,1,1,0,0.0,0.0,0.0
2026-02-14,ELF,EXCEL,NOT_APPLICABLE,EXCEL_OUTSIDE_UJB_COVERAGE,3,3,0,101.15,101.15,0.0
2026-02-14,HEAD_TRUCK,EXCEL,NOT_APPLICABLE,EXCEL_OUTSIDE_UJB_COVERAGE,71,71,0,5837.4800000000005,5837.4800000000005,0.0
2026-02-14,KEND_OPS,EXCEL,NOT_APPLICABLE,EXCEL_OUTSIDE_UJB_COVERAGE,5,5,0,181.31,181.31,0.0
2026-02-14,MODUL,EXCEL,NOT_APPLICABLE,EXCEL_MODUL_AUTHORITATIVE_WHEN_PRESENT,1,1,0,0.0,0.0,0.0
2026-02-14,RTGC,EXCEL,NOT_APPLICABLE,EXCEL_NON_UJB_CATEGORY,59,59,0,12878.0,12878.0,0.0
2026-02-14,SUPPORT,EXCEL,NOT_APPLICABLE,EXCEL_SUPPORT_RETAINED_FORKLIFT_BRIDGE,5,5,0,113.0,113.0,0.0
2026-02-15,BUS,EXCEL,NOT_APPLICABLE,EXCEL_OUTSIDE_UJB_COVERAGE,3,3,0,138.04,138.04,0.0
2026-02-15,COMPRESSOR,EXCEL,NOT_APPLICABLE,EXCEL_NON_UJB_CATEGORY,1,1,0,0.0,0.0,0.0
2026-02-15,ELF,EXCEL,NOT_APPLICABLE,EXCEL_OUTSIDE_UJB_COVERAGE,3,3,0,96.89,96.89,0.0
2026-02-15,HEAD_TRUCK,EXCEL,NOT_APPLICABLE,EXCEL_OUTSIDE_UJB_COVERAGE,72,72,0,6237.73,6237.73,0.0
2026-02-15,KEND_OPS,EXCEL,NOT_APPLICABLE,EXCEL_OUTSIDE_UJB_COVERAGE,6,6,0,216.96,216.96,0.0
2026-02-15,MODUL,EXCEL,NOT_APPLICABLE,EXCEL_MODUL_AUTHORITATIVE_WHEN_PRESENT,1,1,0,0.0,0.0,0.0
2026-02-15,RTGC,EXCEL,NOT_APPLICABLE,EXCEL_NON_UJB_CATEGORY,59,59,0,11906.0,11906.0,0.0
2026-02-15,SUPPORT,EXCEL,NOT_APPLICABLE,EXCEL_SUPPORT_RETAINED_FORKLIFT_BRIDGE,3,3,0,116.01,116.01,0.0
2026-02-16,BUS,EXCEL,NOT_APPLICABLE,EXCEL_OUTSIDE_UJB_COVERAGE,3,3,0,144.43,144.43,0.0
2026-02-16,COMPRESSOR,EXCEL,NOT_APPLICABLE,EXCEL_NON_UJB_CATEGORY,1,1,0,0.0,0.0,0.0
2026-02-16,ELF,EXCEL,NOT_APPLICABLE,EXCEL_OUTSIDE_UJB_COVERAGE,3,3,0,116.69,116.69,0.0
2026-02-16,HEAD_TRUCK,EXCEL,NOT_APPLICABLE,EXCEL_OUTSIDE_UJB_COVERAGE,73,73,0,6726.03,6726.03,0.0
2026-02-16,KEND_OPS,EXCEL,NOT_APPLICABLE,EXCEL_OUTSIDE_UJB_COVERAGE,5,5,0,143.43,143.43,0.0
2026-02-16,MODUL,EXCEL,NOT_APPLICABLE,EXCEL_MODUL_AUTHORITATIVE_WHEN_PRESENT,1,1,0,0.0,0.0,0.0
2026-02-16,RTGC,EXCEL,NOT_APPLICABLE,EXCEL_NON_UJB_CATEGORY,59,59,0,14422.0,14422.0,0.0
2026-02-16,SUPPORT,EXCEL,NOT_APPLICABLE,EXCEL_SUPPORT_RETAINED_FORKLIFT_BRIDGE,3,3,0,151.88,151.88,0.0
2026-02-17,BUS,EXCEL,NOT_APPLICABLE,EXCEL_OUTSIDE_UJB_COVERAGE,3,3,0,150.0,150.0,0.0
2026-02-17,COMPRESSOR,EXCEL,NOT_APPLICABLE,EXCEL_NON_UJB_CATEGORY,1,1,0,0.0,0.0,0.0
2026-02-17,ELF,EXCEL,NOT_APPLICABLE,EXCEL_OUTSIDE_UJB_COVERAGE,3,3,0,97.53999999999999,97.53999999999999,0.0
2026-02-17,HEAD_TRUCK,EXCEL,NOT_APPLICABLE,EXCEL_OUTSIDE_UJB_COVERAGE,72,72,0,6131.15,6131.15,0.0
2026-02-17,KEND_OPS,EXCEL,NOT_APPLICABLE,EXCEL_OUTSIDE_UJB_COVERAGE,4,4,0,123.11,123.11,0.0
2026-02-17,MODUL,EXCEL,NOT_APPLICABLE,EXCEL_MODUL_AUTHORITATIVE_WHEN_PRESENT,1,1,0,0.0,0.0,0.0
2026-02-17,RTGC,EXCEL,NOT_APPLICABLE,EXCEL_NON_UJB_CATEGORY,59,59,0,12786.0,12786.0,0.0
2026-02-17,SUPPORT,EXCEL,NOT_APPLICABLE,EXCEL_SUPPORT_RETAINED_FORKLIFT_BRIDGE,5,5,0,123.25999999999999,123.25999999999999,0.0
2026-02-18,BUS,EXCEL,NOT_APPLICABLE,EXCEL_OUTSIDE_UJB_COVERAGE,3,3,0,149.23,149.23,0.0
2026-02-18,COMPRESSOR,EXCEL,NOT_APPLICABLE,EXCEL_NON_UJB_CATEGORY,1,1,0,0.0,0.0,0.0
2026-02-18,ELF,EXCEL,NOT_APPLICABLE,EXCEL_OUTSIDE_UJB_COVERAGE,3,3,0,113.57,113.57,0.0
2026-02-18,HEAD_TRUCK,EXCEL,NOT_APPLICABLE,EXCEL_OUTSIDE_UJB_COVERAGE,74,74,0,6009.1,6009.1,0.0
2026-02-18,KEND_OPS,EXCEL,NOT_APPLICABLE,EXCEL_OUTSIDE_UJB_COVERAGE,3,3,0,88.98,88.98,0.0
2026-02-18,MODUL,EXCEL,NOT_APPLICABLE,EXCEL_MODUL_AUTHORITATIVE_WHEN_PRESENT,1,1,0,0.0,0.0,0.0
2026-02-18,RTGC,EXCEL,NOT_APPLICABLE,EXCEL_NON_UJB_CATEGORY,59,59,0,12595.0,12595.0,0.0
2026-02-18,SUPPORT,EXCEL,NOT_APPLICABLE,EXCEL_SUPPORT_RETAINED_FORKLIFT_BRIDGE,3,3,0,33.95,33.95,0.0
2026-02-19,BUS,EXCEL,NOT_APPLICABLE,EXCEL_OUTSIDE_UJB_COVERAGE,3,3,0,140.31,140.31,0.0
2026-02-19,COMPRESSOR,EXCEL,NOT_APPLICABLE,EXCEL_NON_UJB_CATEGORY,1,1,0,0.0,0.0,0.0
2026-02-19,ELF,EXCEL,NOT_APPLICABLE,EXCEL_OUTSIDE_UJB_COVERAGE,3,3,0,111.81,111.81,0.0
2026-02-19,HEAD_TRUCK,EXCEL,NOT_APPLICABLE,EXCEL_OUTSIDE_UJB_COVERAGE,72,72,0,5870.06,5870.06,0.0
2026-02-19,KEND_OPS,EXCEL,NOT_APPLICABLE,EXCEL_OUTSIDE_UJB_COVERAGE,2,2,0,63.379999999999995,63.379999999999995,0.0
2026-02-19,MODUL,EXCEL,NOT_APPLICABLE,EXCEL_MODUL_AUTHORITATIVE_WHEN_PRESENT,1,1,0,0.0,0.0,0.0
2026-02-19,RTGC,EXCEL,NOT_APPLICABLE,EXCEL_NON_UJB_CATEGORY,59,59,0,13524.0,13524.0,0.0
2026-02-19,SUPPORT,EXCEL,NOT_APPLICABLE,EXCEL_SUPPORT_RETAINED_FORKLIFT_BRIDGE,3,3,0,141.97,141.97,0.0
2026-02-20,BUS,EXCEL,NOT_APPLICABLE,EXCEL_OUTSIDE_UJB_COVERAGE,3,3,0,139.67000000000002,139.67000000000002,0.0
2026-02-20,COMPRESSOR,EXCEL,NOT_APPLICABLE,EXCEL_NON_UJB_CATEGORY,1,1,0,0.0,0.0,0.0
2026-02-20,ELF,EXCEL,NOT_APPLICABLE,EXCEL_OUTSIDE_UJB_COVERAGE,3,3,0,104.36,104.36,0.0
2026-02-20,HEAD_TRUCK,EXCEL,NOT_APPLICABLE,EXCEL_OUTSIDE_UJB_COVERAGE,72,72,0,5679.28,5679.28,0.0
2026-02-20,KEND_OPS,EXCEL,NOT_APPLICABLE,EXCEL_OUTSIDE_UJB_COVERAGE,5,5,0,155.14,155.14,0.0
2026-02-20,MODUL,EXCEL,NOT_APPLICABLE,EXCEL_MODUL_AUTHORITATIVE_WHEN_PRESENT,1,1,0,0.0,0.0,0.0
2026-02-20,RTGC,EXCEL,NOT_APPLICABLE,EXCEL_NON_UJB_CATEGORY,59,59,0,13687.0,13687.0,0.0
2026-02-20,SUPPORT,EXCEL,NOT_APPLICABLE,EXCEL_SUPPORT_RETAINED_FORKLIFT_BRIDGE,3,3,0,0.0,0.0,0.0
2026-02-21,BUS,EXCEL,NOT_APPLICABLE,EXCEL_OUTSIDE_UJB_COVERAGE,3,3,0,146.2,146.2,0.0
2026-02-21,COMPRESSOR,EXCEL,NOT_APPLICABLE,EXCEL_NON_UJB_CATEGORY,1,1,0,0.0,0.0,0.0
2026-02-21,ELF,EXCEL,NOT_APPLICABLE,EXCEL_OUTSIDE_UJB_COVERAGE,3,3,0,101.85,101.85,0.0
2026-02-21,HEAD_TRUCK,EXCEL,NOT_APPLICABLE,EXCEL_OUTSIDE_UJB_COVERAGE,75,75,0,5528.81,5528.81,0.0
2026-02-21,KEND_OPS,EXCEL,NOT_APPLICABLE,EXCEL_OUTSIDE_UJB_COVERAGE,6,6,0,196.31,196.31,0.0
2026-02-21,MODUL,EXCEL,NOT_APPLICABLE,EXCEL_MODUL_AUTHORITATIVE_WHEN_PRESENT,1,1,0,0.0,0.0,0.0
2026-02-21,RTGC,EXCEL,NOT_APPLICABLE,EXCEL_NON_UJB_CATEGORY,59,59,0,11190.0,11190.0,0.0
2026-02-21,SUPPORT,EXCEL,NOT_APPLICABLE,EXCEL_SUPPORT_RETAINED_FORKLIFT_BRIDGE,4,4,0,150.68,150.68,0.0
2026-02-22,BUS,EXCEL,NOT_APPLICABLE,EXCEL_OUTSIDE_UJB_COVERAGE,3,3,0,135.58,135.58,0.0
2026-02-22,COMPRESSOR,EXCEL,NOT_APPLICABLE,EXCEL_NON_UJB_CATEGORY,1,1,0,0.0,0.0,0.0
2026-02-22,ELF,EXCEL,NOT_APPLICABLE,EXCEL_OUTSIDE_UJB_COVERAGE,3,3,0,89.5,89.5,0.0
2026-02-22,HEAD_TRUCK,EXCEL,NOT_APPLICABLE,EXCEL_OUTSIDE_UJB_COVERAGE,73,73,0,5867.4,5867.4,0.0
2026-02-22,KEND_OPS,EXCEL,NOT_APPLICABLE,EXCEL_OUTSIDE_UJB_COVERAGE,3,3,0,98.88,98.88,0.0
2026-02-22,MODUL,EXCEL,NOT_APPLICABLE,EXCEL_MODUL_AUTHORITATIVE_WHEN_PRESENT,1,1,0,0.0,0.0,0.0
2026-02-22,RTGC,EXCEL,NOT_APPLICABLE,EXCEL_NON_UJB_CATEGORY,59,59,0,12828.0,12828.0,0.0
2026-02-22,SUPPORT,EXCEL,NOT_APPLICABLE,EXCEL_SUPPORT_RETAINED_FORKLIFT_BRIDGE,4,4,0,93.41,93.41,0.0
2026-02-23,BUS,EXCEL,NOT_APPLICABLE,EXCEL_OUTSIDE_UJB_COVERAGE,3,3,0,150.0,150.0,0.0
2026-02-23,COMPRESSOR,EXCEL,NOT_APPLICABLE,EXCEL_NON_UJB_CATEGORY,1,1,0,0.0,0.0,0.0
2026-02-23,ELF,EXCEL,NOT_APPLICABLE,EXCEL_OUTSIDE_UJB_COVERAGE,3,3,0,109.58000000000001,109.58000000000001,0.0
2026-02-23,HEAD_TRUCK,EXCEL,NOT_APPLICABLE,EXCEL_OUTSIDE_UJB_COVERAGE,74,74,0,6242.3,6242.3,0.0
2026-02-23,KEND_OPS,EXCEL,NOT_APPLICABLE,EXCEL_OUTSIDE_UJB_COVERAGE,5,5,0,171.19,171.19,0.0
2026-02-23,MODUL,EXCEL,NOT_APPLICABLE,EXCEL_MODUL_AUTHORITATIVE_WHEN_PRESENT,1,1,0,0.0,0.0,0.0
2026-02-23,RTGC,EXCEL,NOT_APPLICABLE,EXCEL_NON_UJB_CATEGORY,59,59,0,13618.0,13618.0,0.0
2026-02-23,SUPPORT,EXCEL,NOT_APPLICABLE,EXCEL_SUPPORT_RETAINED_FORKLIFT_BRIDGE,3,3,0,61.27,61.27,0.0
2026-02-24,BUS,EXCEL,NOT_APPLICABLE,EXCEL_OUTSIDE_UJB_COVERAGE,3,3,0,150.0,150.0,0.0
2026-02-24,COMPRESSOR,EXCEL,NOT_APPLICABLE,EXCEL_NON_UJB_CATEGORY,1,1,0,0.0,0.0,0.0
2026-02-24,ELF,EXCEL,NOT_APPLICABLE,EXCEL_OUTSIDE_UJB_COVERAGE,3,3,0,91.82,91.82,0.0
2026-02-24,HEAD_TRUCK,EXCEL,NOT_APPLICABLE,EXCEL_OUTSIDE_UJB_COVERAGE,74,74,0,5367.22,5367.22,0.0
2026-02-24,KEND_OPS,EXCEL,NOT_APPLICABLE,EXCEL_OUTSIDE_UJB_COVERAGE,5,5,0,188.32999999999998,188.32999999999998,0.0
2026-02-24,MODUL,EXCEL,NOT_APPLICABLE,EXCEL_MODUL_AUTHORITATIVE_WHEN_PRESENT,1,1,0,0.0,0.0,0.0
2026-02-24,RTGC,EXCEL,NOT_APPLICABLE,EXCEL_NON_UJB_CATEGORY,59,59,0,13407.0,13407.0,0.0
2026-02-24,SUPPORT,EXCEL,NOT_APPLICABLE,EXCEL_SUPPORT_RETAINED_FORKLIFT_BRIDGE,5,5,0,84.51,84.51,0.0
2026-02-25,BUS,EXCEL,NOT_APPLICABLE,EXCEL_OUTSIDE_UJB_COVERAGE,3,3,0,150.0,150.0,0.0
2026-02-25,COMPRESSOR,EXCEL,NOT_APPLICABLE,EXCEL_NON_UJB_CATEGORY,1,1,0,0.0,0.0,0.0
2026-02-25,ELF,EXCEL,NOT_APPLICABLE,EXCEL_OUTSIDE_UJB_COVERAGE,3,3,0,97.22,97.22,0.0
2026-02-25,HEAD_TRUCK,EXCEL,NOT_APPLICABLE,EXCEL_OUTSIDE_UJB_COVERAGE,72,72,0,6008.26,6008.26,0.0
2026-02-25,KEND_OPS,EXCEL,NOT_APPLICABLE,EXCEL_OUTSIDE_UJB_COVERAGE,12,12,0,473.01,473.01,0.0
2026-02-25,MODUL,EXCEL,NOT_APPLICABLE,EXCEL_MODUL_AUTHORITATIVE_WHEN_PRESENT,1,1,0,0.0,0.0,0.0
2026-02-25,RTGC,EXCEL,NOT_APPLICABLE,EXCEL_NON_UJB_CATEGORY,59,59,0,13667.0,13667.0,0.0
2026-02-25,SUPPORT,EXCEL,NOT_APPLICABLE,EXCEL_SUPPORT_RETAINED_FORKLIFT_BRIDGE,3,3,0,184.4,184.4,0.0
2026-02-26,BUS,EXCEL,NOT_APPLICABLE,EXCEL_OUTSIDE_UJB_COVERAGE,3,3,0,146.57999999999998,146.57999999999998,0.0
2026-02-26,COMPRESSOR,EXCEL,NOT_APPLICABLE,EXCEL_NON_UJB_CATEGORY,1,1,0,0.0,0.0,0.0
2026-02-26,ELF,EXCEL,NOT_APPLICABLE,EXCEL_OUTSIDE_UJB_COVERAGE,3,3,0,101.87,101.87,0.0
2026-02-26,HEAD_TRUCK,EXCEL,NOT_APPLICABLE,EXCEL_OUTSIDE_UJB_COVERAGE,70,70,0,4730.79,4730.79,0.0
2026-02-26,KEND_OPS,EXCEL,NOT_APPLICABLE,EXCEL_OUTSIDE_UJB_COVERAGE,1,1,0,30.3,30.3,0.0
2026-02-26,MODUL,EXCEL,NOT_APPLICABLE,EXCEL_MODUL_AUTHORITATIVE_WHEN_PRESENT,1,1,0,0.0,0.0,0.0
2026-02-26,RTGC,EXCEL,NOT_APPLICABLE,EXCEL_NON_UJB_CATEGORY,59,59,0,12936.0,12936.0,0.0
2026-02-26,SUPPORT,EXCEL,NOT_APPLICABLE,EXCEL_SUPPORT_RETAINED_FORKLIFT_BRIDGE,5,5,0,179.51,179.51,0.0
2026-02-27,BUS,EXCEL,NOT_APPLICABLE,EXCEL_OUTSIDE_UJB_COVERAGE,2,2,0,98.19,98.19,0.0
2026-02-27,COMPRESSOR,EXCEL,NOT_APPLICABLE,EXCEL_NON_UJB_CATEGORY,1,1,0,0.0,0.0,0.0
2026-02-27,ELF,EXCEL,NOT_APPLICABLE,EXCEL_OUTSIDE_UJB_COVERAGE,3,3,0,105.2,105.2,0.0
2026-02-27,HEAD_TRUCK,EXCEL,NOT_APPLICABLE,EXCEL_OUTSIDE_UJB_COVERAGE,72,72,0,5307.58,5307.58,0.0
2026-02-27,KEND_OPS,EXCEL,NOT_APPLICABLE,EXCEL_OUTSIDE_UJB_COVERAGE,3,3,0,89.56,89.56,0.0
2026-02-27,MODUL,EXCEL,NOT_APPLICABLE,EXCEL_MODUL_AUTHORITATIVE_WHEN_PRESENT,1,1,0,0.0,0.0,0.0
2026-02-27,RTGC,EXCEL,NOT_APPLICABLE,EXCEL_NON_UJB_CATEGORY,59,59,0,11152.0,11152.0,0.0
2026-02-27,SUPPORT,EXCEL,NOT_APPLICABLE,EXCEL_SUPPORT_RETAINED_FORKLIFT_BRIDGE,3,3,0,0.0,0.0,0.0
2026-02-28,BUS,EXCEL,NOT_APPLICABLE,EXCEL_OUTSIDE_UJB_COVERAGE,3,3,0,149.55,149.55,0.0
2026-02-28,COMPRESSOR,EXCEL,NOT_APPLICABLE,EXCEL_NON_UJB_CATEGORY,1,1,0,0.0,0.0,0.0
2026-02-28,ELF,EXCEL,NOT_APPLICABLE,EXCEL_OUTSIDE_UJB_COVERAGE,3,3,0,107.4,107.4,0.0
2026-02-28,HEAD_TRUCK,EXCEL,NOT_APPLICABLE,EXCEL_OUTSIDE_UJB_COVERAGE,68,68,0,5253.0,5253.0,0.0
2026-02-28,KEND_OPS,EXCEL,NOT_APPLICABLE,EXCEL_OUTSIDE_UJB_COVERAGE,5,5,0,150.43,150.43,0.0
2026-02-28,MODUL,EXCEL,NOT_APPLICABLE,EXCEL_MODUL_AUTHORITATIVE_WHEN_PRESENT,1,1,0,0.0,0.0,0.0
2026-02-28,RTGC,EXCEL,NOT_APPLICABLE,EXCEL_NON_UJB_CATEGORY,59,59,0,13314.0,13314.0,0.0
2026-02-28,SUPPORT,EXCEL,NOT_APPLICABLE,EXCEL_SUPPORT_RETAINED_FORKLIFT_BRIDGE,4,4,0,30.03,30.03,0.0
2026-03-01,BUS,EXCEL,NOT_APPLICABLE,EXCEL_OUTSIDE_UJB_COVERAGE,3,3,0,150.0,150.0,0.0
2026-03-01,COMPRESSOR,EXCEL,NOT_APPLICABLE,EXCEL_NON_UJB_CATEGORY,1,1,0,0.0,0.0,0.0
2026-03-01,HEAD_TRUCK,EXCEL,NOT_APPLICABLE,EXCEL_OUTSIDE_UJB_COVERAGE,71,71,0,6037.2,6037.2,0.0
2026-03-01,KEND_OPS,EXCEL,NOT_APPLICABLE,EXCEL_OUTSIDE_UJB_COVERAGE,8,8,0,274.38,274.38,0.0
2026-03-01,MODUL,EXCEL,NOT_APPLICABLE,EXCEL_MODUL_AUTHORITATIVE_WHEN_PRESENT,1,1,0,0.0,0.0,0.0
2026-03-01,RTGC,EXCEL,NOT_APPLICABLE,EXCEL_NON_UJB_CATEGORY,59,59,0,14186.0,14186.0,0.0
2026-03-01,SUPPORT,EXCEL,NOT_APPLICABLE,EXCEL_SUPPORT_RETAINED_FORKLIFT_BRIDGE,4,4,0,20.57,20.57,0.0
2026-03-02,BUS,EXCEL,NOT_APPLICABLE,EXCEL_OUTSIDE_UJB_COVERAGE,3,3,0,149.74,149.74,0.0
2026-03-02,COMPRESSOR,EXCEL,NOT_APPLICABLE,EXCEL_NON_UJB_CATEGORY,1,1,0,0.0,0.0,0.0
2026-03-02,HEAD_TRUCK,EXCEL,NOT_APPLICABLE,EXCEL_OUTSIDE_UJB_COVERAGE,70,70,0,5731.23,5731.23,0.0
2026-03-02,KEND_OPS,EXCEL,NOT_APPLICABLE,EXCEL_OUTSIDE_UJB_COVERAGE,5,5,0,148.74,148.74,0.0
2026-03-02,MODUL,EXCEL,NOT_APPLICABLE,EXCEL_MODUL_AUTHORITATIVE_WHEN_PRESENT,1,1,0,0.0,0.0,0.0
2026-03-02,RTGC,EXCEL,NOT_APPLICABLE,EXCEL_NON_UJB_CATEGORY,59,59,0,13561.0,13561.0,0.0
2026-03-02,SUPPORT,EXCEL,NOT_APPLICABLE,EXCEL_SUPPORT_RETAINED_FORKLIFT_BRIDGE,5,5,0,99.97,99.97,0.0
2026-03-03,BUS,EXCEL,NOT_APPLICABLE,EXCEL_OUTSIDE_UJB_COVERAGE,3,3,0,144.29,144.29,0.0
2026-03-03,COMPRESSOR,EXCEL,NOT_APPLICABLE,EXCEL_NON_UJB_CATEGORY,1,1,0,0.0,0.0,0.0
2026-03-03,HEAD_TRUCK,EXCEL,NOT_APPLICABLE,EXCEL_OUTSIDE_UJB_COVERAGE,76,76,0,6604.84,6604.84,0.0
2026-03-03,KEND_OPS,EXCEL,NOT_APPLICABLE,EXCEL_OUTSIDE_UJB_COVERAGE,4,4,0,139.69,139.69,0.0
2026-03-03,MODUL,EXCEL,NOT_APPLICABLE,EXCEL_MODUL_AUTHORITATIVE_WHEN_PRESENT,1,1,0,0.0,0.0,0.0
2026-03-03,RTGC,EXCEL,NOT_APPLICABLE,EXCEL_NON_UJB_CATEGORY,59,59,0,14181.0,14181.0,0.0
2026-03-03,SUPPORT,EXCEL,NOT_APPLICABLE,EXCEL_SUPPORT_RETAINED_FORKLIFT_BRIDGE,4,4,0,15.24,15.24,0.0
2026-03-04,BUS,EXCEL,NOT_APPLICABLE,EXCEL_OUTSIDE_UJB_COVERAGE,3,3,0,128.72,128.72,0.0
2026-03-04,COMPRESSOR,EXCEL,NOT_APPLICABLE,EXCEL_NON_UJB_CATEGORY,1,1,0,0.0,0.0,0.0
2026-03-04,HEAD_TRUCK,EXCEL,NOT_APPLICABLE,EXCEL_OUTSIDE_UJB_COVERAGE,74,74,0,5515.1,5515.1,0.0
2026-03-04,KEND_OPS,EXCEL,NOT_APPLICABLE,EXCEL_OUTSIDE_UJB_COVERAGE,6,6,0,149.32,149.32,0.0
2026-03-04,MODUL,EXCEL,NOT_APPLICABLE,EXCEL_MODUL_AUTHORITATIVE_WHEN_PRESENT,1,1,0,0.0,0.0,0.0
2026-03-04,RTGC,EXCEL,NOT_APPLICABLE,EXCEL_NON_UJB_CATEGORY,59,59,0,13945.0,13945.0,0.0
2026-03-04,SUPPORT,EXCEL,NOT_APPLICABLE,EXCEL_SUPPORT_RETAINED_FORKLIFT_BRIDGE,4,4,0,56.27,56.27,0.0
2026-03-05,BUS,EXCEL,NOT_APPLICABLE,EXCEL_OUTSIDE_UJB_COVERAGE,3,3,0,150.0,150.0,0.0
2026-03-05,COMPRESSOR,EXCEL,NOT_APPLICABLE,EXCEL_NON_UJB_CATEGORY,1,1,0,0.0,0.0,0.0
2026-03-05,HEAD_TRUCK,EXCEL,NOT_APPLICABLE,EXCEL_OUTSIDE_UJB_COVERAGE,73,73,0,5956.93,5956.93,0.0
2026-03-05,KEND_OPS,EXCEL,NOT_APPLICABLE,EXCEL_OUTSIDE_UJB_COVERAGE,4,4,0,129.24,129.24,0.0
2026-03-05,MODUL,EXCEL,NOT_APPLICABLE,EXCEL_MODUL_AUTHORITATIVE_WHEN_PRESENT,1,1,0,0.0,0.0,0.0
2026-03-05,RTGC,EXCEL,NOT_APPLICABLE,EXCEL_NON_UJB_CATEGORY,59,59,0,14479.0,14479.0,0.0
2026-03-05,SUPPORT,EXCEL,NOT_APPLICABLE,EXCEL_SUPPORT_RETAINED_FORKLIFT_BRIDGE,4,4,0,39.69,39.69,0.0
2026-03-06,BUS,EXCEL,NOT_APPLICABLE,EXCEL_OUTSIDE_UJB_COVERAGE,3,3,0,150.0,150.0,0.0
2026-03-06,COMPRESSOR,EXCEL,NOT_APPLICABLE,EXCEL_NON_UJB_CATEGORY,1,1,0,0.0,0.0,0.0
2026-03-06,HEAD_TRUCK,EXCEL,NOT_APPLICABLE,EXCEL_OUTSIDE_UJB_COVERAGE,73,73,0,6030.6,6030.6,0.0
2026-03-06,KEND_OPS,EXCEL,NOT_APPLICABLE,EXCEL_OUTSIDE_UJB_COVERAGE,6,6,0,240.96,240.96,0.0
2026-03-06,MODUL,EXCEL,NOT_APPLICABLE,EXCEL_MODUL_AUTHORITATIVE_WHEN_PRESENT,1,1,0,0.0,0.0,0.0
2026-03-06,RTGC,EXCEL,NOT_APPLICABLE,EXCEL_NON_UJB_CATEGORY,59,59,0,14005.0,14005.0,0.0
2026-03-06,SUPPORT,EXCEL,NOT_APPLICABLE,EXCEL_SUPPORT_RETAINED_FORKLIFT_BRIDGE,3,3,0,36.42,36.42,0.0
2026-03-07,BUS,EXCEL,NOT_APPLICABLE,EXCEL_OUTSIDE_UJB_COVERAGE,3,3,0,150.0,150.0,0.0
2026-03-07,COMPRESSOR,EXCEL,NOT_APPLICABLE,EXCEL_NON_UJB_CATEGORY,1,1,0,0.0,0.0,0.0
2026-03-07,HEAD_TRUCK,EXCEL,NOT_APPLICABLE,EXCEL_OUTSIDE_UJB_COVERAGE,70,70,0,5714.89,5714.89,0.0
2026-03-07,KEND_OPS,EXCEL,NOT_APPLICABLE,EXCEL_OUTSIDE_UJB_COVERAGE,6,6,0,189.12,189.12,0.0
2026-03-07,MODUL,EXCEL,NOT_APPLICABLE,EXCEL_MODUL_AUTHORITATIVE_WHEN_PRESENT,1,1,0,0.0,0.0,0.0
2026-03-07,RTGC,EXCEL,NOT_APPLICABLE,EXCEL_NON_UJB_CATEGORY,59,59,0,13388.0,13388.0,0.0
2026-03-07,SUPPORT,EXCEL,NOT_APPLICABLE,EXCEL_SUPPORT_RETAINED_FORKLIFT_BRIDGE,3,3,0,25.05,25.05,0.0
2026-03-08,BUS,EXCEL,NOT_APPLICABLE,EXCEL_OUTSIDE_UJB_COVERAGE,3,3,0,145.26,145.26,0.0
2026-03-08,COMPRESSOR,EXCEL,NOT_APPLICABLE,EXCEL_NON_UJB_CATEGORY,1,1,0,0.0,0.0,0.0
2026-03-08,HEAD_TRUCK,EXCEL,NOT_APPLICABLE,EXCEL_OUTSIDE_UJB_COVERAGE,73,73,0,6570.34,6570.34,0.0
2026-03-08,KEND_OPS,EXCEL,NOT_APPLICABLE,EXCEL_OUTSIDE_UJB_COVERAGE,2,2,0,84.56,84.56,0.0
2026-03-08,MODUL,EXCEL,NOT_APPLICABLE,EXCEL_MODUL_AUTHORITATIVE_WHEN_PRESENT,1,1,0,0.0,0.0,0.0
2026-03-08,RTGC,EXCEL,NOT_APPLICABLE,EXCEL_NON_UJB_CATEGORY,59,59,0,13977.0,13977.0,0.0
2026-03-08,SUPPORT,EXCEL,NOT_APPLICABLE,EXCEL_SUPPORT_RETAINED_FORKLIFT_BRIDGE,3,3,0,0.0,0.0,0.0
2026-03-09,BUS,EXCEL,NOT_APPLICABLE,EXCEL_OUTSIDE_UJB_COVERAGE,3,3,0,150.0,150.0,0.0
2026-03-09,COMPRESSOR,EXCEL,NOT_APPLICABLE,EXCEL_NON_UJB_CATEGORY,1,1,0,0.0,0.0,0.0
2026-03-09,HEAD_TRUCK,EXCEL,NOT_APPLICABLE,EXCEL_OUTSIDE_UJB_COVERAGE,73,73,0,5970.18,5970.18,0.0
2026-03-09,KEND_OPS,EXCEL,NOT_APPLICABLE,EXCEL_OUTSIDE_UJB_COVERAGE,7,7,0,245.35,245.35,0.0
2026-03-09,MODUL,EXCEL,NOT_APPLICABLE,EXCEL_MODUL_AUTHORITATIVE_WHEN_PRESENT,1,1,0,0.0,0.0,0.0
2026-03-09,RTGC,EXCEL,NOT_APPLICABLE,EXCEL_NON_UJB_CATEGORY,59,59,0,13208.0,13208.0,0.0
2026-03-09,SUPPORT,EXCEL,NOT_APPLICABLE,EXCEL_SUPPORT_RETAINED_FORKLIFT_BRIDGE,3,3,0,0.0,0.0,0.0
2026-03-10,BUS,EXCEL,NOT_APPLICABLE,EXCEL_OUTSIDE_UJB_COVERAGE,3,3,0,148.32999999999998,148.32999999999998,0.0
2026-03-10,COMPRESSOR,EXCEL,NOT_APPLICABLE,EXCEL_NON_UJB_CATEGORY,1,1,0,0.0,0.0,0.0
2026-03-10,HEAD_TRUCK,EXCEL,NOT_APPLICABLE,EXCEL_OUTSIDE_UJB_COVERAGE,76,76,0,6374.33,6374.33,0.0
2026-03-10,KEND_OPS,EXCEL,NOT_APPLICABLE,EXCEL_OUTSIDE_UJB_COVERAGE,3,3,0,105.49,105.49,0.0
2026-03-10,MODUL,EXCEL,NOT_APPLICABLE,EXCEL_MODUL_AUTHORITATIVE_WHEN_PRESENT,1,1,0,0.0,0.0,0.0
2026-03-10,RTGC,EXCEL,NOT_APPLICABLE,EXCEL_NON_UJB_CATEGORY,59,59,0,13204.0,13204.0,0.0
2026-03-10,SUPPORT,EXCEL,NOT_APPLICABLE,EXCEL_SUPPORT_RETAINED_FORKLIFT_BRIDGE,3,3,0,27.55,27.55,0.0
2026-03-11,BUS,EXCEL,NOT_APPLICABLE,EXCEL_OUTSIDE_UJB_COVERAGE,3,3,0,144.70999999999998,144.70999999999998,0.0
2026-03-11,COMPRESSOR,EXCEL,NOT_APPLICABLE,EXCEL_NON_UJB_CATEGORY,1,1,0,0.0,0.0,0.0
2026-03-11,HEAD_TRUCK,EXCEL,NOT_APPLICABLE,EXCEL_OUTSIDE_UJB_COVERAGE,73,73,0,5880.89,5880.89,0.0
2026-03-11,KEND_OPS,EXCEL,NOT_APPLICABLE,EXCEL_OUTSIDE_UJB_COVERAGE,7,7,0,218.14,218.14,0.0
2026-03-11,MODUL,EXCEL,NOT_APPLICABLE,EXCEL_MODUL_AUTHORITATIVE_WHEN_PRESENT,1,1,0,0.0,0.0,0.0
2026-03-11,RTGC,EXCEL,NOT_APPLICABLE,EXCEL_NON_UJB_CATEGORY,59,59,0,13526.0,13526.0,0.0
2026-03-11,SUPPORT,EXCEL,NOT_APPLICABLE,EXCEL_SUPPORT_RETAINED_FORKLIFT_BRIDGE,3,3,0,25.35,25.35,0.0
2026-03-12,BUS,EXCEL,NOT_APPLICABLE,EXCEL_OUTSIDE_UJB_COVERAGE,3,3,0,150.0,150.0,0.0
2026-03-12,COMPRESSOR,EXCEL,NOT_APPLICABLE,EXCEL_NON_UJB_CATEGORY,1,1,0,0.0,0.0,0.0
2026-03-12,HEAD_TRUCK,EXCEL,NOT_APPLICABLE,EXCEL_OUTSIDE_UJB_COVERAGE,75,75,0,5441.23,5441.23,0.0
2026-03-12,KEND_OPS,EXCEL,NOT_APPLICABLE,EXCEL_OUTSIDE_UJB_COVERAGE,8,8,0,268.54,268.54,0.0
2026-03-12,MODUL,EXCEL,NOT_APPLICABLE,EXCEL_MODUL_AUTHORITATIVE_WHEN_PRESENT,1,1,0,0.0,0.0,0.0
2026-03-12,RTGC,EXCEL,NOT_APPLICABLE,EXCEL_NON_UJB_CATEGORY,59,59,0,14486.0,14486.0,0.0
2026-03-12,SUPPORT,EXCEL,NOT_APPLICABLE,EXCEL_SUPPORT_RETAINED_FORKLIFT_BRIDGE,5,5,0,102.2,102.2,0.0
2026-03-13,BUS,EXCEL,NOT_APPLICABLE,EXCEL_OUTSIDE_UJB_COVERAGE,3,3,0,145.05,145.05,0.0
2026-03-13,COMPRESSOR,EXCEL,NOT_APPLICABLE,EXCEL_NON_UJB_CATEGORY,1,1,0,0.0,0.0,0.0
2026-03-13,HEAD_TRUCK,EXCEL,NOT_APPLICABLE,EXCEL_OUTSIDE_UJB_COVERAGE,72,72,0,5714.37,5714.37,0.0
2026-03-13,KEND_OPS,EXCEL,NOT_APPLICABLE,EXCEL_OUTSIDE_UJB_COVERAGE,7,7,0,257.46000000000004,257.46000000000004,0.0
2026-03-13,MODUL,EXCEL,NOT_APPLICABLE,EXCEL_MODUL_AUTHORITATIVE_WHEN_PRESENT,1,1,0,0.0,0.0,0.0
2026-03-13,RTGC,EXCEL,NOT_APPLICABLE,EXCEL_NON_UJB_CATEGORY,59,59,0,14073.0,14073.0,0.0
2026-03-13,SUPPORT,EXCEL,NOT_APPLICABLE,EXCEL_SUPPORT_RETAINED_FORKLIFT_BRIDGE,3,3,0,0.0,0.0,0.0
2026-03-14,BUS,EXCEL,NOT_APPLICABLE,EXCEL_OUTSIDE_UJB_COVERAGE,3,3,0,143.56,143.56,0.0
2026-03-14,COMPRESSOR,EXCEL,NOT_APPLICABLE,EXCEL_NON_UJB_CATEGORY,1,1,0,0.0,0.0,0.0
2026-03-14,HEAD_TRUCK,EXCEL,NOT_APPLICABLE,EXCEL_OUTSIDE_UJB_COVERAGE,74,74,0,5873.97,5873.97,0.0
2026-03-14,KEND_OPS,EXCEL,NOT_APPLICABLE,EXCEL_OUTSIDE_UJB_COVERAGE,6,6,0,171.63,171.63,0.0
2026-03-14,MODUL,EXCEL,NOT_APPLICABLE,EXCEL_MODUL_AUTHORITATIVE_WHEN_PRESENT,1,1,0,0.0,0.0,0.0
2026-03-14,RTGC,EXCEL,NOT_APPLICABLE,EXCEL_NON_UJB_CATEGORY,59,59,0,13722.0,13722.0,0.0
2026-03-14,SUPPORT,EXCEL,NOT_APPLICABLE,EXCEL_SUPPORT_RETAINED_FORKLIFT_BRIDGE,3,3,0,34.83,34.83,0.0
2026-03-15,BUS,EXCEL,NOT_APPLICABLE,EXCEL_OUTSIDE_UJB_COVERAGE,3,3,0,150.0,150.0,0.0
2026-03-15,COMPRESSOR,EXCEL,NOT_APPLICABLE,EXCEL_NON_UJB_CATEGORY,1,1,0,0.0,0.0,0.0
2026-03-15,HEAD_TRUCK,EXCEL,NOT_APPLICABLE,EXCEL_OUTSIDE_UJB_COVERAGE,73,73,0,6348.54,6348.54,0.0
2026-03-15,KEND_OPS,EXCEL,NOT_APPLICABLE,EXCEL_OUTSIDE_UJB_COVERAGE,4,4,0,191.67000000000002,191.67000000000002,0.0
2026-03-15,MODUL,EXCEL,NOT_APPLICABLE,EXCEL_MODUL_AUTHORITATIVE_WHEN_PRESENT,1,1,0,0.0,0.0,0.0
2026-03-15,RTGC,EXCEL,NOT_APPLICABLE,EXCEL_NON_UJB_CATEGORY,59,59,0,14559.0,14559.0,0.0
2026-03-15,SUPPORT,EXCEL,NOT_APPLICABLE,EXCEL_SUPPORT_RETAINED_FORKLIFT_BRIDGE,3,3,0,17.73,17.73,0.0
2026-03-16,BUS,EXCEL,NOT_APPLICABLE,EXCEL_OUTSIDE_UJB_COVERAGE,3,3,0,150.0,150.0,0.0
2026-03-16,COMPRESSOR,EXCEL,NOT_APPLICABLE,EXCEL_NON_UJB_CATEGORY,1,1,0,0.0,0.0,0.0
2026-03-16,HEAD_TRUCK,EXCEL,NOT_APPLICABLE,EXCEL_OUTSIDE_UJB_COVERAGE,72,72,0,6093.04,6093.04,0.0
2026-03-16,KEND_OPS,EXCEL,NOT_APPLICABLE,EXCEL_OUTSIDE_UJB_COVERAGE,5,5,0,181.6,181.6,0.0
2026-03-16,MODUL,EXCEL,NOT_APPLICABLE,EXCEL_MODUL_AUTHORITATIVE_WHEN_PRESENT,1,1,0,0.0,0.0,0.0
2026-03-16,RTGC,EXCEL,NOT_APPLICABLE,EXCEL_NON_UJB_CATEGORY,59,59,0,13927.0,13927.0,0.0
2026-03-16,SUPPORT,EXCEL,NOT_APPLICABLE,EXCEL_SUPPORT_RETAINED_FORKLIFT_BRIDGE,4,4,0,100.31,100.31,0.0
2026-03-17,BUS,EXCEL,NOT_APPLICABLE,EXCEL_OUTSIDE_UJB_COVERAGE,3,3,0,150.0,150.0,0.0
2026-03-17,COMPRESSOR,EXCEL,NOT_APPLICABLE,EXCEL_NON_UJB_CATEGORY,1,1,0,0.0,0.0,0.0
2026-03-17,HEAD_TRUCK,EXCEL,NOT_APPLICABLE,EXCEL_OUTSIDE_UJB_COVERAGE,74,74,0,5827.09,5827.09,0.0
2026-03-17,KEND_OPS,EXCEL,NOT_APPLICABLE,EXCEL_OUTSIDE_UJB_COVERAGE,4,4,0,158.02,158.02,0.0
2026-03-17,MODUL,EXCEL,NOT_APPLICABLE,EXCEL_MODUL_AUTHORITATIVE_WHEN_PRESENT,1,1,0,0.0,0.0,0.0
2026-03-17,RTGC,EXCEL,NOT_APPLICABLE,EXCEL_NON_UJB_CATEGORY,59,59,0,14247.0,14247.0,0.0
2026-03-17,SUPPORT,EXCEL,NOT_APPLICABLE,EXCEL_SUPPORT_RETAINED_FORKLIFT_BRIDGE,3,3,0,33.64,33.64,0.0
2026-03-18,BUS,EXCEL,NOT_APPLICABLE,EXCEL_OUTSIDE_UJB_COVERAGE,3,3,0,146.99,146.99,0.0
2026-03-18,COMPRESSOR,EXCEL,NOT_APPLICABLE,EXCEL_NON_UJB_CATEGORY,1,1,0,0.0,0.0,0.0
2026-03-18,HEAD_TRUCK,EXCEL,NOT_APPLICABLE,EXCEL_OUTSIDE_UJB_COVERAGE,74,74,0,5139.84,5139.84,0.0
2026-03-18,KEND_OPS,EXCEL,NOT_APPLICABLE,EXCEL_OUTSIDE_UJB_COVERAGE,3,3,0,89.59,89.59,0.0
2026-03-18,MODUL,EXCEL,NOT_APPLICABLE,EXCEL_MODUL_AUTHORITATIVE_WHEN_PRESENT,1,1,0,0.0,0.0,0.0
2026-03-18,RTGC,EXCEL,NOT_APPLICABLE,EXCEL_NON_UJB_CATEGORY,59,59,0,14645.0,14645.0,0.0
2026-03-18,SUPPORT,EXCEL,NOT_APPLICABLE,EXCEL_SUPPORT_RETAINED_FORKLIFT_BRIDGE,3,3,0,26.05,26.05,0.0
2026-03-19,BUS,EXCEL,NOT_APPLICABLE,EXCEL_OUTSIDE_UJB_COVERAGE,3,3,0,150.0,150.0,0.0
2026-03-19,COMPRESSOR,EXCEL,NOT_APPLICABLE,EXCEL_NON_UJB_CATEGORY,1,1,0,0.0,0.0,0.0
2026-03-19,HEAD_TRUCK,EXCEL,NOT_APPLICABLE,EXCEL_OUTSIDE_UJB_COVERAGE,78,78,0,6697.51,6697.51,0.0
2026-03-19,KEND_OPS,EXCEL,NOT_APPLICABLE,EXCEL_OUTSIDE_UJB_COVERAGE,5,5,0,174.88,174.88,0.0
2026-03-19,MODUL,EXCEL,NOT_APPLICABLE,EXCEL_MODUL_AUTHORITATIVE_WHEN_PRESENT,1,1,0,0.0,0.0,0.0
2026-03-19,RTGC,EXCEL,NOT_APPLICABLE,EXCEL_NON_UJB_CATEGORY,59,59,0,13502.001201,13502.001201,0.0
2026-03-19,SUPPORT,EXCEL,NOT_APPLICABLE,EXCEL_SUPPORT_RETAINED_FORKLIFT_BRIDGE,3,3,0,37.31,37.31,0.0
2026-03-20,BUS,EXCEL,NOT_APPLICABLE,EXCEL_OUTSIDE_UJB_COVERAGE,3,3,0,143.45,143.45,0.0
2026-03-20,COMPRESSOR,EXCEL,NOT_APPLICABLE,EXCEL_NON_UJB_CATEGORY,1,1,0,0.0,0.0,0.0
2026-03-20,HEAD_TRUCK,EXCEL,NOT_APPLICABLE,EXCEL_OUTSIDE_UJB_COVERAGE,76,76,0,5075.28,5075.28,0.0
2026-03-20,KEND_OPS,EXCEL,NOT_APPLICABLE,EXCEL_OUTSIDE_UJB_COVERAGE,1,1,0,40.0,40.0,0.0
2026-03-20,MODUL,EXCEL,NOT_APPLICABLE,EXCEL_MODUL_AUTHORITATIVE_WHEN_PRESENT,1,1,0,0.0,0.0,0.0
2026-03-20,RTGC,EXCEL,NOT_APPLICABLE,EXCEL_NON_UJB_CATEGORY,59,59,0,14420.0,14420.0,0.0
2026-03-20,SUPPORT,EXCEL,NOT_APPLICABLE,EXCEL_SUPPORT_RETAINED_FORKLIFT_BRIDGE,3,3,0,14.56,14.56,0.0
2026-03-21,COMPRESSOR,EXCEL,NOT_APPLICABLE,EXCEL_NON_UJB_CATEGORY,1,1,0,0.0,0.0,0.0
2026-03-21,MODUL,EXCEL,NOT_APPLICABLE,EXCEL_MODUL_AUTHORITATIVE_WHEN_PRESENT,1,1,0,0.0,0.0,0.0
2026-03-21,SUPPORT,EXCEL,NOT_APPLICABLE,EXCEL_SUPPORT_RETAINED_FORKLIFT_BRIDGE,2,2,0,0.0,0.0,0.0
2026-03-22,BUS,EXCEL,NOT_APPLICABLE,EXCEL_OUTSIDE_UJB_COVERAGE,3,3,0,140.53,140.53,0.0
2026-03-22,COMPRESSOR,EXCEL,NOT_APPLICABLE,EXCEL_NON_UJB_CATEGORY,1,1,0,0.0,0.0,0.0
2026-03-22,HEAD_TRUCK,EXCEL,NOT_APPLICABLE,EXCEL_OUTSIDE_UJB_COVERAGE,75,75,0,5537.81,5537.81,0.0
2026-03-22,KEND_OPS,EXCEL,NOT_APPLICABLE,EXCEL_OUTSIDE_UJB_COVERAGE,4,4,0,86.41,86.41,0.0
2026-03-22,MODUL,EXCEL,NOT_APPLICABLE,EXCEL_MODUL_AUTHORITATIVE_WHEN_PRESENT,1,1,0,0.0,0.0,0.0
2026-03-22,RTGC,EXCEL,NOT_APPLICABLE,EXCEL_NON_UJB_CATEGORY,59,59,0,10182.0,10182.0,0.0
2026-03-22,SUPPORT,EXCEL,NOT_APPLICABLE,EXCEL_SUPPORT_RETAINED_FORKLIFT_BRIDGE,3,3,0,14.28,14.28,0.0
2026-03-23,BUS,EXCEL,NOT_APPLICABLE,EXCEL_OUTSIDE_UJB_COVERAGE,3,3,0,135.45,135.45,0.0
2026-03-23,COMPRESSOR,EXCEL,NOT_APPLICABLE,EXCEL_NON_UJB_CATEGORY,1,1,0,0.0,0.0,0.0
2026-03-23,HEAD_TRUCK,EXCEL,NOT_APPLICABLE,EXCEL_OUTSIDE_UJB_COVERAGE,73,73,0,6108.6,6108.6,0.0
2026-03-23,KEND_OPS,EXCEL,NOT_APPLICABLE,EXCEL_OUTSIDE_UJB_COVERAGE,5,5,0,180.0,180.0,0.0
2026-03-23,MODUL,EXCEL,NOT_APPLICABLE,EXCEL_MODUL_AUTHORITATIVE_WHEN_PRESENT,1,1,0,0.0,0.0,0.0
2026-03-23,RTGC,EXCEL,NOT_APPLICABLE,EXCEL_NON_UJB_CATEGORY,59,59,0,8959.0,8959.0,0.0
2026-03-23,SUPPORT,EXCEL,NOT_APPLICABLE,EXCEL_SUPPORT_RETAINED_FORKLIFT_BRIDGE,4,4,0,60.129999999999995,60.129999999999995,0.0
2026-03-24,BUS,EXCEL,NOT_APPLICABLE,EXCEL_OUTSIDE_UJB_COVERAGE,3,3,0,149.81,149.81,0.0
2026-03-24,COMPRESSOR,EXCEL,NOT_APPLICABLE,EXCEL_NON_UJB_CATEGORY,1,1,0,0.0,0.0,0.0
2026-03-24,HEAD_TRUCK,EXCEL,NOT_APPLICABLE,EXCEL_OUTSIDE_UJB_COVERAGE,72,72,0,6151.17,6151.17,0.0
2026-03-24,KEND_OPS,EXCEL,NOT_APPLICABLE,EXCEL_OUTSIDE_UJB_COVERAGE,5,5,0,140.66,140.66,0.0
2026-03-24,MODUL,EXCEL,NOT_APPLICABLE,EXCEL_MODUL_AUTHORITATIVE_WHEN_PRESENT,1,1,0,0.0,0.0,0.0
2026-03-24,RTGC,EXCEL,NOT_APPLICABLE,EXCEL_NON_UJB_CATEGORY,59,59,0,9362.0,9362.0,0.0
2026-03-24,SUPPORT,EXCEL,NOT_APPLICABLE,EXCEL_SUPPORT_RETAINED_FORKLIFT_BRIDGE,3,3,0,15.52,15.52,0.0
2026-03-25,BUS,EXCEL,NOT_APPLICABLE,EXCEL_OUTSIDE_UJB_COVERAGE,3,3,0,150.0,150.0,0.0
2026-03-25,COMPRESSOR,EXCEL,NOT_APPLICABLE,EXCEL_NON_UJB_CATEGORY,1,1,0,0.0,0.0,0.0
2026-03-25,HEAD_TRUCK,EXCEL,NOT_APPLICABLE,EXCEL_OUTSIDE_UJB_COVERAGE,73,73,0,6125.62,6125.62,0.0
2026-03-25,KEND_OPS,EXCEL,NOT_APPLICABLE,EXCEL_OUTSIDE_UJB_COVERAGE,5,5,0,195.21,195.21,0.0
2026-03-25,MODUL,EXCEL,NOT_APPLICABLE,EXCEL_MODUL_AUTHORITATIVE_WHEN_PRESENT,1,1,0,0.0,0.0,0.0
2026-03-25,RTGC,EXCEL,NOT_APPLICABLE,EXCEL_NON_UJB_CATEGORY,59,59,0,8262.0,8262.0,0.0
2026-03-25,SUPPORT,EXCEL,NOT_APPLICABLE,EXCEL_SUPPORT_RETAINED_FORKLIFT_BRIDGE,3,3,0,0.0,0.0,0.0
2026-03-26,BUS,EXCEL,NOT_APPLICABLE,EXCEL_OUTSIDE_UJB_COVERAGE,3,3,0,134.65,134.65,0.0
2026-03-26,COMPRESSOR,EXCEL,NOT_APPLICABLE,EXCEL_NON_UJB_CATEGORY,1,1,0,0.0,0.0,0.0
2026-03-26,HEAD_TRUCK,EXCEL,NOT_APPLICABLE,EXCEL_OUTSIDE_UJB_COVERAGE,72,72,0,4178.72,4178.72,0.0
2026-03-26,KEND_OPS,EXCEL,NOT_APPLICABLE,EXCEL_OUTSIDE_UJB_COVERAGE,2,2,0,60.19,60.19,0.0
2026-03-26,MODUL,EXCEL,NOT_APPLICABLE,EXCEL_MODUL_AUTHORITATIVE_WHEN_PRESENT,1,1,0,0.0,0.0,0.0
2026-03-26,RTGC,EXCEL,NOT_APPLICABLE,EXCEL_NON_UJB_CATEGORY,59,59,0,9168.0,9168.0,0.0
2026-03-26,SUPPORT,EXCEL,NOT_APPLICABLE,EXCEL_SUPPORT_RETAINED_FORKLIFT_BRIDGE,3,3,0,35.53,35.53,0.0
2026-03-27,BUS,EXCEL,NOT_APPLICABLE,EXCEL_OUTSIDE_UJB_COVERAGE,3,3,0,138.98000000000002,138.98000000000002,0.0
2026-03-27,COMPRESSOR,EXCEL,NOT_APPLICABLE,EXCEL_NON_UJB_CATEGORY,1,1,0,0.0,0.0,0.0
2026-03-27,HEAD_TRUCK,EXCEL,NOT_APPLICABLE,EXCEL_OUTSIDE_UJB_COVERAGE,75,75,0,4667.74,4667.74,0.0
2026-03-27,KEND_OPS,EXCEL,NOT_APPLICABLE,EXCEL_OUTSIDE_UJB_COVERAGE,7,7,0,224.81,224.81,0.0
2026-03-27,MODUL,EXCEL,NOT_APPLICABLE,EXCEL_MODUL_AUTHORITATIVE_WHEN_PRESENT,1,1,0,0.0,0.0,0.0
2026-03-27,RTGC,EXCEL,NOT_APPLICABLE,EXCEL_NON_UJB_CATEGORY,59,59,0,9031.0,9031.0,0.0
2026-03-27,SUPPORT,EXCEL,NOT_APPLICABLE,EXCEL_SUPPORT_RETAINED_FORKLIFT_BRIDGE,4,4,0,18.21,18.21,0.0
2026-03-28,BUS,EXCEL,NOT_APPLICABLE,EXCEL_OUTSIDE_UJB_COVERAGE,3,3,0,139.03,139.03,0.0
2026-03-28,COMPRESSOR,EXCEL,NOT_APPLICABLE,EXCEL_NON_UJB_CATEGORY,1,1,0,0.0,0.0,0.0
2026-03-28,HEAD_TRUCK,EXCEL,NOT_APPLICABLE,EXCEL_OUTSIDE_UJB_COVERAGE,80,80,0,6476.02,6476.02,0.0
2026-03-28,KEND_OPS,EXCEL,NOT_APPLICABLE,EXCEL_OUTSIDE_UJB_COVERAGE,3,3,0,128.74,128.74,0.0
2026-03-28,MODUL,EXCEL,NOT_APPLICABLE,EXCEL_MODUL_AUTHORITATIVE_WHEN_PRESENT,1,1,0,0.0,0.0,0.0
2026-03-28,RTGC,EXCEL,NOT_APPLICABLE,EXCEL_NON_UJB_CATEGORY,59,59,0,10030.0,10030.0,0.0
2026-03-28,SUPPORT,EXCEL,NOT_APPLICABLE,EXCEL_SUPPORT_RETAINED_FORKLIFT_BRIDGE,3,3,0,15.1,15.1,0.0
2026-03-29,BUS,EXCEL,NOT_APPLICABLE,EXCEL_OUTSIDE_UJB_COVERAGE,3,3,0,120.35,120.35,0.0
2026-03-29,COMPRESSOR,EXCEL,NOT_APPLICABLE,EXCEL_NON_UJB_CATEGORY,1,1,0,0.0,0.0,0.0
2026-03-29,ELF,EXCEL,NOT_APPLICABLE,EXCEL_OUTSIDE_UJB_COVERAGE,2,2,0,66.13,66.13,0.0
2026-03-29,HEAD_TRUCK,EXCEL,NOT_APPLICABLE,EXCEL_OUTSIDE_UJB_COVERAGE,71,71,0,4829.14,4829.14,0.0
2026-03-29,KEND_OPS,EXCEL,NOT_APPLICABLE,EXCEL_OUTSIDE_UJB_COVERAGE,3,3,0,97.13,97.13,0.0
2026-03-29,MODUL,EXCEL,NOT_APPLICABLE,EXCEL_MODUL_AUTHORITATIVE_WHEN_PRESENT,1,1,0,0.0,0.0,0.0
2026-03-29,RTGC,EXCEL,NOT_APPLICABLE,EXCEL_NON_UJB_CATEGORY,59,59,0,9177.0,9177.0,0.0
2026-03-29,SUPPORT,EXCEL,NOT_APPLICABLE,EXCEL_SUPPORT_RETAINED_FORKLIFT_BRIDGE,3,3,0,15.3,15.3,0.0
2026-03-30,BUS,EXCEL,NOT_APPLICABLE,EXCEL_OUTSIDE_UJB_COVERAGE,3,3,0,108.35,108.35,0.0
2026-03-30,COMPRESSOR,EXCEL,NOT_APPLICABLE,EXCEL_NON_UJB_CATEGORY,1,1,0,0.0,0.0,0.0
2026-03-30,HEAD_TRUCK,EXCEL,NOT_APPLICABLE,EXCEL_OUTSIDE_UJB_COVERAGE,70,70,0,1235.28,1235.28,0.0
2026-03-30,KEND_OPS,EXCEL,NOT_APPLICABLE,EXCEL_OUTSIDE_UJB_COVERAGE,12,12,0,370.21,370.21,0.0
2026-03-30,MODUL,EXCEL,NOT_APPLICABLE,EXCEL_MODUL_AUTHORITATIVE_WHEN_PRESENT,1,1,0,0.0,0.0,0.0
2026-03-30,RTGC,EXCEL,NOT_APPLICABLE,EXCEL_NON_UJB_CATEGORY,59,59,0,6387.0,6387.0,0.0
2026-03-30,SUPPORT,EXCEL,NOT_APPLICABLE,EXCEL_SUPPORT_RETAINED_FORKLIFT_BRIDGE,3,3,0,19.52,19.52,0.0
2026-03-31,BUS,EXCEL,NOT_APPLICABLE,EXCEL_OUTSIDE_UJB_COVERAGE,3,3,0,142.54,142.54,0.0
2026-03-31,COMPRESSOR,EXCEL,NOT_APPLICABLE,EXCEL_NON_UJB_CATEGORY,1,1,0,0.0,0.0,0.0
2026-03-31,HEAD_TRUCK,EXCEL,NOT_APPLICABLE,EXCEL_OUTSIDE_UJB_COVERAGE,78,78,0,5347.89,5347.89,0.0
2026-03-31,KEND_OPS,EXCEL,NOT_APPLICABLE,EXCEL_OUTSIDE_UJB_COVERAGE,5,5,0,176.38,176.38,0.0
2026-03-31,MODUL,EXCEL,NOT_APPLICABLE,EXCEL_MODUL_AUTHORITATIVE_WHEN_PRESENT,3,3,0,4686.0,4686.0,0.0
2026-03-31,RTGC,EXCEL,NOT_APPLICABLE,EXCEL_NON_UJB_CATEGORY,59,59,0,9736.0,9736.0,0.0
2026-03-31,SUPPORT,EXCEL,NOT_APPLICABLE,EXCEL_SUPPORT_RETAINED_FORKLIFT_BRIDGE,5,5,0,77.67,77.67,0.0
2026-04-01,BUS,EXCEL,NOT_APPLICABLE,EXCEL_OUTSIDE_UJB_COVERAGE,3,3,0,152.86,152.86,0.0
2026-04-01,HEAD_TRUCK,EXCEL,NOT_APPLICABLE,EXCEL_OUTSIDE_UJB_COVERAGE,78,78,0,6727.17,6727.17,0.0
2026-04-01,KEND_OPS,EXCEL,NOT_APPLICABLE,EXCEL_OUTSIDE_UJB_COVERAGE,5,5,0,166.19,166.19,0.0
2026-04-01,RTGC,EXCEL,NOT_APPLICABLE,EXCEL_NON_UJB_CATEGORY,59,59,0,2908.0,2908.0,0.0
2026-04-01,SUPPORT,EXCEL,NOT_APPLICABLE,EXCEL_SUPPORT_RETAINED_FORKLIFT_BRIDGE,1,1,0,18.49,18.49,0.0
2026-04-02,BUS,EXCEL,NOT_APPLICABLE,EXCEL_OUTSIDE_UJB_COVERAGE,3,3,0,149.62,149.62,0.0
2026-04-02,HEAD_TRUCK,EXCEL,NOT_APPLICABLE,EXCEL_OUTSIDE_UJB_COVERAGE,73,73,0,4408.49,4408.49,0.0
2026-04-02,KEND_OPS,EXCEL,NOT_APPLICABLE,EXCEL_OUTSIDE_UJB_COVERAGE,2,2,0,63.260000000000005,63.260000000000005,0.0
2026-04-02,RTGC,EXCEL,NOT_APPLICABLE,EXCEL_NON_UJB_CATEGORY,59,59,0,19023.0,19023.0,0.0
2026-04-02,SUPPORT,EXCEL,NOT_APPLICABLE,EXCEL_SUPPORT_RETAINED_FORKLIFT_BRIDGE,1,1,0,44.55,44.55,0.0
2026-04-03,BUS,EXCEL,NOT_APPLICABLE,EXCEL_OUTSIDE_UJB_COVERAGE,3,3,0,146.84,146.84,0.0
2026-04-03,HEAD_TRUCK,EXCEL,NOT_APPLICABLE,EXCEL_OUTSIDE_UJB_COVERAGE,73,73,0,4289.43,4289.43,0.0
2026-04-03,KEND_OPS,EXCEL,NOT_APPLICABLE,EXCEL_OUTSIDE_UJB_COVERAGE,2,2,0,91.66,91.66,0.0
2026-04-03,RTGC,EXCEL,NOT_APPLICABLE,EXCEL_NON_UJB_CATEGORY,59,59,0,9404.0,9404.0,0.0
2026-04-03,SUPPORT,EXCEL,NOT_APPLICABLE,EXCEL_SUPPORT_RETAINED_FORKLIFT_BRIDGE,1,1,0,22.79,22.79,0.0
2026-04-04,BUS,EXCEL,NOT_APPLICABLE,EXCEL_OUTSIDE_UJB_COVERAGE,3,3,0,145.44,145.44,0.0
2026-04-04,HEAD_TRUCK,EXCEL,NOT_APPLICABLE,EXCEL_OUTSIDE_UJB_COVERAGE,77,77,0,6663.41,6663.41,0.0
2026-04-04,KEND_OPS,EXCEL,NOT_APPLICABLE,EXCEL_OUTSIDE_UJB_COVERAGE,6,6,0,211.08,211.08,0.0
2026-04-04,RTGC,EXCEL,NOT_APPLICABLE,EXCEL_NON_UJB_CATEGORY,59,59,0,10538.0,10538.0,0.0
2026-04-04,SUPPORT,EXCEL,NOT_APPLICABLE,EXCEL_SUPPORT_RETAINED_FORKLIFT_BRIDGE,1,1,0,0.0,0.0,0.0
2026-04-05,BUS,EXCEL,NOT_APPLICABLE,EXCEL_OUTSIDE_UJB_COVERAGE,3,3,0,126.68,126.68,0.0
2026-04-05,HEAD_TRUCK,EXCEL,NOT_APPLICABLE,EXCEL_OUTSIDE_UJB_COVERAGE,68,68,0,5048.38,5048.38,0.0
2026-04-05,KEND_OPS,EXCEL,NOT_APPLICABLE,EXCEL_OUTSIDE_UJB_COVERAGE,7,7,0,246.64,246.64,0.0
2026-04-05,RTGC,EXCEL,NOT_APPLICABLE,EXCEL_NON_UJB_CATEGORY,59,59,0,9826.0,9826.0,0.0
2026-04-05,SUPPORT,EXCEL,NOT_APPLICABLE,EXCEL_SUPPORT_RETAINED_FORKLIFT_BRIDGE,1,1,0,26.2,26.2,0.0
2026-04-06,BUS,EXCEL,NOT_APPLICABLE,EXCEL_OUTSIDE_UJB_COVERAGE,3,3,0,145.86,145.86,0.0
2026-04-06,HEAD_TRUCK,EXCEL,NOT_APPLICABLE,EXCEL_OUTSIDE_UJB_COVERAGE,67,67,0,5726.0199999999995,5726.0199999999995,0.0
2026-04-06,KEND_OPS,EXCEL,NOT_APPLICABLE,EXCEL_OUTSIDE_UJB_COVERAGE,4,4,0,193.32999999999998,193.32999999999998,0.0
2026-04-06,RTGC,EXCEL,NOT_APPLICABLE,EXCEL_NON_UJB_CATEGORY,59,59,0,9740.0,9740.0,0.0
2026-04-06,SUPPORT,EXCEL,NOT_APPLICABLE,EXCEL_SUPPORT_RETAINED_FORKLIFT_BRIDGE,1,1,0,31.1,31.1,0.0
2026-04-07,BUS,EXCEL,NOT_APPLICABLE,EXCEL_OUTSIDE_UJB_COVERAGE,3,3,0,137.79,137.79,0.0
2026-04-07,HEAD_TRUCK,EXCEL,NOT_APPLICABLE,EXCEL_OUTSIDE_UJB_COVERAGE,73,73,0,5909.01,5909.01,0.0
2026-04-07,KEND_OPS,EXCEL,NOT_APPLICABLE,EXCEL_OUTSIDE_UJB_COVERAGE,5,5,0,176.51,176.51,0.0
2026-04-07,RTGC,EXCEL,NOT_APPLICABLE,EXCEL_NON_UJB_CATEGORY,59,59,0,11585.0,11585.0,0.0
2026-04-07,SUPPORT,EXCEL,NOT_APPLICABLE,EXCEL_SUPPORT_RETAINED_FORKLIFT_BRIDGE,2,2,0,61.78,61.78,0.0
2026-04-08,BUS,EXCEL,NOT_APPLICABLE,EXCEL_OUTSIDE_UJB_COVERAGE,3,3,0,147.85,147.85,0.0
2026-04-08,HEAD_TRUCK,EXCEL,NOT_APPLICABLE,EXCEL_OUTSIDE_UJB_COVERAGE,74,74,0,6550.39,6550.39,0.0
2026-04-08,KEND_OPS,EXCEL,NOT_APPLICABLE,EXCEL_OUTSIDE_UJB_COVERAGE,5,5,0,146.26,146.26,0.0
2026-04-08,RTGC,EXCEL,NOT_APPLICABLE,EXCEL_NON_UJB_CATEGORY,58,58,0,12627.0,12627.0,0.0
2026-04-08,SUPPORT,EXCEL,NOT_APPLICABLE,EXCEL_SUPPORT_RETAINED_FORKLIFT_BRIDGE,2,2,0,57.879999999999995,57.879999999999995,0.0
2026-04-09,BUS,EXCEL,NOT_APPLICABLE,EXCEL_OUTSIDE_UJB_COVERAGE,3,3,0,123.68,123.68,0.0
2026-04-09,HEAD_TRUCK,EXCEL,NOT_APPLICABLE,EXCEL_OUTSIDE_UJB_COVERAGE,72,72,0,5617.46,5617.46,0.0
2026-04-09,KEND_OPS,EXCEL,NOT_APPLICABLE,EXCEL_OUTSIDE_UJB_COVERAGE,5,5,0,185.53,185.53,0.0
2026-04-09,RTGC,EXCEL,NOT_APPLICABLE,EXCEL_NON_UJB_CATEGORY,58,58,0,13591.0,13591.0,0.0
2026-04-09,SUPPORT,EXCEL,NOT_APPLICABLE,EXCEL_SUPPORT_RETAINED_FORKLIFT_BRIDGE,1,1,0,20.66,20.66,0.0
2026-04-10,BUS,EXCEL,NOT_APPLICABLE,EXCEL_OUTSIDE_UJB_COVERAGE,3,3,0,81.49,81.49,0.0
2026-04-10,HEAD_TRUCK,EXCEL,NOT_APPLICABLE,EXCEL_OUTSIDE_UJB_COVERAGE,76,76,0,5726.39,5726.39,0.0
2026-04-10,KEND_OPS,EXCEL,NOT_APPLICABLE,EXCEL_OUTSIDE_UJB_COVERAGE,5,5,0,157.12,157.12,0.0
2026-04-10,RTGC,EXCEL,NOT_APPLICABLE,EXCEL_NON_UJB_CATEGORY,58,58,0,11721.0,11721.0,0.0
2026-04-10,SUPPORT,EXCEL,NOT_APPLICABLE,EXCEL_SUPPORT_RETAINED_FORKLIFT_BRIDGE,1,1,0,18.85,18.85,0.0
2026-04-11,BUS,EXCEL,NOT_APPLICABLE,EXCEL_OUTSIDE_UJB_COVERAGE,3,3,0,140.96,140.96,0.0
2026-04-11,HEAD_TRUCK,EXCEL,NOT_APPLICABLE,EXCEL_OUTSIDE_UJB_COVERAGE,76,76,0,6289.39,6289.39,0.0
2026-04-11,KEND_OPS,EXCEL,NOT_APPLICABLE,EXCEL_OUTSIDE_UJB_COVERAGE,2,2,0,74.68,74.68,0.0
2026-04-11,RTGC,EXCEL,NOT_APPLICABLE,EXCEL_NON_UJB_CATEGORY,58,58,0,12145.0,12145.0,0.0
2026-04-11,SUPPORT,EXCEL,NOT_APPLICABLE,EXCEL_SUPPORT_RETAINED_FORKLIFT_BRIDGE,1,1,0,14.72,14.72,0.0
2026-04-12,BUS,EXCEL,NOT_APPLICABLE,EXCEL_OUTSIDE_UJB_COVERAGE,3,3,0,142.91,142.91,0.0
2026-04-12,HEAD_TRUCK,EXCEL,NOT_APPLICABLE,EXCEL_OUTSIDE_UJB_COVERAGE,74,74,0,6194.21,6194.21,0.0
2026-04-12,KEND_OPS,EXCEL,NOT_APPLICABLE,EXCEL_OUTSIDE_UJB_COVERAGE,7,7,0,284.18,284.18,0.0
2026-04-12,RTGC,EXCEL,NOT_APPLICABLE,EXCEL_NON_UJB_CATEGORY,58,58,0,11200.0,11200.0,0.0
2026-04-12,SUPPORT,EXCEL,NOT_APPLICABLE,EXCEL_SUPPORT_RETAINED_FORKLIFT_BRIDGE,1,1,0,16.35,16.35,0.0
2026-04-13,BUS,EXCEL,NOT_APPLICABLE,EXCEL_OUTSIDE_UJB_COVERAGE,3,3,0,137.34,137.34,0.0
2026-04-13,HEAD_TRUCK,EXCEL,NOT_APPLICABLE,EXCEL_OUTSIDE_UJB_COVERAGE,74,74,0,6757.62,6757.62,0.0
2026-04-13,KEND_OPS,EXCEL,NOT_APPLICABLE,EXCEL_OUTSIDE_UJB_COVERAGE,5,5,0,228.61,228.61,0.0
2026-04-13,RTGC,EXCEL,NOT_APPLICABLE,EXCEL_NON_UJB_CATEGORY,58,58,0,9628.0,9628.0,0.0
2026-04-13,SUPPORT,EXCEL,NOT_APPLICABLE,EXCEL_SUPPORT_RETAINED_FORKLIFT_BRIDGE,2,2,0,48.72,48.72,0.0
2026-04-14,BUS,EXCEL,NOT_APPLICABLE,EXCEL_OUTSIDE_UJB_COVERAGE,3,3,0,143.75,143.75,0.0
2026-04-14,HEAD_TRUCK,EXCEL,NOT_APPLICABLE,EXCEL_OUTSIDE_UJB_COVERAGE,78,78,0,6005.35,6005.35,0.0
2026-04-14,KEND_OPS,EXCEL,NOT_APPLICABLE,EXCEL_OUTSIDE_UJB_COVERAGE,5,5,0,180.1,180.1,0.0
2026-04-14,RTGC,EXCEL,NOT_APPLICABLE,EXCEL_NON_UJB_CATEGORY,58,58,0,11886.0,11886.0,0.0
2026-04-14,SUPPORT,EXCEL,NOT_APPLICABLE,EXCEL_SUPPORT_RETAINED_FORKLIFT_BRIDGE,2,2,0,72.48,72.48,0.0
2026-04-15,BUS,EXCEL,NOT_APPLICABLE,EXCEL_OUTSIDE_UJB_COVERAGE,3,3,0,141.32,141.32,0.0
2026-04-15,HEAD_TRUCK,EXCEL,NOT_APPLICABLE,EXCEL_OUTSIDE_UJB_COVERAGE,76,76,0,6192.64,6192.64,0.0
2026-04-15,KEND_OPS,EXCEL,NOT_APPLICABLE,EXCEL_OUTSIDE_UJB_COVERAGE,5,5,0,203.76,203.76,0.0
2026-04-15,RTGC,EXCEL,NOT_APPLICABLE,EXCEL_NON_UJB_CATEGORY,58,58,0,10598.2,10598.2,0.0
2026-04-15,SUPPORT,EXCEL,NOT_APPLICABLE,EXCEL_SUPPORT_RETAINED_FORKLIFT_BRIDGE,4,4,0,85.5,85.5,0.0
2026-04-16,BUS,EXCEL,NOT_APPLICABLE,EXCEL_OUTSIDE_UJB_COVERAGE,3,3,0,138.02,138.02,0.0
2026-04-16,HEAD_TRUCK,EXCEL,NOT_APPLICABLE,EXCEL_OUTSIDE_UJB_COVERAGE,74,74,0,5552.73,5552.73,0.0
2026-04-16,KEND_OPS,EXCEL,NOT_APPLICABLE,EXCEL_OUTSIDE_UJB_COVERAGE,8,8,0,278.72,278.72,0.0
2026-04-16,RTGC,EXCEL,NOT_APPLICABLE,EXCEL_NON_UJB_CATEGORY,58,58,0,12318.0,12318.0,0.0
2026-04-16,SUPPORT,EXCEL,NOT_APPLICABLE,EXCEL_SUPPORT_RETAINED_FORKLIFT_BRIDGE,1,1,0,0.0,0.0,0.0
2026-04-17,BUS,EXCEL,NOT_APPLICABLE,EXCEL_OUTSIDE_UJB_COVERAGE,3,3,0,143.7,143.7,0.0
2026-04-17,HEAD_TRUCK,EXCEL,NOT_APPLICABLE,EXCEL_OUTSIDE_UJB_COVERAGE,74,74,0,6703.15,6703.15,0.0
2026-04-17,KEND_OPS,EXCEL,NOT_APPLICABLE,EXCEL_OUTSIDE_UJB_COVERAGE,2,2,0,61.480000000000004,61.480000000000004,0.0
2026-04-17,RTGC,EXCEL,NOT_APPLICABLE,EXCEL_NON_UJB_CATEGORY,58,58,0,12044.85,12044.85,0.0
2026-04-17,SUPPORT,EXCEL,NOT_APPLICABLE,EXCEL_SUPPORT_RETAINED_FORKLIFT_BRIDGE,1,1,0,42.88,42.88,0.0
2026-04-18,BUS,EXCEL,NOT_APPLICABLE,EXCEL_OUTSIDE_UJB_COVERAGE,3,3,0,138.83,138.83,0.0
2026-04-18,HEAD_TRUCK,EXCEL,NOT_APPLICABLE,EXCEL_OUTSIDE_UJB_COVERAGE,74,74,0,6069.56,6069.56,0.0
2026-04-18,KEND_OPS,EXCEL,NOT_APPLICABLE,EXCEL_OUTSIDE_UJB_COVERAGE,5,5,0,199.88,199.88,0.0
2026-04-18,RTGC,EXCEL,NOT_APPLICABLE,EXCEL_NON_UJB_CATEGORY,58,58,0,14364.0,14364.0,0.0
2026-04-18,SUPPORT,EXCEL,NOT_APPLICABLE,EXCEL_SUPPORT_RETAINED_FORKLIFT_BRIDGE,1,1,0,0.0,0.0,0.0
2026-04-19,BUS,EXCEL,NOT_APPLICABLE,EXCEL_OUTSIDE_UJB_COVERAGE,3,3,0,136.3,136.3,0.0
2026-04-19,HEAD_TRUCK,EXCEL,NOT_APPLICABLE,EXCEL_OUTSIDE_UJB_COVERAGE,77,77,0,6291.84,6291.84,0.0
2026-04-19,KEND_OPS,EXCEL,NOT_APPLICABLE,EXCEL_OUTSIDE_UJB_COVERAGE,5,5,0,196.72,196.72,0.0
2026-04-19,RTGC,EXCEL,NOT_APPLICABLE,EXCEL_NON_UJB_CATEGORY,58,58,0,13596.04,13596.04,0.0
2026-04-19,SUPPORT,EXCEL,NOT_APPLICABLE,EXCEL_SUPPORT_RETAINED_FORKLIFT_BRIDGE,1,1,0,38.85,38.85,0.0
2026-04-20,BUS,EXCEL,NOT_APPLICABLE,EXCEL_OUTSIDE_UJB_COVERAGE,3,3,0,142.88,142.88,0.0
2026-04-20,HEAD_TRUCK,EXCEL,NOT_APPLICABLE,EXCEL_OUTSIDE_UJB_COVERAGE,79,79,0,7384.95,7384.95,0.0
2026-04-20,KEND_OPS,EXCEL,NOT_APPLICABLE,EXCEL_OUTSIDE_UJB_COVERAGE,7,7,0,250.51999999999998,250.51999999999998,0.0
2026-04-20,RTGC,EXCEL,NOT_APPLICABLE,EXCEL_NON_UJB_CATEGORY,58,58,0,11120.61,11120.61,0.0
2026-04-20,SUPPORT,EXCEL,NOT_APPLICABLE,EXCEL_SUPPORT_RETAINED_FORKLIFT_BRIDGE,2,2,0,33.09,33.09,0.0
2026-04-21,BUS,EXCEL,NOT_APPLICABLE,EXCEL_OUTSIDE_UJB_COVERAGE,3,3,0,137.47,137.47,0.0
2026-04-21,HEAD_TRUCK,EXCEL,NOT_APPLICABLE,EXCEL_OUTSIDE_UJB_COVERAGE,73,73,0,6145.58,6145.58,0.0
2026-04-21,KEND_OPS,EXCEL,NOT_APPLICABLE,EXCEL_OUTSIDE_UJB_COVERAGE,4,4,0,126.46000000000001,126.46000000000001,0.0
2026-04-21,RTGC,EXCEL,NOT_APPLICABLE,EXCEL_NON_UJB_CATEGORY,58,58,0,11240.72,11240.72,0.0
2026-04-21,SUPPORT,EXCEL,NOT_APPLICABLE,EXCEL_SUPPORT_RETAINED_FORKLIFT_BRIDGE,1,1,0,42.08,42.08,0.0
2026-04-22,BUS,EXCEL,NOT_APPLICABLE,EXCEL_OUTSIDE_UJB_COVERAGE,3,3,0,149.82,149.82,0.0
2026-04-22,HEAD_TRUCK,EXCEL,NOT_APPLICABLE,EXCEL_OUTSIDE_UJB_COVERAGE,75,75,0,6752.01,6752.01,0.0
2026-04-22,KEND_OPS,EXCEL,NOT_APPLICABLE,EXCEL_OUTSIDE_UJB_COVERAGE,6,6,0,207.35999999999999,207.35999999999999,0.0
2026-04-22,RTGC,EXCEL,NOT_APPLICABLE,EXCEL_NON_UJB_CATEGORY,58,58,0,13903.93,13903.93,0.0
2026-04-22,SUPPORT,EXCEL,NOT_APPLICABLE,EXCEL_SUPPORT_RETAINED_FORKLIFT_BRIDGE,1,1,0,28.65,28.65,0.0
2026-04-23,BUS,EXCEL,NOT_APPLICABLE,EXCEL_OUTSIDE_UJB_COVERAGE,3,3,0,145.66,145.66,0.0
2026-04-23,HEAD_TRUCK,EXCEL,NOT_APPLICABLE,EXCEL_OUTSIDE_UJB_COVERAGE,76,76,0,5925.75,5925.75,0.0
2026-04-23,KEND_OPS,EXCEL,NOT_APPLICABLE,EXCEL_OUTSIDE_UJB_COVERAGE,7,7,0,308.43,308.43,0.0
2026-04-23,RTGC,EXCEL,NOT_APPLICABLE,EXCEL_NON_UJB_CATEGORY,58,58,0,11250.68,11250.68,0.0
2026-04-23,SUPPORT,EXCEL,NOT_APPLICABLE,EXCEL_SUPPORT_RETAINED_FORKLIFT_BRIDGE,1,1,0,35.0,35.0,0.0
2026-04-24,BUS,EXCEL,NOT_APPLICABLE,EXCEL_OUTSIDE_UJB_COVERAGE,3,3,0,134.15,134.15,0.0
2026-04-24,HEAD_TRUCK,EXCEL,NOT_APPLICABLE,EXCEL_OUTSIDE_UJB_COVERAGE,74,74,0,6701.6,6701.6,0.0
2026-04-24,KEND_OPS,EXCEL,NOT_APPLICABLE,EXCEL_OUTSIDE_UJB_COVERAGE,7,7,0,236.45,236.45,0.0
2026-04-24,RTGC,EXCEL,NOT_APPLICABLE,EXCEL_NON_UJB_CATEGORY,58,58,0,11815.68,11815.68,0.0
2026-04-24,SUPPORT,EXCEL,NOT_APPLICABLE,EXCEL_SUPPORT_RETAINED_FORKLIFT_BRIDGE,1,1,0,0.0,0.0,0.0
2026-04-25,BUS,EXCEL,NOT_APPLICABLE,EXCEL_OUTSIDE_UJB_COVERAGE,3,3,0,140.78,140.78,0.0
2026-04-25,HEAD_TRUCK,EXCEL,NOT_APPLICABLE,EXCEL_OUTSIDE_UJB_COVERAGE,68,68,0,6241.2699999999995,6241.2699999999995,0.0
2026-04-25,KEND_OPS,EXCEL,NOT_APPLICABLE,EXCEL_OUTSIDE_UJB_COVERAGE,6,6,0,171.19,171.19,0.0
2026-04-25,RTGC,EXCEL,NOT_APPLICABLE,EXCEL_NON_UJB_CATEGORY,58,58,0,12550.57,12550.57,0.0
2026-04-25,SUPPORT,EXCEL,NOT_APPLICABLE,EXCEL_SUPPORT_RETAINED_FORKLIFT_BRIDGE,1,1,0,35.91,35.91,0.0
2026-04-26,BUS,EXCEL,NOT_APPLICABLE,EXCEL_OUTSIDE_UJB_COVERAGE,3,3,0,143.05,143.05,0.0
2026-04-26,HEAD_TRUCK,EXCEL,NOT_APPLICABLE,EXCEL_OUTSIDE_UJB_COVERAGE,78,78,0,7081.98,7081.98,0.0
2026-04-26,KEND_OPS,EXCEL,NOT_APPLICABLE,EXCEL_OUTSIDE_UJB_COVERAGE,1,1,0,40.98,40.98,0.0
2026-04-26,RTGC,EXCEL,NOT_APPLICABLE,EXCEL_NON_UJB_CATEGORY,58,58,0,13586.76,13586.76,0.0
2026-04-26,SUPPORT,EXCEL,NOT_APPLICABLE,EXCEL_SUPPORT_RETAINED_FORKLIFT_BRIDGE,1,1,0,14.88,14.88,0.0
2026-04-27,BUS,EXCEL,NOT_APPLICABLE,EXCEL_OUTSIDE_UJB_COVERAGE,3,3,0,147.1,147.1,0.0
2026-04-27,HEAD_TRUCK,EXCEL,NOT_APPLICABLE,EXCEL_OUTSIDE_UJB_COVERAGE,76,76,0,5850.71,5850.71,0.0
2026-04-27,KEND_OPS,EXCEL,NOT_APPLICABLE,EXCEL_OUTSIDE_UJB_COVERAGE,3,3,0,118.87,118.87,0.0
2026-04-27,RTGC,EXCEL,NOT_APPLICABLE,EXCEL_NON_UJB_CATEGORY,58,58,0,11050.88,11050.88,0.0
2026-04-27,SUPPORT,EXCEL,NOT_APPLICABLE,EXCEL_SUPPORT_RETAINED_FORKLIFT_BRIDGE,3,3,0,71.17,71.17,0.0
2026-04-28,BUS,EXCEL,NOT_APPLICABLE,EXCEL_OUTSIDE_UJB_COVERAGE,3,3,0,142.2,142.2,0.0
2026-04-28,HEAD_TRUCK,EXCEL,NOT_APPLICABLE,EXCEL_OUTSIDE_UJB_COVERAGE,73,73,0,5739.4,5739.4,0.0
2026-04-28,KEND_OPS,EXCEL,NOT_APPLICABLE,EXCEL_OUTSIDE_UJB_COVERAGE,5,5,0,183.86,183.86,0.0
2026-04-28,RTGC,EXCEL,NOT_APPLICABLE,EXCEL_NON_UJB_CATEGORY,58,58,0,12609.62,12609.62,0.0
2026-04-28,SUPPORT,EXCEL,NOT_APPLICABLE,EXCEL_SUPPORT_RETAINED_FORKLIFT_BRIDGE,1,1,0,17.92,17.92,0.0
2026-04-29,BUS,EXCEL,NOT_APPLICABLE,EXCEL_OUTSIDE_UJB_COVERAGE,3,3,0,145.2,145.2,0.0
2026-04-29,HEAD_TRUCK,EXCEL,NOT_APPLICABLE,EXCEL_OUTSIDE_UJB_COVERAGE,76,76,0,5855.2,5855.2,0.0
2026-04-29,KEND_OPS,EXCEL,NOT_APPLICABLE,EXCEL_OUTSIDE_UJB_COVERAGE,12,12,0,465.36,465.36,0.0
2026-04-29,RTGC,EXCEL,NOT_APPLICABLE,EXCEL_NON_UJB_CATEGORY,58,58,0,10168.36,10168.36,0.0
2026-04-29,SUPPORT,EXCEL,NOT_APPLICABLE,EXCEL_SUPPORT_RETAINED_FORKLIFT_BRIDGE,1,1,0,0.0,0.0,0.0
2026-04-30,BUS,EXCEL,NOT_APPLICABLE,EXCEL_OUTSIDE_UJB_COVERAGE,3,3,0,139.61,139.61,0.0
2026-04-30,HEAD_TRUCK,EXCEL,NOT_APPLICABLE,EXCEL_OUTSIDE_UJB_COVERAGE,74,74,0,6094.9800000000005,6094.9800000000005,0.0
2026-04-30,KEND_OPS,EXCEL,NOT_APPLICABLE,EXCEL_OUTSIDE_UJB_COVERAGE,9,9,0,281.78,281.78,0.0
2026-04-30,RTGC,EXCEL,NOT_APPLICABLE,EXCEL_NON_UJB_CATEGORY,58,58,0,13635.8,13635.8,0.0
2026-04-30,SUPPORT,EXCEL,NOT_APPLICABLE,EXCEL_SUPPORT_RETAINED_FORKLIFT_BRIDGE,1,1,0,0.0,0.0,0.0
2026-05-01,BUS,EXCEL,NOT_APPLICABLE,EXCEL_OUTSIDE_UJB_COVERAGE,3,3,0,149.52,149.52,0.0
2026-05-01,HEAD_TRUCK,EXCEL,NOT_APPLICABLE,EXCEL_OUTSIDE_UJB_COVERAGE,78,78,0,6223.7699999999995,6223.7699999999995,0.0
2026-05-01,KEND_OPS,EXCEL,NOT_APPLICABLE,EXCEL_OUTSIDE_UJB_COVERAGE,3,3,0,100.12,100.12,0.0
2026-05-01,MODUL,EXCEL,NOT_APPLICABLE,EXCEL_MODUL_AUTHORITATIVE_WHEN_PRESENT,1,1,0,0.0,0.0,0.0
2026-05-01,RTGC,EXCEL,NOT_APPLICABLE,EXCEL_NON_UJB_CATEGORY,63,63,0,12782.74,12782.74,0.0
2026-05-01,SUPPORT,EXCEL,NOT_APPLICABLE,EXCEL_SUPPORT_RETAINED_FORKLIFT_BRIDGE,1,1,0,40.0,40.0,0.0
2026-05-02,BUS,EXCEL,NOT_APPLICABLE,EXCEL_OUTSIDE_UJB_COVERAGE,3,3,0,150.0,150.0,0.0
2026-05-02,HEAD_TRUCK,EXCEL,NOT_APPLICABLE,EXCEL_OUTSIDE_UJB_COVERAGE,76,76,0,6600.12,6600.12,0.0
2026-05-02,KEND_OPS,EXCEL,NOT_APPLICABLE,EXCEL_OUTSIDE_UJB_COVERAGE,4,4,0,116.19,116.19,0.0
2026-05-02,MODUL,EXCEL,NOT_APPLICABLE,EXCEL_MODUL_AUTHORITATIVE_WHEN_PRESENT,1,1,0,0.0,0.0,0.0
2026-05-02,RTGC,EXCEL,NOT_APPLICABLE,EXCEL_NON_UJB_CATEGORY,63,63,0,12055.16,12055.16,0.0
2026-05-02,SUPPORT,EXCEL,NOT_APPLICABLE,EXCEL_SUPPORT_RETAINED_FORKLIFT_BRIDGE,1,1,0,33.05,33.05,0.0
2026-05-03,BUS,EXCEL,NOT_APPLICABLE,EXCEL_OUTSIDE_UJB_COVERAGE,3,3,0,145.77,145.77,0.0
2026-05-03,HEAD_TRUCK,EXCEL,NOT_APPLICABLE,EXCEL_OUTSIDE_UJB_COVERAGE,77,77,0,6806.74,6806.74,0.0
2026-05-03,KEND_OPS,EXCEL,NOT_APPLICABLE,EXCEL_OUTSIDE_UJB_COVERAGE,4,4,0,122.89,122.89,0.0
2026-05-03,MODUL,EXCEL,NOT_APPLICABLE,EXCEL_MODUL_AUTHORITATIVE_WHEN_PRESENT,1,1,0,0.0,0.0,0.0
2026-05-03,RTGC,EXCEL,NOT_APPLICABLE,EXCEL_NON_UJB_CATEGORY,63,63,0,10785.84,10785.84,0.0
2026-05-03,SUPPORT,EXCEL,NOT_APPLICABLE,EXCEL_SUPPORT_RETAINED_FORKLIFT_BRIDGE,1,1,0,22.39,22.39,0.0
2026-05-04,BUS,EXCEL,NOT_APPLICABLE,EXCEL_OUTSIDE_UJB_COVERAGE,3,3,0,150.0,150.0,0.0
2026-05-04,HEAD_TRUCK,EXCEL,NOT_APPLICABLE,EXCEL_OUTSIDE_UJB_COVERAGE,77,77,0,4411.47,4411.47,0.0
2026-05-04,KEND_OPS,EXCEL,NOT_APPLICABLE,EXCEL_OUTSIDE_UJB_COVERAGE,4,4,0,161.28,161.28,0.0
2026-05-04,MODUL,EXCEL,NOT_APPLICABLE,EXCEL_MODUL_AUTHORITATIVE_WHEN_PRESENT,1,1,0,0.0,0.0,0.0
2026-05-04,RTGC,EXCEL,NOT_APPLICABLE,EXCEL_NON_UJB_CATEGORY,63,63,0,8962.55,8962.55,0.0
2026-05-04,SUPPORT,EXCEL,NOT_APPLICABLE,EXCEL_SUPPORT_RETAINED_FORKLIFT_BRIDGE,2,2,0,59.53,59.53,0.0
2026-05-05,BUS,EXCEL,NOT_APPLICABLE,EXCEL_OUTSIDE_UJB_COVERAGE,3,3,0,150.0,150.0,0.0
2026-05-05,HEAD_TRUCK,EXCEL,NOT_APPLICABLE,EXCEL_OUTSIDE_UJB_COVERAGE,74,74,0,5459.19,5459.19,0.0
2026-05-05,KEND_OPS,EXCEL,NOT_APPLICABLE,EXCEL_OUTSIDE_UJB_COVERAGE,7,7,0,247.6,247.6,0.0
2026-05-05,MODUL,EXCEL,NOT_APPLICABLE,EXCEL_MODUL_AUTHORITATIVE_WHEN_PRESENT,1,1,0,0.0,0.0,0.0
2026-05-05,RTGC,EXCEL,NOT_APPLICABLE,EXCEL_NON_UJB_CATEGORY,63,63,0,11069.85,11069.85,0.0
2026-05-05,SUPPORT,EXCEL,NOT_APPLICABLE,EXCEL_SUPPORT_RETAINED_FORKLIFT_BRIDGE,2,2,0,48.36,48.36,0.0
2026-05-06,BUS,EXCEL,NOT_APPLICABLE,EXCEL_OUTSIDE_UJB_COVERAGE,3,3,0,143.94,143.94,0.0
2026-05-06,HEAD_TRUCK,EXCEL,NOT_APPLICABLE,EXCEL_OUTSIDE_UJB_COVERAGE,75,75,0,6393.88,6393.88,0.0
2026-05-06,KEND_OPS,EXCEL,NOT_APPLICABLE,EXCEL_OUTSIDE_UJB_COVERAGE,5,5,0,182.07999999999998,182.07999999999998,0.0
2026-05-06,MODUL,EXCEL,NOT_APPLICABLE,EXCEL_MODUL_AUTHORITATIVE_WHEN_PRESENT,5,5,0,2069.45,2069.45,0.0
2026-05-06,RTGC,EXCEL,NOT_APPLICABLE,EXCEL_NON_UJB_CATEGORY,63,63,0,12037.630000000001,12037.630000000001,0.0
2026-05-06,SUPPORT,EXCEL,NOT_APPLICABLE,EXCEL_SUPPORT_RETAINED_FORKLIFT_BRIDGE,1,1,0,13.65,13.65,0.0
2026-05-07,BUS,EXCEL,NOT_APPLICABLE,EXCEL_OUTSIDE_UJB_COVERAGE,3,3,0,148.91,148.91,0.0
2026-05-07,HEAD_TRUCK,EXCEL,NOT_APPLICABLE,EXCEL_OUTSIDE_UJB_COVERAGE,74,74,0,5010.54,5010.54,0.0
2026-05-07,KEND_OPS,EXCEL,NOT_APPLICABLE,EXCEL_OUTSIDE_UJB_COVERAGE,4,4,0,126.25999999999999,126.25999999999999,0.0
2026-05-07,MODUL,EXCEL,NOT_APPLICABLE,EXCEL_MODUL_AUTHORITATIVE_WHEN_PRESENT,1,1,0,0.0,0.0,0.0
2026-05-07,RTGC,EXCEL,NOT_APPLICABLE,EXCEL_NON_UJB_CATEGORY,63,63,0,10517.92,10517.92,0.0
2026-05-07,SUPPORT,EXCEL,NOT_APPLICABLE,EXCEL_SUPPORT_RETAINED_FORKLIFT_BRIDGE,2,2,0,46.11,46.11,0.0
2026-05-08,BUS,EXCEL,NOT_APPLICABLE,EXCEL_OUTSIDE_UJB_COVERAGE,3,3,0,147.59,147.59,0.0
2026-05-08,HEAD_TRUCK,EXCEL,NOT_APPLICABLE,EXCEL_OUTSIDE_UJB_COVERAGE,74,74,0,5919.04,5919.04,0.0
2026-05-08,KEND_OPS,EXCEL,NOT_APPLICABLE,EXCEL_OUTSIDE_UJB_COVERAGE,4,4,0,152.01,152.01,0.0
2026-05-08,MODUL,EXCEL,NOT_APPLICABLE,EXCEL_MODUL_AUTHORITATIVE_WHEN_PRESENT,1,1,0,0.0,0.0,0.0
2026-05-08,RTGC,EXCEL,NOT_APPLICABLE,EXCEL_NON_UJB_CATEGORY,63,63,0,12585.2,12585.2,0.0
2026-05-08,SUPPORT,EXCEL,NOT_APPLICABLE,EXCEL_SUPPORT_RETAINED_FORKLIFT_BRIDGE,1,1,0,0.0,0.0,0.0
2026-05-09,BUS,EXCEL,NOT_APPLICABLE,EXCEL_OUTSIDE_UJB_COVERAGE,3,3,0,116.53999999999999,116.53999999999999,0.0
2026-05-09,HEAD_TRUCK,EXCEL,NOT_APPLICABLE,EXCEL_OUTSIDE_UJB_COVERAGE,76,76,0,5801.13,5801.13,0.0
2026-05-09,KEND_OPS,EXCEL,NOT_APPLICABLE,EXCEL_OUTSIDE_UJB_COVERAGE,6,6,0,214.86,214.86,0.0
2026-05-09,MODUL,EXCEL,NOT_APPLICABLE,EXCEL_MODUL_AUTHORITATIVE_WHEN_PRESENT,1,1,0,0.0,0.0,0.0
2026-05-09,RTGC,EXCEL,NOT_APPLICABLE,EXCEL_NON_UJB_CATEGORY,63,63,0,11622.95,11622.95,0.0
2026-05-09,SUPPORT,EXCEL,NOT_APPLICABLE,EXCEL_SUPPORT_RETAINED_FORKLIFT_BRIDGE,1,1,0,39.25,39.25,0.0
2026-05-10,BUS,EXCEL,NOT_APPLICABLE,EXCEL_OUTSIDE_UJB_COVERAGE,3,3,0,122.76,122.76,0.0
2026-05-10,HEAD_TRUCK,EXCEL,NOT_APPLICABLE,EXCEL_OUTSIDE_UJB_COVERAGE,72,72,0,6197.12,6197.12,0.0
2026-05-10,KEND_OPS,EXCEL,NOT_APPLICABLE,EXCEL_OUTSIDE_UJB_COVERAGE,2,2,0,80.52000000000001,80.52000000000001,0.0
2026-05-10,MODUL,EXCEL,NOT_APPLICABLE,EXCEL_MODUL_AUTHORITATIVE_WHEN_PRESENT,1,1,0,0.0,0.0,0.0
2026-05-10,RTGC,EXCEL,NOT_APPLICABLE,EXCEL_NON_UJB_CATEGORY,63,63,0,12217.52,12217.52,0.0
2026-05-10,SUPPORT,EXCEL,NOT_APPLICABLE,EXCEL_SUPPORT_RETAINED_FORKLIFT_BRIDGE,1,1,0,0.0,0.0,0.0
2026-05-11,BUS,EXCEL,NOT_APPLICABLE,EXCEL_OUTSIDE_UJB_COVERAGE,3,3,0,133.36,133.36,0.0
2026-05-11,HEAD_TRUCK,EXCEL,NOT_APPLICABLE,EXCEL_OUTSIDE_UJB_COVERAGE,74,74,0,5696.02,5696.02,0.0
2026-05-11,KEND_OPS,EXCEL,NOT_APPLICABLE,EXCEL_OUTSIDE_UJB_COVERAGE,5,5,0,184.09,184.09,0.0
2026-05-11,MODUL,EXCEL,NOT_APPLICABLE,EXCEL_MODUL_AUTHORITATIVE_WHEN_PRESENT,1,1,0,0.0,0.0,0.0
2026-05-11,RTGC,EXCEL,NOT_APPLICABLE,EXCEL_NON_UJB_CATEGORY,63,63,0,9701.61,9701.61,0.0
2026-05-11,SUPPORT,EXCEL,NOT_APPLICABLE,EXCEL_SUPPORT_RETAINED_FORKLIFT_BRIDGE,1,1,0,21.36,21.36,0.0
2026-05-12,BUS,EXCEL,NOT_APPLICABLE,EXCEL_OUTSIDE_UJB_COVERAGE,3,3,0,134.63,134.63,0.0
2026-05-12,HEAD_TRUCK,EXCEL,NOT_APPLICABLE,EXCEL_OUTSIDE_UJB_COVERAGE,75,75,0,5135.42,5135.42,0.0
2026-05-12,KEND_OPS,EXCEL,NOT_APPLICABLE,EXCEL_OUTSIDE_UJB_COVERAGE,8,8,0,265.69,265.69,0.0
2026-05-12,MODUL,EXCEL,NOT_APPLICABLE,EXCEL_MODUL_AUTHORITATIVE_WHEN_PRESENT,1,1,0,0.0,0.0,0.0
2026-05-12,RTGC,EXCEL,NOT_APPLICABLE,EXCEL_NON_UJB_CATEGORY,63,63,0,11826.36,11826.36,0.0
2026-05-12,SUPPORT,EXCEL,NOT_APPLICABLE,EXCEL_SUPPORT_RETAINED_FORKLIFT_BRIDGE,2,2,0,57.21,57.21,0.0
2026-05-13,BUS,EXCEL,NOT_APPLICABLE,EXCEL_OUTSIDE_UJB_COVERAGE,3,3,0,142.64,142.64,0.0
2026-05-13,HEAD_TRUCK,EXCEL,NOT_APPLICABLE,EXCEL_OUTSIDE_UJB_COVERAGE,76,76,0,6205.9800000000005,6205.9800000000005,0.0
2026-05-13,KEND_OPS,EXCEL,NOT_APPLICABLE,EXCEL_OUTSIDE_UJB_COVERAGE,3,3,0,117.89,117.89,0.0
2026-05-13,MODUL,EXCEL,NOT_APPLICABLE,EXCEL_MODUL_AUTHORITATIVE_WHEN_PRESENT,1,1,0,0.0,0.0,0.0
2026-05-13,RTGC,EXCEL,NOT_APPLICABLE,EXCEL_NON_UJB_CATEGORY,63,63,0,11511.94,11511.94,0.0
2026-05-13,SUPPORT,EXCEL,NOT_APPLICABLE,EXCEL_SUPPORT_RETAINED_FORKLIFT_BRIDGE,1,1,0,0.0,0.0,0.0
2026-05-14,BUS,EXCEL,NOT_APPLICABLE,EXCEL_OUTSIDE_UJB_COVERAGE,3,3,0,143.45,143.45,0.0
2026-05-14,HEAD_TRUCK,EXCEL,NOT_APPLICABLE,EXCEL_OUTSIDE_UJB_COVERAGE,78,78,0,6697.95,6697.95,0.0
2026-05-14,KEND_OPS,EXCEL,NOT_APPLICABLE,EXCEL_OUTSIDE_UJB_COVERAGE,9,9,0,369.87,369.87,0.0
2026-05-14,MODUL,EXCEL,NOT_APPLICABLE,EXCEL_MODUL_AUTHORITATIVE_WHEN_PRESENT,1,1,0,0.0,0.0,0.0
2026-05-14,RTGC,EXCEL,NOT_APPLICABLE,EXCEL_NON_UJB_CATEGORY,63,63,0,12300.07,12300.07,0.0
2026-05-14,SUPPORT,EXCEL,NOT_APPLICABLE,EXCEL_SUPPORT_RETAINED_FORKLIFT_BRIDGE,2,2,0,65.8,65.8,0.0
2026-05-15,BUS,EXCEL,NOT_APPLICABLE,EXCEL_OUTSIDE_UJB_COVERAGE,2,2,0,100.0,100.0,0.0
2026-05-15,HEAD_TRUCK,EXCEL,NOT_APPLICABLE,EXCEL_OUTSIDE_UJB_COVERAGE,76,76,0,6450.96,6450.96,0.0
2026-05-15,KEND_OPS,EXCEL,NOT_APPLICABLE,EXCEL_OUTSIDE_UJB_COVERAGE,3,3,0,111.5,111.5,0.0
2026-05-15,MODUL,EXCEL,NOT_APPLICABLE,EXCEL_MODUL_AUTHORITATIVE_WHEN_PRESENT,1,1,0,0.0,0.0,0.0
2026-05-15,RTGC,EXCEL,NOT_APPLICABLE,EXCEL_NON_UJB_CATEGORY,63,63,0,11368.19,11368.19,0.0
2026-05-15,SUPPORT,EXCEL,NOT_APPLICABLE,EXCEL_SUPPORT_RETAINED_FORKLIFT_BRIDGE,1,1,0,0.0,0.0,0.0
2026-05-16,BUS,EXCEL,NOT_APPLICABLE,EXCEL_OUTSIDE_UJB_COVERAGE,3,3,0,150.0,150.0,0.0
2026-05-16,HEAD_TRUCK,EXCEL,NOT_APPLICABLE,EXCEL_OUTSIDE_UJB_COVERAGE,75,75,0,5878.85,5878.85,0.0
2026-05-16,KEND_OPS,EXCEL,NOT_APPLICABLE,EXCEL_OUTSIDE_UJB_COVERAGE,4,4,0,160.0,160.0,0.0
2026-05-16,MODUL,EXCEL,NOT_APPLICABLE,EXCEL_MODUL_AUTHORITATIVE_WHEN_PRESENT,1,1,0,0.0,0.0,0.0
2026-05-16,RTGC,EXCEL,NOT_APPLICABLE,EXCEL_NON_UJB_CATEGORY,63,63,0,10666.05,10666.05,0.0
2026-05-16,SUPPORT,EXCEL,NOT_APPLICABLE,EXCEL_SUPPORT_RETAINED_FORKLIFT_BRIDGE,3,3,0,281.09999999999997,281.09999999999997,0.0
2026-05-17,BUS,EXCEL,NOT_APPLICABLE,EXCEL_OUTSIDE_UJB_COVERAGE,3,3,0,140.22,140.22,0.0
2026-05-17,HEAD_TRUCK,EXCEL,NOT_APPLICABLE,EXCEL_OUTSIDE_UJB_COVERAGE,77,77,0,6350.8,6350.8,0.0
2026-05-17,KEND_OPS,EXCEL,NOT_APPLICABLE,EXCEL_OUTSIDE_UJB_COVERAGE,6,6,0,215.06,215.06,0.0
2026-05-17,MODUL,EXCEL,NOT_APPLICABLE,EXCEL_MODUL_AUTHORITATIVE_WHEN_PRESENT,1,1,0,0.0,0.0,0.0
2026-05-17,RTGC,EXCEL,NOT_APPLICABLE,EXCEL_NON_UJB_CATEGORY,63,63,0,12229.63,12229.63,0.0
2026-05-18,BUS,EXCEL,NOT_APPLICABLE,EXCEL_OUTSIDE_UJB_COVERAGE,2,2,0,100.0,100.0,0.0
2026-05-18,HEAD_TRUCK,EXCEL,NOT_APPLICABLE,EXCEL_OUTSIDE_UJB_COVERAGE,78,78,0,6580.08,6580.08,0.0
2026-05-18,KEND_OPS,EXCEL,NOT_APPLICABLE,EXCEL_OUTSIDE_UJB_COVERAGE,7,7,0,235.32,235.32,0.0
2026-05-18,MODUL,EXCEL,NOT_APPLICABLE,EXCEL_MODUL_AUTHORITATIVE_WHEN_PRESENT,1,1,0,0.0,0.0,0.0
2026-05-18,RTGC,EXCEL,NOT_APPLICABLE,EXCEL_NON_UJB_CATEGORY,63,63,0,11521.82,11521.82,0.0
2026-05-18,SUPPORT,EXCEL,NOT_APPLICABLE,EXCEL_SUPPORT_RETAINED_FORKLIFT_BRIDGE,1,1,0,27.73,27.73,0.0
2026-05-19,BUS,EXCEL,NOT_APPLICABLE,EXCEL_OUTSIDE_UJB_COVERAGE,3,3,0,150.0,150.0,0.0
2026-05-19,HEAD_TRUCK,EXCEL,NOT_APPLICABLE,EXCEL_OUTSIDE_UJB_COVERAGE,75,75,0,5964.09,5964.09,0.0
2026-05-19,KEND_OPS,EXCEL,NOT_APPLICABLE,EXCEL_OUTSIDE_UJB_COVERAGE,3,3,0,111.66,111.66,0.0
2026-05-19,MODUL,EXCEL,NOT_APPLICABLE,EXCEL_MODUL_AUTHORITATIVE_WHEN_PRESENT,1,1,0,0.0,0.0,0.0
2026-05-19,RTGC,EXCEL,NOT_APPLICABLE,EXCEL_NON_UJB_CATEGORY,63,63,0,10572.84,10572.84,0.0
2026-05-19,SUPPORT,EXCEL,NOT_APPLICABLE,EXCEL_SUPPORT_RETAINED_FORKLIFT_BRIDGE,1,1,0,40.0,40.0,0.0
2026-05-20,BUS,EXCEL,NOT_APPLICABLE,EXCEL_OUTSIDE_UJB_COVERAGE,3,3,0,150.0,150.0,0.0
2026-05-20,HEAD_TRUCK,EXCEL,NOT_APPLICABLE,EXCEL_OUTSIDE_UJB_COVERAGE,78,78,0,6275.04,6275.04,0.0
2026-05-20,KEND_OPS,EXCEL,NOT_APPLICABLE,EXCEL_OUTSIDE_UJB_COVERAGE,4,4,0,143.15,143.15,0.0
2026-05-20,MODUL,EXCEL,NOT_APPLICABLE,EXCEL_MODUL_AUTHORITATIVE_WHEN_PRESENT,1,1,0,0.0,0.0,0.0
2026-05-20,RTGC,EXCEL,NOT_APPLICABLE,EXCEL_NON_UJB_CATEGORY,63,63,0,14007.94,14007.94,0.0
2026-05-20,SUPPORT,EXCEL,NOT_APPLICABLE,EXCEL_SUPPORT_RETAINED_FORKLIFT_BRIDGE,2,2,0,69.27,69.27,0.0
2026-05-21,BUS,EXCEL,NOT_APPLICABLE,EXCEL_OUTSIDE_UJB_COVERAGE,2,2,0,90.0,90.0,0.0
2026-05-21,HEAD_TRUCK,EXCEL,NOT_APPLICABLE,EXCEL_OUTSIDE_UJB_COVERAGE,76,76,0,6314.55,6314.55,0.0
2026-05-21,KEND_OPS,EXCEL,NOT_APPLICABLE,EXCEL_OUTSIDE_UJB_COVERAGE,5,5,0,167.78,167.78,0.0
2026-05-21,MODUL,EXCEL,NOT_APPLICABLE,EXCEL_MODUL_AUTHORITATIVE_WHEN_PRESENT,1,1,0,0.0,0.0,0.0
2026-05-21,RTGC,EXCEL,NOT_APPLICABLE,EXCEL_NON_UJB_CATEGORY,63,63,0,12366.48,12366.48,0.0
2026-05-21,SUPPORT,EXCEL,NOT_APPLICABLE,EXCEL_SUPPORT_RETAINED_FORKLIFT_BRIDGE,1,1,0,15.16,15.16,0.0
2026-05-22,BUS,EXCEL,NOT_APPLICABLE,EXCEL_OUTSIDE_UJB_COVERAGE,3,3,0,150.0,150.0,0.0
2026-05-22,HEAD_TRUCK,EXCEL,NOT_APPLICABLE,EXCEL_OUTSIDE_UJB_COVERAGE,78,78,0,5929.61,5929.61,0.0
2026-05-22,KEND_OPS,EXCEL,NOT_APPLICABLE,EXCEL_OUTSIDE_UJB_COVERAGE,9,9,0,379.28,379.28,0.0
2026-05-22,MODUL,EXCEL,NOT_APPLICABLE,EXCEL_MODUL_AUTHORITATIVE_WHEN_PRESENT,1,1,0,0.0,0.0,0.0
2026-05-22,RTGC,EXCEL,NOT_APPLICABLE,EXCEL_NON_UJB_CATEGORY,63,63,0,10228.72,10228.72,0.0
2026-05-22,SUPPORT,EXCEL,NOT_APPLICABLE,EXCEL_SUPPORT_RETAINED_FORKLIFT_BRIDGE,2,2,0,53.230000000000004,53.230000000000004,0.0
2026-05-23,BUS,EXCEL,NOT_APPLICABLE,EXCEL_OUTSIDE_UJB_COVERAGE,3,3,0,149.51,149.51,0.0
2026-05-23,HEAD_TRUCK,EXCEL,NOT_APPLICABLE,EXCEL_OUTSIDE_UJB_COVERAGE,76,76,0,5891.7,5891.7,0.0
2026-05-23,KEND_OPS,EXCEL,NOT_APPLICABLE,EXCEL_OUTSIDE_UJB_COVERAGE,3,3,0,91.83,91.83,0.0
2026-05-23,MODUL,EXCEL,NOT_APPLICABLE,EXCEL_MODUL_AUTHORITATIVE_WHEN_PRESENT,1,1,0,0.0,0.0,0.0
2026-05-23,RTGC,EXCEL,NOT_APPLICABLE,EXCEL_NON_UJB_CATEGORY,63,63,0,15185.5,15185.5,0.0
2026-05-23,SUPPORT,EXCEL,NOT_APPLICABLE,EXCEL_SUPPORT_RETAINED_FORKLIFT_BRIDGE,1,1,0,0.0,0.0,0.0
2026-05-24,BUS,EXCEL,NOT_APPLICABLE,EXCEL_OUTSIDE_UJB_COVERAGE,3,3,0,150.0,150.0,0.0
2026-05-24,HEAD_TRUCK,EXCEL,NOT_APPLICABLE,EXCEL_OUTSIDE_UJB_COVERAGE,74,74,0,6086.89,6086.89,0.0
2026-05-24,KEND_OPS,EXCEL,NOT_APPLICABLE,EXCEL_OUTSIDE_UJB_COVERAGE,6,6,0,199.94,199.94,0.0
2026-05-24,MODUL,EXCEL,NOT_APPLICABLE,EXCEL_MODUL_AUTHORITATIVE_WHEN_PRESENT,1,1,0,0.0,0.0,0.0
2026-05-24,RTGC,EXCEL,NOT_APPLICABLE,EXCEL_NON_UJB_CATEGORY,63,63,0,10624.42,10624.42,0.0
2026-05-24,SUPPORT,EXCEL,NOT_APPLICABLE,EXCEL_SUPPORT_RETAINED_FORKLIFT_BRIDGE,1,1,0,25.53,25.53,0.0
2026-05-25,BUS,EXCEL,NOT_APPLICABLE,EXCEL_OUTSIDE_UJB_COVERAGE,3,3,0,128.61,128.61,0.0
2026-05-25,HEAD_TRUCK,EXCEL,NOT_APPLICABLE,EXCEL_OUTSIDE_UJB_COVERAGE,73,73,0,5991.22,5991.22,0.0
2026-05-25,KEND_OPS,EXCEL,NOT_APPLICABLE,EXCEL_OUTSIDE_UJB_COVERAGE,8,8,0,255.79000000000002,255.79000000000002,0.0
2026-05-25,MODUL,EXCEL,NOT_APPLICABLE,EXCEL_MODUL_AUTHORITATIVE_WHEN_PRESENT,1,1,0,0.0,0.0,0.0
2026-05-25,RTGC,EXCEL,NOT_APPLICABLE,EXCEL_NON_UJB_CATEGORY,63,63,0,9753.86,9753.86,0.0
2026-05-25,SUPPORT,EXCEL,NOT_APPLICABLE,EXCEL_SUPPORT_RETAINED_FORKLIFT_BRIDGE,1,1,0,18.77,18.77,0.0
2026-05-26,BUS,EXCEL,NOT_APPLICABLE,EXCEL_OUTSIDE_UJB_COVERAGE,3,3,0,142.57999999999998,142.57999999999998,0.0
2026-05-26,HEAD_TRUCK,EXCEL,NOT_APPLICABLE,EXCEL_OUTSIDE_UJB_COVERAGE,75,75,0,6476.62,6476.62,0.0
2026-05-26,KEND_OPS,EXCEL,NOT_APPLICABLE,EXCEL_OUTSIDE_UJB_COVERAGE,4,4,0,124.43,124.43,0.0
2026-05-26,MODUL,EXCEL,NOT_APPLICABLE,EXCEL_MODUL_AUTHORITATIVE_WHEN_PRESENT,1,1,0,0.0,0.0,0.0
2026-05-26,RTGC,EXCEL,NOT_APPLICABLE,EXCEL_NON_UJB_CATEGORY,63,63,0,10296.77,10296.77,0.0
2026-05-26,SUPPORT,EXCEL,NOT_APPLICABLE,EXCEL_SUPPORT_RETAINED_FORKLIFT_BRIDGE,1,1,0,0.0,0.0,0.0
2026-05-27,BUS,EXCEL,NOT_APPLICABLE,EXCEL_OUTSIDE_UJB_COVERAGE,2,2,0,94.6,94.6,0.0
2026-05-27,HEAD_TRUCK,EXCEL,NOT_APPLICABLE,EXCEL_OUTSIDE_UJB_COVERAGE,64,64,0,2608.13,2608.13,0.0
2026-05-27,KEND_OPS,EXCEL,NOT_APPLICABLE,EXCEL_OUTSIDE_UJB_COVERAGE,1,1,0,0.0,0.0,0.0
2026-05-27,MODUL,EXCEL,NOT_APPLICABLE,EXCEL_MODUL_AUTHORITATIVE_WHEN_PRESENT,1,1,0,0.0,0.0,0.0
2026-05-27,RTGC,EXCEL,NOT_APPLICABLE,EXCEL_NON_UJB_CATEGORY,63,63,0,9365.52,9365.52,0.0
2026-05-27,SUPPORT,EXCEL,NOT_APPLICABLE,EXCEL_SUPPORT_RETAINED_FORKLIFT_BRIDGE,1,1,0,0.0,0.0,0.0
2026-05-28,BUS,EXCEL,NOT_APPLICABLE,EXCEL_OUTSIDE_UJB_COVERAGE,3,3,0,128.57999999999998,128.57999999999998,0.0
2026-05-28,HEAD_TRUCK,EXCEL,NOT_APPLICABLE,EXCEL_OUTSIDE_UJB_COVERAGE,78,78,0,5138.86,5138.86,0.0
2026-05-28,KEND_OPS,EXCEL,NOT_APPLICABLE,EXCEL_OUTSIDE_UJB_COVERAGE,6,6,0,228.19,228.19,0.0
2026-05-28,MODUL,EXCEL,NOT_APPLICABLE,EXCEL_MODUL_AUTHORITATIVE_WHEN_PRESENT,1,1,0,0.0,0.0,0.0
2026-05-28,RTGC,EXCEL,NOT_APPLICABLE,EXCEL_NON_UJB_CATEGORY,63,63,0,7459.48,7459.48,0.0
2026-05-28,SUPPORT,EXCEL,NOT_APPLICABLE,EXCEL_SUPPORT_RETAINED_FORKLIFT_BRIDGE,1,1,0,26.9,26.9,0.0
2026-05-29,BUS,EXCEL,NOT_APPLICABLE,EXCEL_OUTSIDE_UJB_COVERAGE,3,3,0,147.63,147.63,0.0
2026-05-29,HEAD_TRUCK,EXCEL,NOT_APPLICABLE,EXCEL_OUTSIDE_UJB_COVERAGE,78,78,0,6169.45,6169.45,0.0
2026-05-29,KEND_OPS,EXCEL,NOT_APPLICABLE,EXCEL_OUTSIDE_UJB_COVERAGE,5,5,0,176.85999999999999,176.85999999999999,0.0
2026-05-29,MODUL,EXCEL,NOT_APPLICABLE,EXCEL_MODUL_AUTHORITATIVE_WHEN_PRESENT,1,1,0,0.0,0.0,0.0
2026-05-29,RTGC,EXCEL,NOT_APPLICABLE,EXCEL_NON_UJB_CATEGORY,63,63,0,9764.18,9764.18,0.0
2026-05-29,SUPPORT,EXCEL,NOT_APPLICABLE,EXCEL_SUPPORT_RETAINED_FORKLIFT_BRIDGE,1,1,0,38.84,38.84,0.0
2026-05-30,BUS,EXCEL,NOT_APPLICABLE,EXCEL_OUTSIDE_UJB_COVERAGE,3,3,0,131.23,131.23,0.0
2026-05-30,HEAD_TRUCK,EXCEL,NOT_APPLICABLE,EXCEL_OUTSIDE_UJB_COVERAGE,74,74,0,6037.95,6037.95,0.0
2026-05-30,KEND_OPS,EXCEL,NOT_APPLICABLE,EXCEL_OUTSIDE_UJB_COVERAGE,5,5,0,183.9,183.9,0.0
2026-05-30,MODUL,EXCEL,NOT_APPLICABLE,EXCEL_MODUL_AUTHORITATIVE_WHEN_PRESENT,1,1,0,0.0,0.0,0.0
2026-05-30,RTGC,EXCEL,NOT_APPLICABLE,EXCEL_NON_UJB_CATEGORY,63,63,0,10346.94,10346.94,0.0
2026-05-30,SUPPORT,EXCEL,NOT_APPLICABLE,EXCEL_SUPPORT_RETAINED_FORKLIFT_BRIDGE,2,2,0,70.13999999999999,70.13999999999999,0.0
2026-05-31,BUS,EXCEL,NOT_APPLICABLE,EXCEL_OUTSIDE_UJB_COVERAGE,3,3,0,134.9,134.9,0.0
2026-05-31,HEAD_TRUCK,EXCEL,NOT_APPLICABLE,EXCEL_OUTSIDE_UJB_COVERAGE,76,76,0,6212.24,6212.24,0.0
2026-05-31,KEND_OPS,EXCEL,NOT_APPLICABLE,EXCEL_OUTSIDE_UJB_COVERAGE,5,5,0,173.06,173.06,0.0
2026-05-31,MODUL,EXCEL,NOT_APPLICABLE,EXCEL_MODUL_AUTHORITATIVE_WHEN_PRESENT,1,1,0,0.0,0.0,0.0
2026-05-31,RTGC,EXCEL,NOT_APPLICABLE,EXCEL_NON_UJB_CATEGORY,63,63,0,10600.4,10600.4,0.0
2026-05-31,SUPPORT,EXCEL,NOT_APPLICABLE,EXCEL_SUPPORT_RETAINED_FORKLIFT_BRIDGE,1,1,0,27.47,27.47,0.0
2026-06-01,BUS,EXCEL,NOT_APPLICABLE,EXCEL_OUTSIDE_UJB_COVERAGE,3,3,0,143.74,143.74,0.0
2026-06-01,HEAD_TRUCK,EXCEL,NOT_APPLICABLE,EXCEL_OUTSIDE_UJB_COVERAGE,78,78,0,6662.4,6662.4,0.0
2026-06-01,KEND_OPS,EXCEL,NOT_APPLICABLE,EXCEL_OUTSIDE_UJB_COVERAGE,7,7,0,229.78,229.78,0.0
2026-06-01,RTGC,EXCEL,NOT_APPLICABLE,EXCEL_NON_UJB_CATEGORY,52,52,0,9895.89,9895.89,0.0
2026-06-01,SUPPORT,EXCEL,NOT_APPLICABLE,EXCEL_SUPPORT_RETAINED_FORKLIFT_BRIDGE,1,1,0,0.0,0.0,0.0
2026-06-02,BUS,EXCEL,NOT_APPLICABLE,EXCEL_OUTSIDE_UJB_COVERAGE,3,3,0,141.95,141.95,0.0
2026-06-02,HEAD_TRUCK,EXCEL,NOT_APPLICABLE,EXCEL_OUTSIDE_UJB_COVERAGE,77,77,0,6181.46,6181.46,0.0
2026-06-02,KEND_OPS,EXCEL,NOT_APPLICABLE,EXCEL_OUTSIDE_UJB_COVERAGE,5,5,0,215.91,215.91,0.0
2026-06-02,RTGC,EXCEL,NOT_APPLICABLE,EXCEL_NON_UJB_CATEGORY,52,52,0,9964.69,9964.69,0.0
2026-06-02,SUPPORT,EXCEL,NOT_APPLICABLE,EXCEL_SUPPORT_RETAINED_FORKLIFT_BRIDGE,1,1,0,24.74,24.74,0.0
2026-06-03,BUS,EXCEL,NOT_APPLICABLE,EXCEL_OUTSIDE_UJB_COVERAGE,2,2,0,94.74000000000001,94.74000000000001,0.0
2026-06-03,HEAD_TRUCK,EXCEL,NOT_APPLICABLE,EXCEL_OUTSIDE_UJB_COVERAGE,74,74,0,5449.1,5449.1,0.0
2026-06-03,KEND_OPS,EXCEL,NOT_APPLICABLE,EXCEL_OUTSIDE_UJB_COVERAGE,8,8,0,247.82999999999998,247.82999999999998,0.0
2026-06-03,RTGC,EXCEL,NOT_APPLICABLE,EXCEL_NON_UJB_CATEGORY,52,52,0,12307.57,12307.57,0.0
2026-06-03,SUPPORT,EXCEL,NOT_APPLICABLE,EXCEL_SUPPORT_RETAINED_FORKLIFT_BRIDGE,2,2,0,69.34,69.34,0.0
2026-06-04,BUS,EXCEL,NOT_APPLICABLE,EXCEL_OUTSIDE_UJB_COVERAGE,3,3,0,147.69,147.69,0.0
2026-06-04,HEAD_TRUCK,EXCEL,NOT_APPLICABLE,EXCEL_OUTSIDE_UJB_COVERAGE,76,76,0,5917.58,5917.58,0.0
2026-06-04,KEND_OPS,EXCEL,NOT_APPLICABLE,EXCEL_OUTSIDE_UJB_COVERAGE,2,2,0,72.36,72.36,0.0
2026-06-04,RTGC,EXCEL,NOT_APPLICABLE,EXCEL_NON_UJB_CATEGORY,52,52,0,12254.61,12254.61,0.0
2026-06-04,SUPPORT,EXCEL,NOT_APPLICABLE,EXCEL_SUPPORT_RETAINED_FORKLIFT_BRIDGE,1,1,0,26.43,26.43,0.0
2026-06-05,BUS,EXCEL,NOT_APPLICABLE,EXCEL_OUTSIDE_UJB_COVERAGE,3,3,0,132.9,132.9,0.0
2026-06-05,HEAD_TRUCK,EXCEL,NOT_APPLICABLE,EXCEL_OUTSIDE_UJB_COVERAGE,77,77,0,5481.75,5481.75,0.0
2026-06-05,KEND_OPS,EXCEL,NOT_APPLICABLE,EXCEL_OUTSIDE_UJB_COVERAGE,4,4,0,133.55,133.55,0.0
2026-06-05,RTGC,EXCEL,NOT_APPLICABLE,EXCEL_NON_UJB_CATEGORY,52,52,0,11498.34,11498.34,0.0
2026-06-05,SUPPORT,EXCEL,NOT_APPLICABLE,EXCEL_SUPPORT_RETAINED_FORKLIFT_BRIDGE,2,2,0,52.35,52.35,0.0
2026-06-06,BUS,EXCEL,NOT_APPLICABLE,EXCEL_OUTSIDE_UJB_COVERAGE,3,3,0,134.42000000000002,134.42000000000002,0.0
2026-06-06,HEAD_TRUCK,EXCEL,NOT_APPLICABLE,EXCEL_OUTSIDE_UJB_COVERAGE,75,75,0,5209.42,5209.42,0.0
2026-06-06,KEND_OPS,EXCEL,NOT_APPLICABLE,EXCEL_OUTSIDE_UJB_COVERAGE,2,2,0,64.34,64.34,0.0
2026-06-06,RTGC,EXCEL,NOT_APPLICABLE,EXCEL_NON_UJB_CATEGORY,52,52,0,13113.87,13113.87,0.0
2026-06-06,SUPPORT,EXCEL,NOT_APPLICABLE,EXCEL_SUPPORT_RETAINED_FORKLIFT_BRIDGE,1,1,0,0.0,0.0,0.0
2026-06-07,BUS,EXCEL,NOT_APPLICABLE,EXCEL_OUTSIDE_UJB_COVERAGE,3,3,0,144.98000000000002,144.98000000000002,0.0
2026-06-07,HEAD_TRUCK,EXCEL,NOT_APPLICABLE,EXCEL_OUTSIDE_UJB_COVERAGE,74,74,0,6470.01,6470.01,0.0
2026-06-07,KEND_OPS,EXCEL,NOT_APPLICABLE,EXCEL_OUTSIDE_UJB_COVERAGE,5,5,0,177.49,177.49,0.0
2026-06-07,RTGC,EXCEL,NOT_APPLICABLE,EXCEL_NON_UJB_CATEGORY,52,52,0,11218.15,11218.15,0.0
2026-06-07,SUPPORT,EXCEL,NOT_APPLICABLE,EXCEL_SUPPORT_RETAINED_FORKLIFT_BRIDGE,1,1,0,28.07,28.07,0.0
2026-06-08,BUS,EXCEL,NOT_APPLICABLE,EXCEL_OUTSIDE_UJB_COVERAGE,3,3,0,116.4,116.4,0.0
2026-06-08,HEAD_TRUCK,EXCEL,NOT_APPLICABLE,EXCEL_OUTSIDE_UJB_COVERAGE,74,74,0,4919.99,4919.99,0.0
2026-06-08,KEND_OPS,EXCEL,NOT_APPLICABLE,EXCEL_OUTSIDE_UJB_COVERAGE,4,4,0,129.98000000000002,129.98000000000002,0.0
2026-06-08,RTGC,EXCEL,NOT_APPLICABLE,EXCEL_NON_UJB_CATEGORY,52,52,0,9399.98,9399.98,0.0
2026-06-08,SUPPORT,EXCEL,NOT_APPLICABLE,EXCEL_SUPPORT_RETAINED_FORKLIFT_BRIDGE,2,2,0,61.0,61.0,0.0
2026-06-09,BUS,EXCEL,NOT_APPLICABLE,EXCEL_OUTSIDE_UJB_COVERAGE,3,3,0,133.5,133.5,0.0
2026-06-09,HEAD_TRUCK,EXCEL,NOT_APPLICABLE,EXCEL_OUTSIDE_UJB_COVERAGE,74,74,0,6025.86,6025.86,0.0
2026-06-09,KEND_OPS,EXCEL,NOT_APPLICABLE,EXCEL_OUTSIDE_UJB_COVERAGE,8,8,0,291.84,291.84,0.0
2026-06-09,RTGC,EXCEL,NOT_APPLICABLE,EXCEL_NON_UJB_CATEGORY,52,52,0,9968.22,9968.22,0.0
2026-06-09,SUPPORT,EXCEL,NOT_APPLICABLE,EXCEL_SUPPORT_RETAINED_FORKLIFT_BRIDGE,1,1,0,0.0,0.0,0.0
2026-06-10,BUS,EXCEL,NOT_APPLICABLE,EXCEL_OUTSIDE_UJB_COVERAGE,3,3,0,135.32,135.32,0.0
2026-06-10,HEAD_TRUCK,EXCEL,NOT_APPLICABLE,EXCEL_OUTSIDE_UJB_COVERAGE,75,75,0,5631.71,5631.71,0.0
2026-06-10,KEND_OPS,EXCEL,NOT_APPLICABLE,EXCEL_OUTSIDE_UJB_COVERAGE,5,5,0,154.65,154.65,0.0
2026-06-10,RTGC,EXCEL,NOT_APPLICABLE,EXCEL_NON_UJB_CATEGORY,52,52,0,12174.8,12174.8,0.0
2026-06-10,SUPPORT,EXCEL,NOT_APPLICABLE,EXCEL_SUPPORT_RETAINED_FORKLIFT_BRIDGE,2,2,0,67.82000000000001,67.82000000000001,0.0
2026-06-11,BUS,EXCEL,NOT_APPLICABLE,EXCEL_OUTSIDE_UJB_COVERAGE,3,3,0,143.27,143.27,0.0
2026-06-11,HEAD_TRUCK,EXCEL,NOT_APPLICABLE,EXCEL_OUTSIDE_UJB_COVERAGE,77,77,0,6898.5199999999995,6898.5199999999995,0.0
2026-06-11,KEND_OPS,EXCEL,NOT_APPLICABLE,EXCEL_OUTSIDE_UJB_COVERAGE,9,9,0,314.66,314.66,0.0
2026-06-11,RTGC,EXCEL,NOT_APPLICABLE,EXCEL_NON_UJB_CATEGORY,52,52,0,11162.21,11162.21,0.0
2026-06-11,SUPPORT,EXCEL,NOT_APPLICABLE,EXCEL_SUPPORT_RETAINED_FORKLIFT_BRIDGE,1,1,0,40.0,40.0,0.0
2026-06-12,BUS,EXCEL,NOT_APPLICABLE,EXCEL_OUTSIDE_UJB_COVERAGE,3,3,0,150.0,150.0,0.0
2026-06-12,HEAD_TRUCK,EXCEL,NOT_APPLICABLE,EXCEL_OUTSIDE_UJB_COVERAGE,77,77,0,5969.85,5969.85,0.0
2026-06-12,KEND_OPS,EXCEL,NOT_APPLICABLE,EXCEL_OUTSIDE_UJB_COVERAGE,4,4,0,140.57,140.57,0.0
2026-06-12,RTGC,EXCEL,NOT_APPLICABLE,EXCEL_NON_UJB_CATEGORY,52,52,0,10601.86,10601.86,0.0
2026-06-12,SUPPORT,EXCEL,NOT_APPLICABLE,EXCEL_SUPPORT_RETAINED_FORKLIFT_BRIDGE,2,2,0,49.13,49.13,0.0
2026-06-13,BUS,EXCEL,NOT_APPLICABLE,EXCEL_OUTSIDE_UJB_COVERAGE,3,3,0,147.93,147.93,0.0
2026-06-13,HEAD_TRUCK,EXCEL,NOT_APPLICABLE,EXCEL_OUTSIDE_UJB_COVERAGE,73,73,0,5632.86,5632.86,0.0
2026-06-13,KEND_OPS,EXCEL,NOT_APPLICABLE,EXCEL_OUTSIDE_UJB_COVERAGE,2,2,0,105.24,105.24,0.0
2026-06-13,RTGC,EXCEL,NOT_APPLICABLE,EXCEL_NON_UJB_CATEGORY,52,52,0,10912.59,10912.59,0.0
2026-06-13,SUPPORT,EXCEL,NOT_APPLICABLE,EXCEL_SUPPORT_RETAINED_FORKLIFT_BRIDGE,2,2,0,52.93,52.93,0.0
2026-06-14,BUS,EXCEL,NOT_APPLICABLE,EXCEL_OUTSIDE_UJB_COVERAGE,3,3,0,134.45,134.45,0.0
2026-06-14,HEAD_TRUCK,EXCEL,NOT_APPLICABLE,EXCEL_OUTSIDE_UJB_COVERAGE,77,77,0,6170.18,6170.18,0.0
2026-06-14,KEND_OPS,EXCEL,NOT_APPLICABLE,EXCEL_OUTSIDE_UJB_COVERAGE,8,8,0,306.2,306.2,0.0
2026-06-14,RTGC,EXCEL,NOT_APPLICABLE,EXCEL_NON_UJB_CATEGORY,52,52,0,12360.606,12360.606,0.0
2026-06-14,SUPPORT,EXCEL,NOT_APPLICABLE,EXCEL_SUPPORT_RETAINED_FORKLIFT_BRIDGE,1,1,0,37.92,37.92,0.0
2026-06-15,BUS,EXCEL,NOT_APPLICABLE,EXCEL_OUTSIDE_UJB_COVERAGE,3,3,0,138.02,138.02,0.0
2026-06-15,HEAD_TRUCK,EXCEL,NOT_APPLICABLE,EXCEL_OUTSIDE_UJB_COVERAGE,71,71,0,6556.14,6556.14,0.0
2026-06-15,KEND_OPS,EXCEL,NOT_APPLICABLE,EXCEL_OUTSIDE_UJB_COVERAGE,8,8,0,276.87,276.87,0.0
2026-06-15,RTGC,EXCEL,NOT_APPLICABLE,EXCEL_NON_UJB_CATEGORY,52,52,0,10272.45,10272.45,0.0
2026-06-15,SUPPORT,EXCEL,NOT_APPLICABLE,EXCEL_SUPPORT_RETAINED_FORKLIFT_BRIDGE,4,4,0,64.39,64.39,0.0
2026-06-16,BUS,EXCEL,NOT_APPLICABLE,EXCEL_OUTSIDE_UJB_COVERAGE,3,3,0,149.61,149.61,0.0
2026-06-16,HEAD_TRUCK,EXCEL,NOT_APPLICABLE,EXCEL_OUTSIDE_UJB_COVERAGE,72,72,0,6351.87,6351.87,0.0
2026-06-16,KEND_OPS,EXCEL,NOT_APPLICABLE,EXCEL_OUTSIDE_UJB_COVERAGE,6,6,0,195.54,195.54,0.0
2026-06-16,RTGC,EXCEL,NOT_APPLICABLE,EXCEL_NON_UJB_CATEGORY,52,52,0,9894.73,9894.73,0.0
2026-06-16,SUPPORT,EXCEL,NOT_APPLICABLE,EXCEL_SUPPORT_RETAINED_FORKLIFT_BRIDGE,2,2,0,43.47,43.47,0.0
2026-06-17,BUS,EXCEL,NOT_APPLICABLE,EXCEL_OUTSIDE_UJB_COVERAGE,3,3,0,134.6,134.6,0.0
2026-06-17,HEAD_TRUCK,EXCEL,NOT_APPLICABLE,EXCEL_OUTSIDE_UJB_COVERAGE,75,75,0,6159.44,6159.44,0.0
2026-06-17,KEND_OPS,EXCEL,NOT_APPLICABLE,EXCEL_OUTSIDE_UJB_COVERAGE,5,5,0,206.23000000000002,206.23000000000002,0.0
2026-06-17,RTGC,EXCEL,NOT_APPLICABLE,EXCEL_NON_UJB_CATEGORY,52,52,0,11561.29,11561.29,0.0
2026-06-17,SUPPORT,EXCEL,NOT_APPLICABLE,EXCEL_SUPPORT_RETAINED_FORKLIFT_BRIDGE,1,1,0,7.96,7.96,0.0
2026-06-18,BUS,EXCEL,NOT_APPLICABLE,EXCEL_OUTSIDE_UJB_COVERAGE,3,3,0,136.82,136.82,0.0
2026-06-18,HEAD_TRUCK,EXCEL,NOT_APPLICABLE,EXCEL_OUTSIDE_UJB_COVERAGE,74,74,0,5595.52,5595.52,0.0
2026-06-18,KEND_OPS,EXCEL,NOT_APPLICABLE,EXCEL_OUTSIDE_UJB_COVERAGE,4,4,0,106.33,106.33,0.0
2026-06-18,RTGC,EXCEL,NOT_APPLICABLE,EXCEL_NON_UJB_CATEGORY,52,52,0,10410.12,10410.12,0.0
2026-06-18,SUPPORT,EXCEL,NOT_APPLICABLE,EXCEL_SUPPORT_RETAINED_FORKLIFT_BRIDGE,1,1,0,73.21,73.21,0.0
2026-06-19,BUS,EXCEL,NOT_APPLICABLE,EXCEL_OUTSIDE_UJB_COVERAGE,3,3,0,144.07,144.07,0.0
2026-06-19,HEAD_TRUCK,EXCEL,NOT_APPLICABLE,EXCEL_OUTSIDE_UJB_COVERAGE,75,75,0,6263.54,6263.54,0.0
2026-06-19,KEND_OPS,EXCEL,NOT_APPLICABLE,EXCEL_OUTSIDE_UJB_COVERAGE,8,8,0,266.65999999999997,266.65999999999997,0.0
2026-06-19,RTGC,EXCEL,NOT_APPLICABLE,EXCEL_NON_UJB_CATEGORY,52,52,0,12458.33,12458.33,0.0
2026-06-19,SUPPORT,EXCEL,NOT_APPLICABLE,EXCEL_SUPPORT_RETAINED_FORKLIFT_BRIDGE,3,3,0,67.57,67.57,0.0
2026-06-20,BUS,EXCEL,NOT_APPLICABLE,EXCEL_OUTSIDE_UJB_COVERAGE,3,3,0,150.0,150.0,0.0
2026-06-20,HEAD_TRUCK,EXCEL,NOT_APPLICABLE,EXCEL_OUTSIDE_UJB_COVERAGE,75,75,0,5953.9800000000005,5953.9800000000005,0.0
2026-06-20,KEND_OPS,EXCEL,NOT_APPLICABLE,EXCEL_OUTSIDE_UJB_COVERAGE,5,5,0,136.73000000000002,136.73000000000002,0.0
2026-06-20,RTGC,EXCEL,NOT_APPLICABLE,EXCEL_NON_UJB_CATEGORY,52,52,0,11463.59,11463.59,0.0
2026-06-20,SUPPORT,EXCEL,NOT_APPLICABLE,EXCEL_SUPPORT_RETAINED_FORKLIFT_BRIDGE,2,2,0,40.0,40.0,0.0
2026-06-21,BUS,EXCEL,NOT_APPLICABLE,EXCEL_OUTSIDE_UJB_COVERAGE,3,3,0,149.85,149.85,0.0
2026-06-21,HEAD_TRUCK,EXCEL,NOT_APPLICABLE,EXCEL_OUTSIDE_UJB_COVERAGE,72,72,0,5971.14,5971.14,0.0
2026-06-21,KEND_OPS,EXCEL,NOT_APPLICABLE,EXCEL_OUTSIDE_UJB_COVERAGE,4,4,0,108.75,108.75,0.0
2026-06-21,RTGC,EXCEL,NOT_APPLICABLE,EXCEL_NON_UJB_CATEGORY,52,52,0,13208.32,13208.32,0.0
2026-06-21,SUPPORT,EXCEL,NOT_APPLICABLE,EXCEL_SUPPORT_RETAINED_FORKLIFT_BRIDGE,2,2,0,39.53,39.53,0.0
2026-06-22,BUS,EXCEL,NOT_APPLICABLE,EXCEL_OUTSIDE_UJB_COVERAGE,3,3,0,141.5,141.5,0.0
2026-06-22,HEAD_TRUCK,EXCEL,NOT_APPLICABLE,EXCEL_OUTSIDE_UJB_COVERAGE,74,74,0,6694.38,6694.38,0.0
2026-06-22,KEND_OPS,EXCEL,NOT_APPLICABLE,EXCEL_OUTSIDE_UJB_COVERAGE,4,4,0,131.35,131.35,0.0
2026-06-22,RTGC,EXCEL,NOT_APPLICABLE,EXCEL_NON_UJB_CATEGORY,52,52,0,12417.02,12417.02,0.0
2026-06-22,SUPPORT,EXCEL,NOT_APPLICABLE,EXCEL_SUPPORT_RETAINED_FORKLIFT_BRIDGE,2,2,0,24.3,24.3,0.0
2026-06-23,BUS,EXCEL,NOT_APPLICABLE,EXCEL_OUTSIDE_UJB_COVERAGE,3,3,0,144.74,144.74,0.0
2026-06-23,HEAD_TRUCK,EXCEL,NOT_APPLICABLE,EXCEL_OUTSIDE_UJB_COVERAGE,78,78,0,6869.59,6869.59,0.0
2026-06-23,KEND_OPS,EXCEL,NOT_APPLICABLE,EXCEL_OUTSIDE_UJB_COVERAGE,6,6,0,224.12,224.12,0.0
2026-06-23,RTGC,EXCEL,NOT_APPLICABLE,EXCEL_NON_UJB_CATEGORY,52,52,0,11331.55,11331.55,0.0
2026-06-23,SUPPORT,EXCEL,NOT_APPLICABLE,EXCEL_SUPPORT_RETAINED_FORKLIFT_BRIDGE,2,2,0,80.0,80.0,0.0
2026-06-24,BUS,EXCEL,NOT_APPLICABLE,EXCEL_OUTSIDE_UJB_COVERAGE,3,3,0,149.71,149.71,0.0
2026-06-24,COMPRESSOR,EXCEL,NOT_APPLICABLE,EXCEL_NON_UJB_CATEGORY,1,1,0,51.41,51.41,0.0
2026-06-24,HEAD_TRUCK,EXCEL,NOT_APPLICABLE,EXCEL_OUTSIDE_UJB_COVERAGE,73,73,0,5926.68,5926.68,0.0
2026-06-24,KEND_OPS,EXCEL,NOT_APPLICABLE,EXCEL_OUTSIDE_UJB_COVERAGE,3,3,0,80.0,80.0,0.0
2026-06-24,RTGC,EXCEL,NOT_APPLICABLE,EXCEL_NON_UJB_CATEGORY,52,52,0,11398.18,11398.18,0.0
2026-06-24,SUPPORT,EXCEL,NOT_APPLICABLE,EXCEL_SUPPORT_RETAINED_FORKLIFT_BRIDGE,2,2,0,55.269999999999996,55.269999999999996,0.0
2026-06-25,BUS,EXCEL,NOT_APPLICABLE,EXCEL_OUTSIDE_UJB_COVERAGE,3,3,0,150.0,150.0,0.0
2026-06-25,HEAD_TRUCK,EXCEL,NOT_APPLICABLE,EXCEL_OUTSIDE_UJB_COVERAGE,73,73,0,5421.42,5421.42,0.0
2026-06-25,KEND_OPS,EXCEL,NOT_APPLICABLE,EXCEL_OUTSIDE_UJB_COVERAGE,7,7,0,285.63,285.63,0.0
2026-06-25,RTGC,EXCEL,NOT_APPLICABLE,EXCEL_NON_UJB_CATEGORY,52,52,0,11498.11,11498.11,0.0
2026-06-25,SUPPORT,EXCEL,NOT_APPLICABLE,EXCEL_SUPPORT_RETAINED_FORKLIFT_BRIDGE,2,2,0,28.310000000000002,28.310000000000002,0.0
2026-06-26,BUS,EXCEL,NOT_APPLICABLE,EXCEL_OUTSIDE_UJB_COVERAGE,3,3,0,181.23000000000002,181.23000000000002,0.0
2026-06-26,HEAD_TRUCK,EXCEL,NOT_APPLICABLE,EXCEL_OUTSIDE_UJB_COVERAGE,73,73,0,6222.84,6222.84,0.0
2026-06-26,KEND_OPS,EXCEL,NOT_APPLICABLE,EXCEL_OUTSIDE_UJB_COVERAGE,8,8,0,289.74,289.74,0.0
2026-06-26,RTGC,EXCEL,NOT_APPLICABLE,EXCEL_NON_UJB_CATEGORY,52,52,0,13013.03,13013.03,0.0
2026-06-26,SUPPORT,EXCEL,NOT_APPLICABLE,EXCEL_SUPPORT_RETAINED_FORKLIFT_BRIDGE,1,1,0,29.56,29.56,0.0
2026-06-27,BUS,EXCEL,NOT_APPLICABLE,EXCEL_OUTSIDE_UJB_COVERAGE,3,3,0,135.52,135.52,0.0
2026-06-27,HEAD_TRUCK,EXCEL,NOT_APPLICABLE,EXCEL_OUTSIDE_UJB_COVERAGE,74,74,0,5964.21,5964.21,0.0
2026-06-27,KEND_OPS,EXCEL,NOT_APPLICABLE,EXCEL_OUTSIDE_UJB_COVERAGE,6,6,0,199.75,199.75,0.0
2026-06-27,RTGC,EXCEL,NOT_APPLICABLE,EXCEL_NON_UJB_CATEGORY,52,52,0,11538.36,11538.36,0.0
2026-06-27,SUPPORT,EXCEL,NOT_APPLICABLE,EXCEL_SUPPORT_RETAINED_FORKLIFT_BRIDGE,1,1,0,0.0,0.0,0.0
2026-06-28,BUS,EXCEL,NOT_APPLICABLE,EXCEL_OUTSIDE_UJB_COVERAGE,3,3,0,150.0,150.0,0.0
2026-06-28,HEAD_TRUCK,EXCEL,NOT_APPLICABLE,EXCEL_OUTSIDE_UJB_COVERAGE,70,70,0,6111.9,6111.9,0.0
2026-06-28,KEND_OPS,EXCEL,NOT_APPLICABLE,EXCEL_OUTSIDE_UJB_COVERAGE,4,4,0,96.89,96.89,0.0
2026-06-28,RTGC,EXCEL,NOT_APPLICABLE,EXCEL_NON_UJB_CATEGORY,52,52,0,11894.62,11894.62,0.0
2026-06-28,SUPPORT,EXCEL,NOT_APPLICABLE,EXCEL_SUPPORT_RETAINED_FORKLIFT_BRIDGE,1,1,0,0.0,0.0,0.0
2026-06-29,BUS,EXCEL,NOT_APPLICABLE,EXCEL_OUTSIDE_UJB_COVERAGE,3,3,0,143.65,143.65,0.0
2026-06-29,HEAD_TRUCK,EXCEL,NOT_APPLICABLE,EXCEL_OUTSIDE_UJB_COVERAGE,73,73,0,5306.48,5306.48,0.0
2026-06-29,KEND_OPS,EXCEL,NOT_APPLICABLE,EXCEL_OUTSIDE_UJB_COVERAGE,6,6,0,181.23000000000002,181.23000000000002,0.0
2026-06-29,RTGC,EXCEL,NOT_APPLICABLE,EXCEL_NON_UJB_CATEGORY,52,52,0,10027.87,10027.87,0.0
2026-06-29,SUPPORT,EXCEL,NOT_APPLICABLE,EXCEL_SUPPORT_RETAINED_FORKLIFT_BRIDGE,4,4,0,63.35,63.35,0.0
2026-06-30,BUS,EXCEL,NOT_APPLICABLE,EXCEL_OUTSIDE_UJB_COVERAGE,3,3,0,128.79,128.79,0.0
2026-06-30,HEAD_TRUCK,EXCEL,NOT_APPLICABLE,EXCEL_OUTSIDE_UJB_COVERAGE,70,70,0,5897.44,5897.44,0.0
2026-06-30,KEND_OPS,EXCEL,NOT_APPLICABLE,EXCEL_OUTSIDE_UJB_COVERAGE,9,9,0,297.4,297.4,0.0
2026-06-30,RTGC,EXCEL,NOT_APPLICABLE,EXCEL_NON_UJB_CATEGORY,52,52,0,12099.92,12099.92,0.0
2026-06-30,SUPPORT,EXCEL,NOT_APPLICABLE,EXCEL_SUPPORT_RETAINED_FORKLIFT_BRIDGE,2,2,0,40.0,40.0,0.0
2026-07-01,BUS,EXCEL,NOT_APPLICABLE,EXCEL_OUTSIDE_UJB_COVERAGE,3,3,0,142.16,142.16,0.0
2026-07-01,HEAD_TRUCK,EXCEL,NOT_APPLICABLE,EXCEL_OUTSIDE_UJB_COVERAGE,74,74,0,6596.61,6596.61,0.0
2026-07-01,KEND_OPS,EXCEL,NOT_APPLICABLE,EXCEL_OUTSIDE_UJB_COVERAGE,3,3,0,62.760000000000005,62.760000000000005,0.0
2026-07-01,RTGC,EXCEL,NOT_APPLICABLE,EXCEL_NON_UJB_CATEGORY,52,52,0,11953.51,11953.51,0.0
2026-07-01,SUPPORT,EXCEL,NOT_APPLICABLE,EXCEL_SUPPORT_RETAINED_FORKLIFT_BRIDGE,2,2,0,30.46,30.46,0.0
2026-07-02,BUS,EXCEL,NOT_APPLICABLE,EXCEL_OUTSIDE_UJB_COVERAGE,3,3,0,143.29,143.29,0.0
2026-07-02,HEAD_TRUCK,EXCEL,NOT_APPLICABLE,EXCEL_OUTSIDE_UJB_COVERAGE,73,73,0,5827.75,5827.75,0.0
2026-07-02,KEND_OPS,EXCEL,NOT_APPLICABLE,EXCEL_OUTSIDE_UJB_COVERAGE,6,6,0,187.9,187.9,0.0
2026-07-02,RTGC,EXCEL,NOT_APPLICABLE,EXCEL_NON_UJB_CATEGORY,52,52,0,11362.78,11362.78,0.0
2026-07-02,SUPPORT,EXCEL,NOT_APPLICABLE,EXCEL_SUPPORT_RETAINED_FORKLIFT_BRIDGE,5,5,0,120.47999999999999,120.47999999999999,0.0
2026-07-03,BUS,EXCEL,NOT_APPLICABLE,EXCEL_OUTSIDE_UJB_COVERAGE,3,3,0,148.57999999999998,148.57999999999998,0.0
2026-07-03,HEAD_TRUCK,EXCEL,NOT_APPLICABLE,EXCEL_OUTSIDE_UJB_COVERAGE,75,75,0,5929.55,5929.55,0.0
2026-07-03,KEND_OPS,EXCEL,NOT_APPLICABLE,EXCEL_OUTSIDE_UJB_COVERAGE,7,7,0,234.14999999999998,234.14999999999998,0.0
2026-07-03,RTGC,EXCEL,NOT_APPLICABLE,EXCEL_NON_UJB_CATEGORY,52,52,0,11601.01,11601.01,0.0
2026-07-03,SUPPORT,EXCEL,NOT_APPLICABLE,EXCEL_SUPPORT_RETAINED_FORKLIFT_BRIDGE,4,4,0,289.67,289.67,0.0
2026-07-04,BUS,EXCEL,NOT_APPLICABLE,EXCEL_OUTSIDE_UJB_COVERAGE,3,3,0,145.07,145.07,0.0
2026-07-04,HEAD_TRUCK,EXCEL,NOT_APPLICABLE,EXCEL_OUTSIDE_UJB_COVERAGE,74,74,0,5633.44,5633.44,0.0
2026-07-04,KEND_OPS,EXCEL,NOT_APPLICABLE,EXCEL_OUTSIDE_UJB_COVERAGE,8,8,0,218.65,218.65,0.0
2026-07-04,RTGC,EXCEL,NOT_APPLICABLE,EXCEL_NON_UJB_CATEGORY,52,52,0,13131.27,13131.27,0.0
2026-07-04,SUPPORT,EXCEL,NOT_APPLICABLE,EXCEL_SUPPORT_RETAINED_FORKLIFT_BRIDGE,2,2,0,104.08,104.08,0.0
2026-07-05,BUS,EXCEL,NOT_APPLICABLE,EXCEL_OUTSIDE_UJB_COVERAGE,3,3,0,143.59,143.59,0.0
2026-07-05,HEAD_TRUCK,EXCEL,NOT_APPLICABLE,EXCEL_OUTSIDE_UJB_COVERAGE,73,73,0,6061.11,6061.11,0.0
2026-07-05,KEND_OPS,EXCEL,NOT_APPLICABLE,EXCEL_OUTSIDE_UJB_COVERAGE,6,6,0,140.2,140.2,0.0
2026-07-05,RTGC,EXCEL,NOT_APPLICABLE,EXCEL_NON_UJB_CATEGORY,52,52,0,11994.15,11994.15,0.0
2026-07-05,SUPPORT,EXCEL,NOT_APPLICABLE,EXCEL_SUPPORT_RETAINED_FORKLIFT_BRIDGE,2,2,0,37.26,37.26,0.0
2026-07-06,BUS,EXCEL,NOT_APPLICABLE,EXCEL_OUTSIDE_UJB_COVERAGE,3,3,0,147.07,147.07,0.0
2026-07-06,HEAD_TRUCK,EXCEL,NOT_APPLICABLE,EXCEL_OUTSIDE_UJB_COVERAGE,75,75,0,5560.1,5560.1,0.0
2026-07-06,KEND_OPS,EXCEL,NOT_APPLICABLE,EXCEL_OUTSIDE_UJB_COVERAGE,8,8,0,257.37,257.37,0.0
2026-07-06,RTGC,EXCEL,NOT_APPLICABLE,EXCEL_NON_UJB_CATEGORY,52,52,0,12292.6,12292.6,0.0
2026-07-06,SUPPORT,EXCEL,NOT_APPLICABLE,EXCEL_SUPPORT_RETAINED_FORKLIFT_BRIDGE,3,3,0,246.53,246.53,0.0
2026-07-07,BUS,EXCEL,NOT_APPLICABLE,EXCEL_OUTSIDE_UJB_COVERAGE,3,3,0,150.0,150.0,0.0
2026-07-07,HEAD_TRUCK,EXCEL,NOT_APPLICABLE,EXCEL_OUTSIDE_UJB_COVERAGE,77,77,0,5660.75,5660.75,0.0
2026-07-07,KEND_OPS,EXCEL,NOT_APPLICABLE,EXCEL_OUTSIDE_UJB_COVERAGE,3,3,0,99.8,99.8,0.0
2026-07-07,RTGC,EXCEL,NOT_APPLICABLE,EXCEL_NON_UJB_CATEGORY,52,52,0,11513.47,11513.47,0.0
2026-07-07,SUPPORT,EXCEL,NOT_APPLICABLE,EXCEL_SUPPORT_RETAINED_FORKLIFT_BRIDGE,4,4,0,154.76999999999998,154.76999999999998,0.0
2026-07-08,BUS,EXCEL,NOT_APPLICABLE,EXCEL_OUTSIDE_UJB_COVERAGE,3,3,0,147.74,147.74,0.0
2026-07-08,HEAD_TRUCK,EXCEL,NOT_APPLICABLE,EXCEL_OUTSIDE_UJB_COVERAGE,78,78,0,5680.01,5680.01,0.0
2026-07-08,KEND_OPS,EXCEL,NOT_APPLICABLE,EXCEL_OUTSIDE_UJB_COVERAGE,7,7,0,181.82,181.82,0.0
2026-07-08,RTGC,EXCEL,NOT_APPLICABLE,EXCEL_NON_UJB_CATEGORY,52,52,0,12200.49,12200.49,0.0
2026-07-08,SUPPORT,EXCEL,NOT_APPLICABLE,EXCEL_SUPPORT_RETAINED_FORKLIFT_BRIDGE,2,2,0,15.29,15.29,0.0
2026-07-09,BUS,EXCEL,NOT_APPLICABLE,EXCEL_OUTSIDE_UJB_COVERAGE,3,3,0,143.66,143.66,0.0
2026-07-09,HEAD_TRUCK,EXCEL,NOT_APPLICABLE,EXCEL_OUTSIDE_UJB_COVERAGE,74,74,0,6366.71,6366.71,0.0
2026-07-09,KEND_OPS,EXCEL,NOT_APPLICABLE,EXCEL_OUTSIDE_UJB_COVERAGE,9,9,0,282.40000000000003,282.40000000000003,0.0
2026-07-09,RTGC,EXCEL,NOT_APPLICABLE,EXCEL_NON_UJB_CATEGORY,52,52,0,11673.77,11673.77,0.0
2026-07-09,SUPPORT,EXCEL,NOT_APPLICABLE,EXCEL_SUPPORT_RETAINED_FORKLIFT_BRIDGE,3,3,0,230.83,230.83,0.0
2026-07-10,BUS,EXCEL,NOT_APPLICABLE,EXCEL_OUTSIDE_UJB_COVERAGE,3,3,0,149.82,149.82,0.0
2026-07-10,HEAD_TRUCK,EXCEL,NOT_APPLICABLE,EXCEL_OUTSIDE_UJB_COVERAGE,77,77,0,6110.93,6110.93,0.0
2026-07-10,KEND_OPS,EXCEL,NOT_APPLICABLE,EXCEL_OUTSIDE_UJB_COVERAGE,2,2,0,40.0,40.0,0.0
2026-07-10,RTGC,EXCEL,NOT_APPLICABLE,EXCEL_NON_UJB_CATEGORY,52,52,0,11749.33,11749.33,0.0
2026-07-10,SUPPORT,EXCEL,NOT_APPLICABLE,EXCEL_SUPPORT_RETAINED_FORKLIFT_BRIDGE,2,2,0,27.18,27.18,0.0
2026-07-11,BUS,EXCEL,NOT_APPLICABLE,EXCEL_OUTSIDE_UJB_COVERAGE,3,3,0,139.82999999999998,139.82999999999998,0.0
2026-07-11,HEAD_TRUCK,EXCEL,NOT_APPLICABLE,EXCEL_OUTSIDE_UJB_COVERAGE,78,78,0,6387.87,6387.87,0.0
2026-07-11,KEND_OPS,EXCEL,NOT_APPLICABLE,EXCEL_OUTSIDE_UJB_COVERAGE,9,9,0,272.51,272.51,0.0
2026-07-11,RTGC,EXCEL,NOT_APPLICABLE,EXCEL_NON_UJB_CATEGORY,52,52,0,11448.76,11448.76,0.0
2026-07-11,SUPPORT,EXCEL,NOT_APPLICABLE,EXCEL_SUPPORT_RETAINED_FORKLIFT_BRIDGE,1,1,0,0.0,0.0,0.0
2026-07-12,BUS,EXCEL,NOT_APPLICABLE,EXCEL_OUTSIDE_UJB_COVERAGE,3,3,0,134.01,134.01,0.0
2026-07-12,HEAD_TRUCK,EXCEL,NOT_APPLICABLE,EXCEL_OUTSIDE_UJB_COVERAGE,76,76,0,5702.88,5702.88,0.0
2026-07-12,KEND_OPS,EXCEL,NOT_APPLICABLE,EXCEL_OUTSIDE_UJB_COVERAGE,3,3,0,61.67,61.67,0.0
2026-07-12,RTGC,EXCEL,NOT_APPLICABLE,EXCEL_NON_UJB_CATEGORY,52,52,0,11022.85,11022.85,0.0
2026-07-12,SUPPORT,EXCEL,NOT_APPLICABLE,EXCEL_SUPPORT_RETAINED_FORKLIFT_BRIDGE,2,2,0,33.75,33.75,0.0
2026-07-13,BUS,EXCEL,NOT_APPLICABLE,EXCEL_OUTSIDE_UJB_COVERAGE,3,3,0,145.94,145.94,0.0
2026-07-13,HEAD_TRUCK,EXCEL,NOT_APPLICABLE,EXCEL_OUTSIDE_UJB_COVERAGE,77,77,0,6388.82,6388.82,0.0
2026-07-13,KEND_OPS,EXCEL,NOT_APPLICABLE,EXCEL_OUTSIDE_UJB_COVERAGE,8,8,0,238.79,238.79,0.0
2026-07-13,RTGC,EXCEL,NOT_APPLICABLE,EXCEL_NON_UJB_CATEGORY,52,52,0,10149.51,10149.51,0.0
2026-07-13,SUPPORT,EXCEL,NOT_APPLICABLE,EXCEL_SUPPORT_RETAINED_FORKLIFT_BRIDGE,3,3,0,54.18,54.18,0.0
2026-07-14,BUS,EXCEL,NOT_APPLICABLE,EXCEL_OUTSIDE_UJB_COVERAGE,3,3,0,144.29,144.29,0.0
2026-07-14,HEAD_TRUCK,EXCEL,NOT_APPLICABLE,EXCEL_OUTSIDE_UJB_COVERAGE,76,76,0,5722.03,5722.03,0.0
2026-07-14,KEND_OPS,EXCEL,NOT_APPLICABLE,EXCEL_OUTSIDE_UJB_COVERAGE,5,5,0,160.0,160.0,0.0
2026-07-14,RTGC,EXCEL,NOT_APPLICABLE,EXCEL_NON_UJB_CATEGORY,52,52,0,12121.72,12121.72,0.0
2026-07-14,SUPPORT,EXCEL,NOT_APPLICABLE,EXCEL_SUPPORT_RETAINED_FORKLIFT_BRIDGE,2,2,0,31.64,31.64,0.0
2026-07-15,BUS,EXCEL,NOT_APPLICABLE,EXCEL_OUTSIDE_UJB_COVERAGE,3,3,0,150.0,150.0,0.0
2026-07-15,HEAD_TRUCK,EXCEL,NOT_APPLICABLE,EXCEL_OUTSIDE_UJB_COVERAGE,75,75,0,5841.61,5841.61,0.0
2026-07-15,KEND_OPS,EXCEL,NOT_APPLICABLE,EXCEL_OUTSIDE_UJB_COVERAGE,4,4,0,103.21000000000001,103.21000000000001,0.0
2026-07-15,RTGC,EXCEL,NOT_APPLICABLE,EXCEL_NON_UJB_CATEGORY,52,52,0,11634.83,11634.83,0.0
2026-07-15,SUPPORT,EXCEL,NOT_APPLICABLE,EXCEL_SUPPORT_RETAINED_FORKLIFT_BRIDGE,2,2,0,29.58,29.58,0.0
2026-07-16,BUS,EXCEL,NOT_APPLICABLE,EXCEL_OUTSIDE_UJB_COVERAGE,3,3,0,149.97,149.97,0.0
2026-07-16,HEAD_TRUCK,EXCEL,NOT_APPLICABLE,EXCEL_OUTSIDE_UJB_COVERAGE,76,76,0,5804.04,5804.04,0.0
2026-07-16,KEND_OPS,EXCEL,NOT_APPLICABLE,EXCEL_OUTSIDE_UJB_COVERAGE,7,7,0,246.89,246.89,0.0
2026-07-16,RTGC,EXCEL,NOT_APPLICABLE,EXCEL_NON_UJB_CATEGORY,52,52,0,13409.17,13409.17,0.0
2026-07-16,SUPPORT,EXCEL,NOT_APPLICABLE,EXCEL_SUPPORT_RETAINED_FORKLIFT_BRIDGE,2,2,0,70.39,70.39,0.0
2026-07-17,BUS,EXCEL,NOT_APPLICABLE,EXCEL_OUTSIDE_UJB_COVERAGE,3,3,0,148.87,148.87,0.0
2026-07-17,HEAD_TRUCK,EXCEL,NOT_APPLICABLE,EXCEL_OUTSIDE_UJB_COVERAGE,77,77,0,6475.16,6475.16,0.0
2026-07-17,KEND_OPS,EXCEL,NOT_APPLICABLE,EXCEL_OUTSIDE_UJB_COVERAGE,7,7,0,209.49,209.49,0.0
2026-07-17,RTGC,EXCEL,NOT_APPLICABLE,EXCEL_NON_UJB_CATEGORY,52,52,0,13062.64,13062.64,0.0
2026-07-17,SUPPORT,EXCEL,NOT_APPLICABLE,EXCEL_SUPPORT_RETAINED_FORKLIFT_BRIDGE,3,3,0,77.21000000000001,77.21000000000001,0.0
2026-07-18,BUS,EXCEL,NOT_APPLICABLE,EXCEL_OUTSIDE_UJB_COVERAGE,3,3,0,148.32,148.32,0.0
2026-07-18,HEAD_TRUCK,EXCEL,NOT_APPLICABLE,EXCEL_OUTSIDE_UJB_COVERAGE,78,78,0,6194.19,6194.19,0.0
2026-07-18,KEND_OPS,EXCEL,NOT_APPLICABLE,EXCEL_OUTSIDE_UJB_COVERAGE,3,3,0,80.0,80.0,0.0
2026-07-18,RTGC,EXCEL,NOT_APPLICABLE,EXCEL_NON_UJB_CATEGORY,52,52,0,14415.86,14415.86,0.0
2026-07-18,SUPPORT,EXCEL,NOT_APPLICABLE,EXCEL_SUPPORT_RETAINED_FORKLIFT_BRIDGE,2,2,0,25.94,25.94,0.0
2026-07-19,BUS,EXCEL,NOT_APPLICABLE,EXCEL_OUTSIDE_UJB_COVERAGE,3,3,0,148.09,148.09,0.0
2026-07-19,HEAD_TRUCK,EXCEL,NOT_APPLICABLE,EXCEL_OUTSIDE_UJB_COVERAGE,78,78,0,6735.66,6735.66,0.0
2026-07-19,KEND_OPS,EXCEL,NOT_APPLICABLE,EXCEL_OUTSIDE_UJB_COVERAGE,8,8,0,233.23,233.23,0.0
2026-07-19,RTGC,EXCEL,NOT_APPLICABLE,EXCEL_NON_UJB_CATEGORY,52,52,0,13783.38,13783.38,0.0
2026-07-19,SUPPORT,EXCEL,NOT_APPLICABLE,EXCEL_SUPPORT_RETAINED_FORKLIFT_BRIDGE,2,2,0,14.28,14.28,0.0
2026-07-20,BUS,EXCEL,NOT_APPLICABLE,EXCEL_OUTSIDE_UJB_COVERAGE,3,3,0,148.55,148.55,0.0
2026-07-20,HEAD_TRUCK,EXCEL,NOT_APPLICABLE,EXCEL_OUTSIDE_UJB_COVERAGE,75,75,0,5857.45,5857.45,0.0
2026-07-20,KEND_OPS,EXCEL,NOT_APPLICABLE,EXCEL_OUTSIDE_UJB_COVERAGE,9,9,0,283.27,283.27,0.0
2026-07-20,MODUL,EXCEL,NOT_APPLICABLE,EXCEL_MODUL_AUTHORITATIVE_WHEN_PRESENT,1,1,0,2000.0,2000.0,0.0
2026-07-20,RTGC,EXCEL,NOT_APPLICABLE,EXCEL_NON_UJB_CATEGORY,52,52,0,12940.96,12940.96,0.0
2026-07-20,SUPPORT,EXCEL,NOT_APPLICABLE,EXCEL_SUPPORT_RETAINED_FORKLIFT_BRIDGE,2,2,0,36.1,36.1,0.0
2026-07-21,BUS,EXCEL,NOT_APPLICABLE,EXCEL_OUTSIDE_UJB_COVERAGE,1,1,0,0.0,0.0,0.0
2026-07-21,HEAD_TRUCK,EXCEL,NOT_APPLICABLE,EXCEL_OUTSIDE_UJB_COVERAGE,1,1,0,0.0,0.0,0.0
2026-07-21,KEND_OPS,EXCEL,NOT_APPLICABLE,EXCEL_OUTSIDE_UJB_COVERAGE,1,1,0,0.0,0.0,0.0
2026-07-21,RTGC,EXCEL,NOT_APPLICABLE,EXCEL_NON_UJB_CATEGORY,16,16,0,0.0,0.0,0.0
2026-07-21,SUPPORT,EXCEL,NOT_APPLICABLE,EXCEL_SUPPORT_RETAINED_FORKLIFT_BRIDGE,1,1,0,0.0,0.0,0.0
2026-08-18,BUS,UJB,UNKNOWN,UJB_UNKNOWN_COVERAGE_SUPPRESSED,3,0,3,149.72,0.0,149.72
2026-08-18,ELF,UJB,UNKNOWN,UJB_UNKNOWN_COVERAGE_SUPPRESSED,3,0,3,112.27000000000001,0.0,112.27000000000001
2026-08-18,FORKLIFT,UJB,UNKNOWN,UJB_UNKNOWN_COVERAGE_SUPPRESSED,2,0,2,44.21,0.0,44.21
2026-08-18,HEAD_TRUCK,UJB,UNKNOWN,UJB_UNKNOWN_COVERAGE_SUPPRESSED,76,0,76,6537.6,0.0,6537.6
2026-08-18,KEND_OPS,UJB,UNKNOWN,UJB_UNKNOWN_COVERAGE_SUPPRESSED,4,0,4,138.07999999999998,0.0,138.07999999999998
2026-08-19,BUS,UJB,UNKNOWN,UJB_UNKNOWN_COVERAGE_SUPPRESSED,4,0,4,149.89000000000001,0.0,149.89000000000001
2026-08-19,ELF,UJB,UNKNOWN,UJB_UNKNOWN_COVERAGE_SUPPRESSED,3,0,3,117.55000000000001,0.0,117.55000000000001
2026-08-19,HEAD_TRUCK,UJB,UNKNOWN,UJB_UNKNOWN_COVERAGE_SUPPRESSED,73,0,73,5449.63,0.0,5449.63
2026-08-19,KEND_OPS,UJB,UNKNOWN,UJB_UNKNOWN_COVERAGE_SUPPRESSED,5,0,5,169.45,0.0,169.45
2026-08-20,BUS,UJB,UNKNOWN,UJB_UNKNOWN_COVERAGE_SUPPRESSED,3,0,3,150.0,0.0,150.0
2026-08-20,ELF,UJB,UNKNOWN,UJB_UNKNOWN_COVERAGE_SUPPRESSED,3,0,3,120.0,0.0,120.0
2026-08-20,FORKLIFT,UJB,UNKNOWN,UJB_UNKNOWN_COVERAGE_SUPPRESSED,2,0,2,64.84,0.0,64.84
2026-08-20,HEAD_TRUCK,UJB,UNKNOWN,UJB_UNKNOWN_COVERAGE_SUPPRESSED,70,0,70,4097.39,0.0,4097.39
2026-08-20,KEND_OPS,UJB,UNKNOWN,UJB_UNKNOWN_COVERAGE_SUPPRESSED,5,0,5,174.45999999999998,0.0,174.45999999999998
2026-08-20,MODUL,UJB,UNKNOWN,UJB_UNKNOWN_COVERAGE_SUPPRESSED,1,0,1,40.0,0.0,40.0
2026-08-21,BUS,UJB,UNKNOWN,UJB_UNKNOWN_COVERAGE_SUPPRESSED,3,0,3,150.68,0.0,150.68
2026-08-21,ELF,UJB,UNKNOWN,UJB_UNKNOWN_COVERAGE_SUPPRESSED,3,0,3,118.46000000000001,0.0,118.46000000000001
2026-08-21,HEAD_TRUCK,UJB,UNKNOWN,UJB_UNKNOWN_COVERAGE_SUPPRESSED,76,0,76,3657.5,0.0,3657.5
2026-08-21,KEND_OPS,UJB,UNKNOWN,UJB_UNKNOWN_COVERAGE_SUPPRESSED,7,0,7,274.39,0.0,274.39
2026-08-22,BUS,UJB,UNKNOWN,UJB_UNKNOWN_COVERAGE_SUPPRESSED,3,0,3,153.32999999999998,0.0,153.32999999999998
2026-08-22,ELF,UJB,UNKNOWN,UJB_UNKNOWN_COVERAGE_SUPPRESSED,3,0,3,90.0,0.0,90.0
2026-08-22,FORKLIFT,UJB,UNKNOWN,UJB_UNKNOWN_COVERAGE_SUPPRESSED,1,0,1,30.9,0.0,30.9
2026-08-22,HEAD_TRUCK,UJB,UNKNOWN,UJB_UNKNOWN_COVERAGE_SUPPRESSED,72,0,72,2191.77,0.0,2191.77
2026-08-22,KEND_OPS,UJB,UNKNOWN,UJB_UNKNOWN_COVERAGE_SUPPRESSED,5,0,5,144.12,0.0,144.12
2026-08-23,BUS,UJB,UNKNOWN,UJB_UNKNOWN_COVERAGE_SUPPRESSED,3,0,3,150.89,0.0,150.89
2026-08-23,ELF,UJB,UNKNOWN,UJB_UNKNOWN_COVERAGE_SUPPRESSED,3,0,3,90.0,0.0,90.0
2026-08-23,FORKLIFT,UJB,UNKNOWN,UJB_UNKNOWN_COVERAGE_SUPPRESSED,1,0,1,18.58,0.0,18.58
2026-08-23,HEAD_TRUCK,UJB,UNKNOWN,UJB_UNKNOWN_COVERAGE_SUPPRESSED,75,0,75,5846.05,0.0,5846.05
2026-08-23,KEND_OPS,UJB,UNKNOWN,UJB_UNKNOWN_COVERAGE_SUPPRESSED,3,0,3,116.16,0.0,116.16
2026-08-24,BUS,UJB,UNKNOWN,UJB_UNKNOWN_COVERAGE_SUPPRESSED,3,0,3,159.55,0.0,159.55
2026-08-24,ELF,UJB,UNKNOWN,UJB_UNKNOWN_COVERAGE_SUPPRESSED,3,0,3,90.0,0.0,90.0
2026-08-24,FORKLIFT,UJB,UNKNOWN,UJB_UNKNOWN_COVERAGE_SUPPRESSED,1,0,1,17.94,0.0,17.94
2026-08-24,HEAD_TRUCK,UJB,UNKNOWN,UJB_UNKNOWN_COVERAGE_SUPPRESSED,75,0,75,5741.73,0.0,5741.73
2026-08-24,KEND_OPS,UJB,UNKNOWN,UJB_UNKNOWN_COVERAGE_SUPPRESSED,4,0,4,138.26999999999998,0.0,138.26999999999998
2026-09-05,BUS,UJB,COMPLETE,UJB_PREFERRED_ON_COVERED_DATE,3,3,0,160.74,160.74,0.0
2026-09-05,ELF,UJB,COMPLETE,UJB_PREFERRED_ON_COVERED_DATE,3,3,0,105.0,105.0,0.0
2026-09-05,FORKLIFT,UJB,COMPLETE,UJB_FORKLIFT_FALLBACK_NO_EXCEL_SUPPORT,1,1,0,22.52,22.52,0.0
2026-09-05,HEAD_TRUCK,UJB,COMPLETE,UJB_PREFERRED_ON_COVERED_DATE,79,79,0,5699.14,5699.14,0.0
2026-09-05,INOVADM,UJB,COMPLETE,UJB_UNAPPROVED_CATEGORY_SUPPRESSED,1,0,1,34.39,0.0,34.39
2026-09-05,KEND_OPS,UJB,COMPLETE,UJB_PREFERRED_ON_COVERED_DATE,7,7,0,203.34,203.34,0.0
2026-09-06,BUS,UJB,COMPLETE,UJB_PREFERRED_ON_COVERED_DATE,3,3,0,162.95,162.95,0.0
2026-09-06,ELF,UJB,COMPLETE,UJB_PREFERRED_ON_COVERED_DATE,3,3,0,104.75,104.75,0.0
2026-09-06,FORKLIFT,UJB,COMPLETE,UJB_FORKLIFT_FALLBACK_NO_EXCEL_SUPPORT,1,1,0,19.64,19.64,0.0
2026-09-06,HEAD_TRUCK,UJB,COMPLETE,UJB_PREFERRED_ON_COVERED_DATE,81,81,0,7121.44,7121.44,0.0
2026-09-06,KEND_OPS,UJB,COMPLETE,UJB_PREFERRED_ON_COVERED_DATE,3,3,0,84.15,84.15,0.0
2026-09-07,1050-38,UJB,COMPLETE,UJB_UNAPPROVED_CATEGORY_SUPPRESSED,1,0,1,30.13,0.0,30.13
2026-09-07,9015 UBE,UJB,COMPLETE,UJB_UNAPPROVED_CATEGORY_SUPPRESSED,1,0,1,40.0,0.0,40.0
2026-09-07,BUS,UJB,COMPLETE,UJB_PREFERRED_ON_COVERED_DATE,4,4,0,151.67000000000002,151.67000000000002,0.0
2026-09-07,ELF,UJB,COMPLETE,UJB_PREFERRED_ON_COVERED_DATE,3,3,0,105.0,105.0,0.0
2026-09-07,FORKLIFT,UJB,COMPLETE,UJB_FORKLIFT_FALLBACK_NO_EXCEL_SUPPORT,2,2,0,54.5,54.5,0.0
2026-09-07,HEAD_TRUCK,UJB,COMPLETE,UJB_PREFERRED_ON_COVERED_DATE,78,78,0,6115.99,6115.99,0.0
2026-09-07,KEND_OPS,UJB,COMPLETE,UJB_PREFERRED_ON_COVERED_DATE,5,5,0,136.47,136.47,0.0
2026-09-07,PEMADAM,UJB,COMPLETE,UJB_UNAPPROVED_CATEGORY_SUPPRESSED,1,0,1,15.92,0.0,15.92
2026-09-07,TENGKI,UJB,COMPLETE,UJB_UNAPPROVED_CATEGORY_SUPPRESSED,1,0,1,40.0,0.0,40.0
2026-09-08,177,UJB,COMPLETE,UJB_UNAPPROVED_CATEGORY_SUPPRESSED,1,0,1,85.89,0.0,85.89
2026-09-08,BUS,UJB,COMPLETE,UJB_PREFERRED_ON_COVERED_DATE,3,3,0,161.16,161.16,0.0
2026-09-08,ELF,UJB,COMPLETE,UJB_PREFERRED_ON_COVERED_DATE,3,3,0,105.0,105.0,0.0
2026-09-08,FORKLIFT,UJB,COMPLETE,UJB_FORKLIFT_FALLBACK_NO_EXCEL_SUPPORT,2,2,0,50.44,50.44,0.0
2026-09-08,HEAD_TRUCK,UJB,COMPLETE,UJB_PREFERRED_ON_COVERED_DATE,72,72,0,6143.32,6143.32,0.0
2026-09-08,HI,UJB,COMPLETE,UJB_UNAPPROVED_CATEGORY_SUPPRESSED,1,0,1,53.99,0.0,53.99
2026-09-08,KEND_OPS,UJB,COMPLETE,UJB_PREFERRED_ON_COVERED_DATE,5,5,0,169.35,169.35,0.0
2026-09-09,BUS,UJB,COMPLETE,UJB_PREFERRED_ON_COVERED_DATE,3,3,0,155.21,155.21,0.0
2026-09-09,ELF,UJB,COMPLETE,UJB_PREFERRED_ON_COVERED_DATE,3,3,0,105.0,105.0,0.0
2026-09-09,FORKLIFT,UJB,COMPLETE,UJB_FORKLIFT_FALLBACK_NO_EXCEL_SUPPORT,2,2,0,33.05,33.05,0.0
2026-09-09,HEAD_TRUCK,UJB,COMPLETE,UJB_PREFERRED_ON_COVERED_DATE,77,77,0,6511.52,6511.52,0.0
2026-09-09,KEND_OPS,UJB,COMPLETE,UJB_PREFERRED_ON_COVERED_DATE,6,6,0,216.42000000000002,216.42000000000002,0.0
2026-09-10,BUS,UJB,COMPLETE,UJB_PREFERRED_ON_COVERED_DATE,3,3,0,164.62,164.62,0.0
2026-09-10,ELF,UJB,COMPLETE,UJB_PREFERRED_ON_COVERED_DATE,3,3,0,104.02000000000001,104.02000000000001,0.0
2026-09-10,HEAD_TRUCK,UJB,COMPLETE,UJB_PREFERRED_ON_COVERED_DATE,78,78,0,6492.1,6492.1,0.0
2026-09-10,KEND_OPS,UJB,COMPLETE,UJB_PREFERRED_ON_COVERED_DATE,4,4,0,150.59,150.59,0.0
2026-09-11,BUS,UJB,COMPLETE,UJB_PREFERRED_ON_COVERED_DATE,3,3,0,158.6,158.6,0.0
2026-09-11,ELF,UJB,COMPLETE,UJB_PREFERRED_ON_COVERED_DATE,3,3,0,105.0,105.0,0.0
2026-09-11,FORKLIFT,UJB,COMPLETE,UJB_FORKLIFT_FALLBACK_NO_EXCEL_SUPPORT,1,1,0,37.45,37.45,0.0
2026-09-11,HEAD_TRUCK,UJB,COMPLETE,UJB_PREFERRED_ON_COVERED_DATE,72,72,0,5962.06,5962.06,0.0
2026-09-11,KEND_OPS,UJB,COMPLETE,UJB_PREFERRED_ON_COVERED_DATE,5,5,0,164.23,164.23,0.0
2026-09-11,SL,UJB,COMPLETE,UJB_UNAPPROVED_CATEGORY_SUPPRESSED,1,0,1,93.2,0.0,93.2
,HEAD_TRUCK,EXCEL,NOT_APPLICABLE,EXCEL_OUTSIDE_UJB_COVERAGE,3,3,0,0.0,0.0,0.0
,KEND_OPS,EXCEL,NOT_APPLICABLE,EXCEL_OUTSIDE_UJB_COVERAGE,3,3,0,0.0,0.0,0.0
,MODUL,EXCEL,NOT_APPLICABLE,EXCEL_MODUL_AUTHORITATIVE_WHEN_PRESENT,3,3,0,0.0,0.0,0.0
,RTGC,EXCEL,NOT_APPLICABLE,EXCEL_NON_UJB_CATEGORY,33,33,0,0.0,0.0,0.0
,SUPPORT,EXCEL,NOT_APPLICABLE,EXCEL_SUPPORT_RETAINED_FORKLIFT_BRIDGE,3,3,0,0.0,0.0,0.0
