date,event_time,year,month,equipment_category,equipment_id,fuel_liter,status_text,source_sheet,source_file,source_row,source_event_key,data_status,issue_code
2026-10-09,08:40:02,2026,10,ELF,01,35.0,online,N/A,ujb_dashboard_scrape,1,732dde4df7e748fae60d9ca820e7cf5aeddddb1c,VALID,
2026-10-09,08:38:38,2026,10,HEAD_TRUCK,207,69.77,online,N/A,ujb_dashboard_scrape,2,0992e950349f1699e8330a70f01f705f9fe854da,VALID,
2026-10-09,08:37:39,2026,10,HEAD_TRUCK,193,87.96,online,N/A,ujb_dashboard_scrape,3,74a0ac549673cc44cf6451aba0fbd1861a44938e,VALID,
2026-10-09,08:35:27,2026,10,HEAD_TRUCK,157,69.02,online,N/A,ujb_dashboard_scrape,4,81f5c1d2d1bf5a5868e498ef4a207b7c6f5f2c7c,VALID,
2026-10-09,08:28:44,2026,10,HEAD_TRUCK,138,84.29,online,N/A,ujb_dashboard_scrape,5,37491b0df5ecbf3ab347b8be8dc9f0d9180c88d8,VALID,
2026-10-09,08:26:47,2026,10,HEAD_TRUCK,161,95.61,online,N/A,ujb_dashboard_scrape,6,3a3a913ff08ee2fbb9ab94d3169f2706635d49cd,VALID,
2026-10-09,08:24:38,2026,10,HEAD_TRUCK,209,107.07,online,N/A,ujb_dashboard_scrape,7,2d08e49e4d02f3535fb3dd0d4323f90bc94f3cb4,VALID,
2026-10-09,08:24:04,2026,10,HEAD_TRUCK,202,140.14,online,N/A,ujb_dashboard_scrape,8,f78ef33f67bd14f086b4cb546ae41835d10bb72b,VALID,
2026-10-09,08:20:42,2026,10,HEAD_TRUCK,196,80.27,online,N/A,ujb_dashboard_scrape,9,f16a2ec6c49f74c98a42a2579b24a0d24b079ba2,VALID,
2026-10-09,08:18:32,2026,10,HEAD_TRUCK,178,82.58,online,N/A,ujb_dashboard_scrape,10,5f9c721d78691186090251e1daa3714025808d06,VALID,
2026-10-09,08:18:08,2026,10,HEAD_TRUCK,168,79.2,online,N/A,ujb_dashboard_scrape,11,4ccab64b801d4d8f6cb52791301e00562d3c7135,VALID,
2026-10-09,08:15:43,2026,10,BUS,01,49.69,online,N/A,ujb_dashboard_scrape,12,980173772bdb47695f9f0a8fb5a90d2a8d91abff,VALID,
2026-10-09,08:15:23,2026,10,HEAD_TRUCK,198,71.72,online,N/A,ujb_dashboard_scrape,13,53d9286268c809951ff2edffa5a1a8f94efaf6b9,VALID,
2026-10-09,08:11:27,2026,10,HEAD_TRUCK,169,92.6,online,N/A,ujb_dashboard_scrape,14,1b417d63ca17d6f999f38d058a4ceb92c85dd83d,VALID,
2026-10-09,08:10:13,2026,10,HEAD_TRUCK,181,146.95,online,N/A,ujb_dashboard_scrape,15,4d1e6d67ffef62a041b0aa5a76a2f5d8dc39574d,VALID,
2026-10-09,08:08:51,2026,10,HEAD_TRUCK,128,95.03,online,N/A,ujb_dashboard_scrape,16,4aa6f59f37e100bf9c0f2cc432daf91e903ac2e7,VALID,
2026-10-08,14:17:09,2026,10,BUS,03,48.45,online,N/A,ujb_dashboard_scrape,17,237b5a0163d40d685f8152b352d83b549f2feb12,VALID,
2026-10-08,14:13:59,2026,10,KEND_OPS,RANGGA 17,29.78,online,N/A,ujb_dashboard_scrape,18,da20f7e61b9e308f8351b67ff3965e40dfd09256,VALID,
2026-10-08,13:45:06,2026,10,KEND_OPS,RANGGA 04,36.63,online,N/A,ujb_dashboard_scrape,19,757e4d8648110a0b2d576f92e67fc71310ecc2c2,VALID,
2026-10-08,13:39:56,2026,10,HEAD_TRUCK,165,111.96,online,N/A,ujb_dashboard_scrape,20,c4c3be1d6cb3ea79456b6d01af589ba2c1ed0464,VALID,
2026-10-08,13:37:03,2026,10,HEAD_TRUCK,203,70.1,online,N/A,ujb_dashboard_scrape,21,9007db2fb57ae977d57e5d96d7439287fa0b7311,VALID,
2026-10-08,13:34:01,2026,10,BUS,02,48.75,online,N/A,ujb_dashboard_scrape,22,0a37aafd38abfc883f369b1792e6229b328ace49,VALID,
2026-10-08,13:20:25,2026,10,FORKLIFT,28,19.41,online,N/A,ujb_dashboard_scrape,23,2e2903077504e68ed9a6dbe921184111fb982636,VALID,
2026-10-08,13:15:38,2026,10,HEAD_TRUCK,137,115.98,online,N/A,ujb_dashboard_scrape,24,d9eff459dd4cc428ed8d403e3c1fd0a295442d2e,VALID,
2026-10-08,13:11:47,2026,10,HEAD_TRUCK,191,71.78,online,N/A,ujb_dashboard_scrape,25,b0b5c56c96ad8dd3f927faf7dde173a3039507c3,VALID,
2026-10-08,13:07:22,2026,10,HEAD_TRUCK,191,37.47,online,N/A,ujb_dashboard_scrape,26,2190e15d46de5e081668f65df7cbba697d4884cf,VALID,
2026-10-08,11:31:46,2026,10,HEAD_TRUCK,177,84.15,online,N/A,ujb_dashboard_scrape,27,7075efbb37b1389b8d49c82759a0fd0b87c0fdd8,VALID,
2026-10-08,11:12:58,2026,10,HEAD_TRUCK,156,104.86,online,N/A,ujb_dashboard_scrape,28,64fde0c061cbaa89d37240fef84ac05de504c639,VALID,
2026-10-08,11:09:56,2026,10,HEAD_TRUCK,132,94.73,online,N/A,ujb_dashboard_scrape,29,0fc2acfa2707fb44eef54c2fad3e3c98d3537814,VALID,
2026-10-08,11:07:06,2026,10,HEAD_TRUCK,206,107.52,online,N/A,ujb_dashboard_scrape,30,c68feb0ddc2fdcc495bd9a291a51ccf83e7de28e,VALID,
2026-10-08,11:04:17,2026,10,KEND_OPS,RANGGA 03,33.8,online,N/A,ujb_dashboard_scrape,31,3feef6fd7cbd311fa9f6303779acac12d2bfe352,VALID,
2026-10-08,11:01:14,2026,10,KEND_OPS,RANGGA 04,24.62,online,N/A,ujb_dashboard_scrape,32,5d4f610a273d46ccc1482ee4fdfaadb1699f028c,VALID,
2026-10-08,10:57:35,2026,10,HEAD_TRUCK,142,99.51,online,N/A,ujb_dashboard_scrape,33,53f3a8292ecc45a2733cac189f370b3364368cef,VALID,
2026-10-08,10:54:53,2026,10,HEAD_TRUCK,157,94.13,online,N/A,ujb_dashboard_scrape,34,165f3c90e83db92df2a00807eca5fcfc721bd020,VALID,
2026-10-08,10:52:11,2026,10,HEAD_TRUCK,174,68.39,online,N/A,ujb_dashboard_scrape,35,a4d2c5fb7993b2a103fe3364b80c28dd32b5f123,VALID,
2026-10-08,10:49:44,2026,10,HEAD_TRUCK,148,71.06,online,N/A,ujb_dashboard_scrape,36,8267fa97d2084054ea766db706703002d0e626d2,VALID,
2026-10-08,10:47:40,2026,10,HEAD_TRUCK,144,94.42,online,N/A,ujb_dashboard_scrape,37,4761cbc18c72e6e6548680cfaff22bff901099e5,VALID,
2026-10-08,10:44:39,2026,10,HEAD_TRUCK,214,99.65,online,N/A,ujb_dashboard_scrape,38,24554bbdf7df7cef026d6797109cd17f9c66d998,VALID,
2026-10-08,10:41:59,2026,10,HEAD_TRUCK,147,86.77,online,N/A,ujb_dashboard_scrape,39,e9f249eebb33bc0359ea679a71b6609481da715b,VALID,
2026-10-08,10:39:32,2026,10,KEND_OPS,TRAGA,36.39,online,N/A,ujb_dashboard_scrape,40,f0eb4019b2608347a79a0645548fec48bf91f70f,VALID,
2026-10-08,10:37:25,2026,10,HEAD_TRUCK,149,90.81,online,N/A,ujb_dashboard_scrape,41,5c92fa0c921872626e5361d95c0913015a67c634,VALID,
2026-10-08,10:34:51,2026,10,HEAD_TRUCK,215,110.42,online,N/A,ujb_dashboard_scrape,42,a2e5297f0848f875e814880cf689e2836fb51608,VALID,
2026-10-08,10:31:41,2026,10,HEAD_TRUCK,212,105.77,online,N/A,ujb_dashboard_scrape,43,ee80336273eec08ea79827f387a0e7f06b72f3b1,VALID,
2026-10-08,10:28:54,2026,10,HEAD_TRUCK,95,92.13,online,N/A,ujb_dashboard_scrape,44,5cd64dc87a443e0b1309dca17a630209035e363a,VALID,
2026-10-08,10:26:21,2026,10,HEAD_TRUCK,170,78.31,online,N/A,ujb_dashboard_scrape,45,0a6400b3cf320bcf13dbd3dd12dd4a0a54b42ddb,VALID,
2026-10-08,10:24:18,2026,10,HEAD_TRUCK,198,70.48,online,N/A,ujb_dashboard_scrape,46,9cc63c8448c0cca19895adf3aa98b4d65bd30105,VALID,
2026-10-08,10:22:23,2026,10,HEAD_TRUCK,197,80.07,online,N/A,ujb_dashboard_scrape,47,75e055ddbe9b28958b71027bda64d924b99fc776,VALID,
2026-10-08,10:20:06,2026,10,HEAD_TRUCK,143,111.09,online,N/A,ujb_dashboard_scrape,48,3567907ea271b22af8e62e2ab1667296bf9ee7b7,VALID,
2026-10-08,10:17:22,2026,10,HEAD_TRUCK,196,92.35,online,N/A,ujb_dashboard_scrape,49,a965e0c758c8254f57a8a49d85ac774403540de5,VALID,
2026-10-08,10:14:54,2026,10,HEAD_TRUCK,207,85.3,online,N/A,ujb_dashboard_scrape,50,6df36bc083bb43e25311187bfbe8c412151ad465,VALID,
2026-10-08,10:13:15,2026,10,HEAD_TRUCK,190,22.06,online,N/A,ujb_dashboard_scrape,51,1351fb7254be738fd1a153c3916aff6f85202773,VALID,
2026-10-08,10:11:06,2026,10,HEAD_TRUCK,133,104.91,online,N/A,ujb_dashboard_scrape,52,4889b0867901313a6c84b2633943dd94bd60d61d,VALID,
2026-10-08,10:08:37,2026,10,HEAD_TRUCK,185,91.83,online,N/A,ujb_dashboard_scrape,53,b5a9cde3abd51edb3cf408b582944b74942efb26,VALID,
2026-10-08,10:05:57,2026,10,HEAD_TRUCK,213,66.79,online,N/A,ujb_dashboard_scrape,54,f28a6c740435976b2316e8386efb4349559d9834,VALID,
2026-10-08,10:03:20,2026,10,HEAD_TRUCK,193,90.91,online,N/A,ujb_dashboard_scrape,55,48ccbfb32d0a2aeaacd4fd543de5a55b638007a8,VALID,
2026-10-08,10:00:40,2026,10,HEAD_TRUCK,151,103.06,online,N/A,ujb_dashboard_scrape,56,c6de217a762383c9c291380e21d21cf9047f2870,VALID,
2026-10-08,09:58:02,2026,10,HEAD_TRUCK,209,110.62,online,N/A,ujb_dashboard_scrape,57,7160fc0d474cff5817420e7ac3d2c37fb1d42018,VALID,
2026-10-08,09:54:56,2026,10,HEAD_TRUCK,136,77.49,online,N/A,ujb_dashboard_scrape,58,dae5f973926bd8b2483d2736027c1284c70fdf81,VALID,
2026-10-08,09:52:27,2026,10,HEAD_TRUCK,179,84.48,online,N/A,ujb_dashboard_scrape,59,9d96c737ac27ba7060de203472ab38684197abc3,VALID,
2026-10-08,09:50:01,2026,10,HEAD_TRUCK,128,91.61,online,N/A,ujb_dashboard_scrape,60,20b057a5f733abe23944c9b7713783048362f498,VALID,
2026-10-08,09:49:05,2026,10,HEAD_TRUCK,175,75.84,online,N/A,ujb_dashboard_scrape,61,1017d4806ce455d530769bc7b9278829007d2096,VALID,
2026-10-08,09:47:35,2026,10,HEAD_TRUCK,171,155.77,online,N/A,ujb_dashboard_scrape,62,8ee1fd509d1f360e2ae01cb4e0f772eab2f60f69,VALID,
2026-10-08,09:43:46,2026,10,KEND_OPS,RANGGA 16,28.14,online,N/A,ujb_dashboard_scrape,63,5e93afdf84613a5100f585430e1864244c73e400,VALID,
2026-10-08,09:41:14,2026,10,HEAD_TRUCK,210,97.77,online,N/A,ujb_dashboard_scrape,64,7919d156be5f3c10ad96842fc85db4bdc6d9d617,VALID,
2026-10-08,09:39:08,2026,10,KEND_OPS,RANGGA 11,28.05,online,N/A,ujb_dashboard_scrape,65,79c8da1e007719bd025133898d7eab78ef679754,VALID,
2026-10-08,09:38:13,2026,10,HEAD_TRUCK,141,111.95,online,N/A,ujb_dashboard_scrape,66,f5e132927ef454c76854644b5550706f8424fdc1,VALID,
2026-10-08,09:34:59,2026,10,HEAD_TRUCK,204,67.22,online,N/A,ujb_dashboard_scrape,67,584df2caa792a83025ad52de23a2b4af18d6afb6,VALID,
2026-10-08,09:33:04,2026,10,HEAD_TRUCK,162,98.12,online,N/A,ujb_dashboard_scrape,68,64d49ba7511e40611b3259cdbeea0e21758c9ec5,VALID,
2026-10-08,09:30:46,2026,10,KEND_OPS,B 9131 J,25.91,online,N/A,ujb_dashboard_scrape,69,1d7e650e39afc74538e8b872c7a119a304462ee3,VALID,
2026-10-08,09:28:16,2026,10,HEAD_TRUCK,139,73.65,online,N/A,ujb_dashboard_scrape,70,6a10fb23be22ff7eb73a07a4f65c94b9d0936b62,VALID,
2026-10-08,09:27:43,2026,10,HEAD_TRUCK,192,95.19,online,N/A,ujb_dashboard_scrape,71,ceb9a41ae0eabd70ee1d2ee030765b7f52d29945,VALID,
2026-10-08,09:25:18,2026,10,HEAD_TRUCK,161,94.88,online,N/A,ujb_dashboard_scrape,72,239c9d114910f6a9b76e5e061917931d51986097,VALID,
2026-10-08,09:23:30,2026,10,SL,11,125.82,online,N/A,ujb_dashboard_scrape,73,deb5da8696c69c6dd0b102e0fa44be2b2df1ecc0,VALID,
2026-10-08,09:22:15,2026,10,ELF,03,35.0,online,N/A,ujb_dashboard_scrape,74,391122d9223d9d4918191f028bec5e0deafccaa8,VALID,
2026-10-08,09:20:41,2026,10,PEMADAM,PEMADAM,14.68,online,N/A,ujb_dashboard_scrape,75,7f75b9228e49bab7ea034fa4a7f053f804735e4d,VALID,
2026-10-08,09:16:50,2026,10,HEAD_TRUCK,163,97.97,online,N/A,ujb_dashboard_scrape,76,451cde5db9c12d7f0507047031c92d1687985ce8,VALID,
2026-10-08,09:15:36,2026,10,HEAD_TRUCK,180,63.56,online,N/A,ujb_dashboard_scrape,77,bec3f34e74504a05f9224c788389ad68332969e1,VALID,
2026-10-08,09:13:16,2026,10,HEAD_TRUCK,134,86.56,online,N/A,ujb_dashboard_scrape,78,a61a4fa1d55ad1d3b6bdec2edf5519052a0676ab,VALID,
2026-10-08,09:11:17,2026,10,HEAD_TRUCK,183,104.54,online,N/A,ujb_dashboard_scrape,79,a620b8edaed159b2dad04de7ee02797dddacc91f,VALID,
2026-10-08,09:10:27,2026,10,HEAD_TRUCK,208,91.28,online,N/A,ujb_dashboard_scrape,80,7551a2de5b365bd719eeb1df7df9b4be17489c05,VALID,
2026-10-08,09:07:56,2026,10,HEAD_TRUCK,181,103.39,online,N/A,ujb_dashboard_scrape,81,635ce4d56c91813da9093fa75d402d3c99cb075e,VALID,
2026-10-08,09:07:15,2026,10,ELF,02,35.0,online,N/A,ujb_dashboard_scrape,82,747fa2b9cfaeed91974df06bf50a5ed291c89ada,VALID,
2026-10-08,09:04:20,2026,10,HEAD_TRUCK,168,88.41,online,N/A,ujb_dashboard_scrape,83,ed46dacb09707050e9cb7850fdcc1144ed22aaf6,VALID,
2026-10-08,09:03:24,2026,10,HEAD_TRUCK,188,79.51,online,N/A,ujb_dashboard_scrape,84,833db7c4bd117b04581793765b856303753234a6,VALID,
2026-10-08,09:01:03,2026,10,HEAD_TRUCK,145,68.29,online,N/A,ujb_dashboard_scrape,85,05496e5355b8756a1268b75a8fe2749c70fc7578,VALID,
2026-10-08,08:57:34,2026,10,HEAD_TRUCK,155,99.32,online,N/A,ujb_dashboard_scrape,86,6bdc582739381ecf9a6f4fe1bc83064bfe494b68,VALID,
2026-10-08,08:55:21,2026,10,HEAD_TRUCK,169,87.39,online,N/A,ujb_dashboard_scrape,87,0d5aa027158c38f8896650a00ef83d618b732a47,VALID,
2026-10-08,08:53:03,2026,10,HEAD_TRUCK,166,78.21,online,N/A,ujb_dashboard_scrape,88,cc959cfbd179957cd1deee384f43115344cfe48a,VALID,
2026-10-08,08:50:56,2026,10,HEAD_TRUCK,140,86.35,online,N/A,ujb_dashboard_scrape,89,f1b3eec3860843545976f19d8245351a8bc47965,VALID,
2026-10-08,08:48:39,2026,10,HEAD_TRUCK,216,70.96,online,N/A,ujb_dashboard_scrape,90,2313d06675f22d455a0f23934828411ac8e3327f,VALID,
2026-10-08,08:46:36,2026,10,HEAD_TRUCK,131,102.81,online,N/A,ujb_dashboard_scrape,91,3874ff5375057d8ace18bc246c5cb272aca741e4,VALID,
2026-10-08,08:44:18,2026,10,HEAD_TRUCK,211,90.98,online,N/A,ujb_dashboard_scrape,92,413cf0454cfe93b8d41e70cee356251866ae3ede,VALID,
2026-10-08,08:42:06,2026,10,HEAD_TRUCK,154,112.17,online,N/A,ujb_dashboard_scrape,93,a790349560cf9ecdbf5dd13a26e5d66dfb82e3a9,VALID,
2026-10-08,08:39:35,2026,10,HEAD_TRUCK,153,74.7,online,N/A,ujb_dashboard_scrape,94,7c38329e530f92b8eb60233b1511ef9907da2cbc,VALID,
2026-10-08,08:37:29,2026,10,HEAD_TRUCK,178,33.72,online,N/A,ujb_dashboard_scrape,95,8e38bae8039966a495b50b6b23a40e70c97dfede,VALID,
2026-10-08,08:37:11,2026,10,HEAD_TRUCK,152,73.93,online,N/A,ujb_dashboard_scrape,96,ebfaaf3cb0b71e8c4f178a560b00557cdb061175,VALID,
2026-10-08,08:34:50,2026,10,HEAD_TRUCK,182,41.46,online,N/A,ujb_dashboard_scrape,97,ac9eab88991e387d7203ca6ed91ed1c3d9861099,VALID,
2026-10-08,08:33:39,2026,10,HEAD_TRUCK,167,93.48,online,N/A,ujb_dashboard_scrape,98,49b3c19d2a1d99dfd45ce0393cd451d5a592e407,VALID,
2026-10-08,08:32:33,2026,10,HEAD_TRUCK,186,83.67,online,N/A,ujb_dashboard_scrape,99,84efb8bdcd7a6cc13fa1fe76a19bcad172eea6ef,VALID,
2026-10-08,08:31:02,2026,10,HEAD_TRUCK,150,78.29,online,N/A,ujb_dashboard_scrape,100,11b79596d627618a3314edd77e47d3a04d486d84,VALID,
2026-10-08,08:30:00,2026,10,HEAD_TRUCK,201,95.45,online,N/A,ujb_dashboard_scrape,101,4a984a384414431a474949713eba03c87f2b3ded,VALID,
2026-10-08,08:27:31,2026,10,HEAD_TRUCK,138,75.9,online,N/A,ujb_dashboard_scrape,102,4593fc357e57486b8dc77e8e5aefc4728f2c0101,VALID,
2026-10-08,08:24:07,2026,10,HEAD_TRUCK,138,41.55,online,N/A,ujb_dashboard_scrape,103,f1deb4a4404703af721b42a8643d8f6b4522330e,VALID,
2026-10-08,08:23:38,2026,10,HEAD_TRUCK,202,73.52,online,N/A,ujb_dashboard_scrape,104,7482101cb1f8179633d448b163bf814369c953c1,VALID,
2026-10-08,08:21:26,2026,10,ELF,01,30.39,online,N/A,ujb_dashboard_scrape,105,ecf68bbb08d2ca0b341b2a3b2f67fc663d1dd958,VALID,
2026-10-08,08:20:59,2026,10,HEAD_TRUCK,194,83.39,online,N/A,ujb_dashboard_scrape,106,f022f366b5fbe6350d6d06b12d8517272b7c5d54,VALID,
2026-10-08,08:18:54,2026,10,HEAD_TRUCK,135,70.03,online,N/A,ujb_dashboard_scrape,107,f47d3507921cd09b45a779638a2de987f64b3e59,VALID,
2026-10-08,08:16:00,2026,10,HEAD_TRUCK,195,123.9,online,N/A,ujb_dashboard_scrape,108,f3dab6c8ba7e76e2ff5c801ccf932b0d7fd8cbd3,VALID,
2026-10-08,08:15:53,2026,10,BUS,01,38.39,online,N/A,ujb_dashboard_scrape,109,070f0a2d6ac14b43c1955c177a7177a5134a7803,VALID,
2026-10-08,08:11:32,2026,10,HEAD_TRUCK,205,73.26,online,N/A,ujb_dashboard_scrape,110,27231f5ecf90f8bb18397f2dc99a14925484e201,VALID,
2026-10-08,08:11:10,2026,10,KEND_OPS,TRAGA,22.8,online,N/A,ujb_dashboard_scrape,111,e3b513835c85704fca3f22a1517c5d3d4852d2b3,VALID,
2026-10-08,08:07:34,2026,10,HEAD_TRUCK,159,73.02,online,N/A,ujb_dashboard_scrape,112,67635a849ed3853297790156d98cbce5afea827d,VALID,
2026-10-07,15:08:17,2026,10,199,199,71.15,online,N/A,ujb_dashboard_scrape,113,7a27980d7087818e08a6f8bb77781659a6ceba87,VALID,
2026-10-07,14:44:52,2026,10,BUS,03,55.0,online,N/A,ujb_dashboard_scrape,114,259e97c3bbb1f43510ef95c38ff252e2813e0382,VALID,
2026-10-07,14:04:58,2026,10,HEAD_TRUCK,213,128.98,online,N/A,ujb_dashboard_scrape,115,34b5e0a858d1674f4d0eb8e6e9e3f7f8ee0a8fbd,VALID,
2026-10-07,14:01:28,2026,10,HEAD_TRUCK,164,96.62,online,N/A,ujb_dashboard_scrape,116,c67c76dfaeecf225feb6ffa638d3476489f67806,VALID,
2026-10-07,13:58:16,2026,10,HEAD_TRUCK,191,99.27,online,N/A,ujb_dashboard_scrape,117,a2b7d097bbaaccaa82b5edfdc0a20744dbc77805,VALID,
2026-10-07,13:55:57,2026,10,BUS,02,55.0,online,N/A,ujb_dashboard_scrape,118,62cbb6f6e960564c7179d1559922efa2d62b0749,VALID,
2026-10-07,13:47:24,2026,10,HEAD_TRUCK,203,92.46,online,N/A,ujb_dashboard_scrape,119,b4905ff7da1e5cb358f2d708baf218a03f9aff1d,VALID,
2026-10-07,13:35:50,2026,10,KEND_OPS,RANGGA 05,36.61,online,N/A,ujb_dashboard_scrape,120,aa895fcecb555c8480c877526b10aa8416552d28,VALID,
2026-10-07,13:31:41,2026,10,HEAD_TRUCK,166,93.7,online,N/A,ujb_dashboard_scrape,121,f472f7186be0c2e7d3532a2a39b17c1705812d3b,VALID,
2026-10-07,13:27:38,2026,10,HEAD_TRUCK,139,83.29,online,N/A,ujb_dashboard_scrape,122,ebe4240d4008513da00e7a003b519a6fdfbdbab5,VALID,
2026-10-07,13:25:30,2026,10,FORKLIFT,20,26.39,online,N/A,ujb_dashboard_scrape,123,5c66c031432580d71651ceedb74251efd719fb69,VALID,
2026-10-07,13:22:24,2026,10,KEND_OPS,HILUX 01,22.51,online,N/A,ujb_dashboard_scrape,124,3ebca882f5ded59385acc22789eac322b6bd3d2a,VALID,
2026-10-07,11:21:09,2026,10,HEAD_TRUCK,205,85.2,online,N/A,ujb_dashboard_scrape,125,b9a45e5ac072a0727aae864e96c7cabadd295a7a,VALID,
2026-10-07,11:16:53,2026,10,BUS,01,50.46,online,N/A,ujb_dashboard_scrape,126,e3f7a419eb2592f9e50795bccfb30f8a364cef12,VALID,
2026-10-07,11:09:43,2026,10,HEAD_TRUCK,198,74.29,online,N/A,ujb_dashboard_scrape,127,06f4349e38e86624d03990f4c19fd2cdc89d7986,VALID,
2026-10-07,11:03:48,2026,10,HEAD_TRUCK,175,70.67,online,N/A,ujb_dashboard_scrape,128,ba6a9971dc18a44cbdf32c984868d3959d04265c,VALID,
2026-10-07,11:00:15,2026,10,HEAD_TRUCK,132,83.31,online,N/A,ujb_dashboard_scrape,129,ad2dce03190606950c8706ca9dac5ff5bfd16afb,VALID,
2026-10-07,10:58:23,2026,10,HEAD_TRUCK,211,67.78,online,N/A,ujb_dashboard_scrape,130,ad0c5b7afd7d0271a2c037b21a8ebbb05a61b537,VALID,
2026-10-07,10:56:40,2026,10,HEAD_TRUCK,204,71.46,online,N/A,ujb_dashboard_scrape,131,86154472035fc365187d2add8e7dbae0860cd817,VALID,
2026-10-07,10:54:57,2026,10,HEAD_TRUCK,209,94.77,online,N/A,ujb_dashboard_scrape,132,f792d9ba270f5931939c6222cced7460d92e47c4,VALID,
2026-10-07,10:52:42,2026,10,HEAD_TRUCK,177,58.61,online,N/A,ujb_dashboard_scrape,133,07808748fbbc5aa00ccfebf76a366f42477e0f56,VALID,
2026-10-07,10:50:42,2026,10,HEAD_TRUCK,148,62.3,online,N/A,ujb_dashboard_scrape,134,f96682e3d3a04816018905d7dc57e90c1f2229ac,VALID,
2026-10-07,10:49:05,2026,10,HEAD_TRUCK,142,67.52,online,N/A,ujb_dashboard_scrape,135,c7c57190adf9a61643ae9d35d88b7b641fc6a7f6,VALID,
2026-10-07,10:47:17,2026,10,HEAD_TRUCK,214,93.62,online,N/A,ujb_dashboard_scrape,136,6d44aa2a202feadf0ac09125e28fe040b8cd3e2b,VALID,
2026-10-07,10:45:14,2026,10,HEAD_TRUCK,158,36.06,online,N/A,ujb_dashboard_scrape,137,1e10ddecb3cc340bd4cef3597174ce4674d21c32,VALID,
2026-10-07,10:43:14,2026,10,HEAD_TRUCK,194,94.33,online,N/A,ujb_dashboard_scrape,138,ed0e57e93b48af28509b0d76a5ddd534668b99bd,VALID,
2026-10-07,10:41:05,2026,10,HEAD_TRUCK,170,98.71,online,N/A,ujb_dashboard_scrape,139,40a8f0812c231ad97ae3b643cd7319a47998fe4d,VALID,
2026-10-07,10:37:48,2026,10,HEAD_TRUCK,135,77.01,online,N/A,ujb_dashboard_scrape,140,114c6df721fe5b6f6b6ed70e23696ad4de03c896,VALID,
2026-10-07,10:35:49,2026,10,HEAD_TRUCK,156,94.91,online,N/A,ujb_dashboard_scrape,141,d2a6708f88a83b4b8d886de36cdae5d87bacec3e,VALID,
2026-10-07,10:33:16,2026,10,HEAD_TRUCK,161,73.52,online,N/A,ujb_dashboard_scrape,142,2e04c3c198ba55d5e94d6bb81cf3fed4c309989e,VALID,
2026-10-07,10:31:20,2026,10,HEAD_TRUCK,147,91.17,online,N/A,ujb_dashboard_scrape,143,726d8ba7f38dd14f61e9735a3bc61bb0ed14e38c,VALID,
2026-10-07,10:29:21,2026,10,FORKLIFT,28,15.46,online,N/A,ujb_dashboard_scrape,144,5faaf1f5760d37d41dbf9c1889912e0e01674665,VALID,
2026-10-07,10:27:45,2026,10,HEAD_TRUCK,131,84.7,online,N/A,ujb_dashboard_scrape,145,dd1ab2b3397d084392519454b63b8ded14ed57f6,VALID,
2026-10-07,10:25:48,2026,10,HEAD_TRUCK,151,83.3,online,N/A,ujb_dashboard_scrape,146,91ef2d1c8598c29310006f1246d6614eac51eaf4,VALID,
2026-10-07,10:23:33,2026,10,HEAD_TRUCK,154,85.9,online,N/A,ujb_dashboard_scrape,147,f36ca2a0df9bca524ddd56110072edaeb067ff17,VALID,
2026-10-07,10:21:06,2026,10,HEAD_TRUCK,157,71.79,online,N/A,ujb_dashboard_scrape,148,8874d35c600c8d680170dc343b32e21f5266a441,VALID,
2026-10-07,10:15:10,2026,10,HEAD_TRUCK,152,74.64,online,N/A,ujb_dashboard_scrape,149,11175bf4e013dde556885b0191324f353f720519,VALID,
2026-10-07,10:14:23,2026,10,HEAD_TRUCK,182,83.03,online,N/A,ujb_dashboard_scrape,150,a9d356f4c865232b1a138dcf50d722e7f21eea65,VALID,
2026-10-07,10:12:27,2026,10,HEAD_TRUCK,169,84.77,online,N/A,ujb_dashboard_scrape,151,6402edf27cbb90bee99e73b136e949a7cf0acc83,VALID,
2026-10-07,10:11:24,2026,10,HEAD_TRUCK,178,87.21,online,N/A,ujb_dashboard_scrape,152,78e9ac66a2df6d05896ce97ed776ff9b9dcb85cc,VALID,
2026-10-07,10:09:12,2026,10,HEAD_TRUCK,153,75.12,online,N/A,ujb_dashboard_scrape,153,1b17cdda235666d3ff87f6b6bd87aa6a843ae04f,VALID,
2026-10-07,10:06:30,2026,10,HEAD_TRUCK,190,2.64,online,N/A,ujb_dashboard_scrape,154,16e2446d15c5848084957a892eee2009724d94fb,VALID,
2026-10-07,10:05:24,2026,10,HEAD_TRUCK,95,104.27,online,N/A,ujb_dashboard_scrape,155,f1e5fb8d726a7d2bd1455d0ed3e2fa2a3c09214a,VALID,
2026-10-07,10:04:01,2026,10,HEAD_TRUCK,179,62.22,online,N/A,ujb_dashboard_scrape,156,846a2bd4b937069fcab01528444f18787af2485c,VALID,
2026-10-07,10:01:55,2026,10,HI,134,90.51,online,N/A,ujb_dashboard_scrape,157,3e97ad3fee6116a3b453e400ed5fa89903816a57,VALID,
2026-10-07,09:55:52,2026,10,HEAD_TRUCK,208,57.02,online,N/A,ujb_dashboard_scrape,158,f89bbc14ed142b7b4311c1d2b746252ffa241f82,VALID,
2026-10-07,09:49:51,2026,10,HEAD_TRUCK,174,81.19,online,N/A,ujb_dashboard_scrape,159,6b53ab0d0347d054073cdeca5699ebac8a530426,VALID,
2026-10-07,09:47:51,2026,10,HEAD_TRUCK,144,70.9,online,N/A,ujb_dashboard_scrape,160,dcca066c741b2a417407dcdbedee2982d436269f,VALID,
2026-10-07,09:47:26,2026,10,HEAD_TRUCK,128,81.55,online,N/A,ujb_dashboard_scrape,161,4d5b75fdb36b21569470ee1bd0e36c7d6fde55f6,VALID,
2026-10-07,09:44:47,2026,10,HEAD_TRUCK,133,79.23,online,N/A,ujb_dashboard_scrape,162,ce5c0cf1e88100c41b434964dea610959671f502,VALID,
2026-10-07,09:44:18,2026,10,HEAD_TRUCK,212,69.66,online,N/A,ujb_dashboard_scrape,163,a14a00b987cc5e002c395406ba00007e2b65e3d7,VALID,
2026-10-07,09:42:00,2026,10,HEAD_TRUCK,171,31.88,online,N/A,ujb_dashboard_scrape,164,81842222ad9dfccca10954e30491b31547db6d94,VALID,
2026-10-07,09:41:33,2026,10,HEAD_TRUCK,172,42.17,online,N/A,ujb_dashboard_scrape,165,7c346d8ffde60d91465accf78e4126c99f919e72,VALID,
2026-10-07,09:39:52,2026,10,HEAD_TRUCK,163,71.63,online,N/A,ujb_dashboard_scrape,166,80aef8f9ae132ee1386814d27086606a7e31309a,VALID,
2026-10-07,09:38:04,2026,10,HEAD_TRUCK,206,130.94,online,N/A,ujb_dashboard_scrape,167,f347b34ccb838707ab8d8d3ec854eaa5855176c7,VALID,
2026-10-07,09:35:39,2026,10,HEAD_TRUCK,195,55.91,online,N/A,ujb_dashboard_scrape,168,a360028495e28525486ffd1541ddc7d7db692a77,VALID,
2026-10-07,09:34:08,2026,10,HEAD_TRUCK,215,58.1,online,N/A,ujb_dashboard_scrape,169,e2765e091c49ed06186dc4b1cf426965880c36d1,VALID,
2026-10-07,09:32:27,2026,10,HEAD_TRUCK,190,69.88,online,N/A,ujb_dashboard_scrape,170,61b79f848b8042292e72451ba4922fdf46a59f60,VALID,
2026-10-07,09:31:58,2026,10,HEAD_TRUCK,168,83.79,online,N/A,ujb_dashboard_scrape,171,d36eb13c3da7c3ba14b50c96c358c943d4b5fa14,VALID,
2026-10-07,09:29:42,2026,10,HEAD_TRUCK,207,91.96,online,N/A,ujb_dashboard_scrape,172,18844fe1a9c712f825e45e8354624543cfb9d657,VALID,
2026-10-07,09:28:48,2026,10,HEAD_TRUCK,193,80.45,online,N/A,ujb_dashboard_scrape,173,7c575258f577c56d7715c0f0cb71f9544f88ec84,VALID,
2026-10-07,09:27:22,2026,10,HEAD_TRUCK,155,102.86,online,N/A,ujb_dashboard_scrape,174,445409f6d7a62522caee2512ad705c9ef706f291,VALID,
2026-10-07,09:25:08,2026,10,HEAD_TRUCK,181,47.31,online,N/A,ujb_dashboard_scrape,175,723bdcc8c9ebf1ce9a8853c03d4c7aaef2a2b5af,VALID,
2026-10-07,09:24:56,2026,10,HEAD_TRUCK,210,106.52,online,N/A,ujb_dashboard_scrape,176,f8d9e2ed938683cca49bf5f4e54300eb99daf7c6,VALID,
2026-10-07,09:23:01,2026,10,HEAD_TRUCK,186,70.8,online,N/A,ujb_dashboard_scrape,177,ebef7ff7e417e9d4c037f5bc445e44674ba3f52b,VALID,
2026-10-07,09:21:28,2026,10,HEAD_TRUCK,136,78.68,online,N/A,ujb_dashboard_scrape,178,1661fd7e101a35dd1313c276f21fa744768e478a,VALID,
2026-10-07,09:20:35,2026,10,HEAD_TRUCK,196,68.01,online,N/A,ujb_dashboard_scrape,179,c09c57af7f1bb57e58b89c9a60f3801718644c59,VALID,
2026-10-07,09:19:01,2026,10,HEAD_TRUCK,137,84.99,online,N/A,ujb_dashboard_scrape,180,e1d2b0f4db38c7de5e6fa8b99f02268edea5312f,VALID,
2026-10-07,09:17:26,2026,10,HEAD_TRUCK,192,76.61,online,N/A,ujb_dashboard_scrape,181,b8ad19807e098761b67fa247998ec1f669878d1a,VALID,
2026-10-07,09:16:09,2026,10,HEAD_TRUCK,145,85.02,online,N/A,ujb_dashboard_scrape,182,718b2d33dd131618a5bf72f02bf1ae86820d7150,VALID,
2026-10-07,09:11:24,2026,10,KEND_OPS,RANGGA 04,37.53,online,N/A,ujb_dashboard_scrape,183,9cd7f671d13c1a6a43b43bcfceae6d481f428e9c,VALID,
2026-10-07,09:09:22,2026,10,HEAD_TRUCK,216,87.59,online,N/A,ujb_dashboard_scrape,184,85d38a12aad3f8650dc80aa0a638876b137bdf07,VALID,
2026-10-07,09:02:48,2026,10,HEAD_TRUCK,150,68.6,online,N/A,ujb_dashboard_scrape,185,9741c730d28cbd184d6631346414dda6a919de51,VALID,
2026-10-07,08:58:04,2026,10,HEAD_TRUCK,183,74.07,online,N/A,ujb_dashboard_scrape,186,e35e59ed7531e3a612ed9f164d7891f3ce0e1b48,VALID,
2026-10-07,08:56:32,2026,10,HEAD_TRUCK,159,74.48,online,N/A,ujb_dashboard_scrape,187,b4dc98ffbe3cec518a83d15e91a659d4f67b6a9e,VALID,
2026-10-07,08:54:58,2026,10,HEAD_TRUCK,143,86.29,online,N/A,ujb_dashboard_scrape,188,87fb05008570ecc4ceb74ce0f7e95e42bc46320c,VALID,
2026-10-07,08:53:39,2026,10,HEAD_TRUCK,188,66.46,online,N/A,ujb_dashboard_scrape,189,a9ae92c2d6074ad67e66a29432b38374fd0f91e0,VALID,
2026-10-07,08:52:52,2026,10,HEAD_TRUCK,149,94.0,online,N/A,ujb_dashboard_scrape,190,4a8ca7559d44ed05b7ef796ec345e0590b1e55b6,VALID,
2026-10-07,08:50:36,2026,10,HEAD_TRUCK,185,66.71,online,N/A,ujb_dashboard_scrape,191,3fff5afe82e099d6de1b45d7041e26e13ce02b2b,VALID,
2026-10-07,08:50:06,2026,10,ELF,03,35.0,online,N/A,ujb_dashboard_scrape,192,533c8aec1102a4681b69de1e8be073a6482dbf73,VALID,
2026-10-07,08:47:48,2026,10,HEAD_TRUCK,140,78.39,online,N/A,ujb_dashboard_scrape,193,9bc821926ce5531ef5a57bacca843f6f2930e6bb,VALID,
2026-10-07,08:47:14,2026,10,ELF,02,35.0,online,N/A,ujb_dashboard_scrape,194,5d158a5d2f7af2d0892c764b689472b39aabaee3,VALID,
2026-10-07,08:44:31,2026,10,KEND_OPS,RANGGA 12,31.35,online,N/A,ujb_dashboard_scrape,195,083fa71a5b687078f18d1686ca1e2f261c6ce5ad,VALID,
2026-10-07,08:39:13,2026,10,HEAD_TRUCK,138,95.37,online,N/A,ujb_dashboard_scrape,196,c17e0b175a925921007f57d4dbeaaa2e6e8b7147,VALID,
2026-10-07,08:36:39,2026,10,HEAD_TRUCK,165,65.11,online,N/A,ujb_dashboard_scrape,197,f1528bc6faa2170c5da985d9004d89017706f6d8,VALID,
2026-10-07,08:32:16,2026,10,ELF,01,35.0,online,N/A,ujb_dashboard_scrape,198,6d67ea145389474e0dca6c773b44e34f1dd4177f,VALID,
2026-10-07,08:30:21,2026,10,KEND_OPS,RANGGA 15,21.75,online,N/A,ujb_dashboard_scrape,199,88dcde8a87e1075102c7633e10c4d83b070b7135,VALID,
2026-10-07,08:30:14,2026,10,HEAD_TRUCK,167,58.86,online,N/A,ujb_dashboard_scrape,200,ec422eda720a95101886709fca1e1aff6b5fc711,VALID,
2026-10-07,08:21:17,2026,10,HEAD_TRUCK,197,69.6,online,N/A,ujb_dashboard_scrape,201,55c87ea869df6c3244a33e7759896c30dcc688e2,VALID,
2026-10-07,08:18:41,2026,10,HEAD_TRUCK,162,45.36,online,N/A,ujb_dashboard_scrape,202,6f2537f67eda82e0b827d24de23841467cfcc06b,VALID,
2026-10-06,14:53:39,2026,10,HEAD_TRUCK,202,94.03,online,N/A,ujb_dashboard_scrape,203,f857c94dc54e287f5850a31c4f04e4254bca2dc4,VALID,
2026-10-06,14:04:53,2026,10,HEAD_TRUCK,179,106.0,online,N/A,ujb_dashboard_scrape,204,27a7d58c57d00e042157f21465a8ce151a449a80,VALID,
2026-10-06,13:51:22,2026,10,BUS,03,55.0,online,N/A,ujb_dashboard_scrape,205,5932c8f0fb81d72975858b9519fff3e47a456308,VALID,
2026-10-06,13:43:49,2026,10,HEAD_TRUCK,177,84.97,online,N/A,ujb_dashboard_scrape,206,e4a86a275bcf722abc24a40ef7bd1bf316d219ee,VALID,
2026-10-06,13:40:13,2026,10,BUS,02,55.0,online,N/A,ujb_dashboard_scrape,207,3e6480a67a8820d700351bc83c17391280d71cf7,VALID,
2026-10-06,13:35:08,2026,10,HEAD_TRUCK,145,97.41,online,N/A,ujb_dashboard_scrape,208,9f6f00552bfe9be0b4bb7348e1609d05b287a243,VALID,
2026-10-06,13:32:34,2026,10,HEAD_TRUCK,165,84.67,online,N/A,ujb_dashboard_scrape,209,b6b6be9ac54852250536c6b15103894221173905,VALID,
2026-10-06,13:29:43,2026,10,HEAD_TRUCK,199,77.42,online,N/A,ujb_dashboard_scrape,210,6e2c1f9c60ae1f7f8a7c050e245e692a83a92501,VALID,
2026-10-06,13:24:57,2026,10,HEAD_TRUCK,163,112.61,online,N/A,ujb_dashboard_scrape,211,5efaa1d85f049f82154de28a65808ec1d5d6a371,VALID,
2026-10-06,13:11:23,2026,10,HEAD_TRUCK,161,112.93,online,N/A,ujb_dashboard_scrape,212,02785d92ced9d0da2f6cce4abe77c71e94c7f3f3,VALID,
2026-10-06,13:08:32,2026,10,HEAD_TRUCK,142,92.35,online,N/A,ujb_dashboard_scrape,213,3aaa21faa9d5736b265208ab6be262795661b957,VALID,
2026-10-06,13:05:42,2026,10,FORKLIFT,28,32.32,online,N/A,ujb_dashboard_scrape,214,5f31d1afd1626eb70a13df45e7074c2cf08e64e6,VALID,
2026-10-06,11:19:51,2026,10,HEAD_TRUCK,167,30.93,online,N/A,ujb_dashboard_scrape,215,ed52d431916cb6b5d9ac4834a19c0e5192a9752e,VALID,
2026-10-06,11:08:19,2026,10,HEAD_TRUCK,162,9.71,online,N/A,ujb_dashboard_scrape,216,9e0b0bcc34d3679f73793352ef1a6f663db602a3,VALID,
2026-10-06,11:05:52,2026,10,BUS,01,52.56,online,N/A,ujb_dashboard_scrape,217,58d47bd39b845819d37c317c84ce9c5d6bb44349,VALID,
2026-10-06,11:01:30,2026,10,HEAD_TRUCK,166,92.51,online,N/A,ujb_dashboard_scrape,218,b19393169f01a1ca6b8a944eb2302ea82bd4e720,VALID,
2026-10-06,10:58:28,2026,10,HEAD_TRUCK,183,96.83,online,N/A,ujb_dashboard_scrape,219,24f9c911c548bf066cf3e7036da4206b14bf26b2,VALID,
2026-10-06,10:55:07,2026,10,HEAD_TRUCK,190,76.11,online,N/A,ujb_dashboard_scrape,220,9e34e085da5e3b4eb0c10070c722c03e703e656b,VALID,
2026-10-06,10:52:46,2026,10,HEAD_TRUCK,135,61.34,online,N/A,ujb_dashboard_scrape,221,cce9ed5336f30663a40fcb470ede6c68ee61662d,VALID,
2026-10-06,10:52:05,2026,10,HEAD_TRUCK,157,77.32,online,N/A,ujb_dashboard_scrape,222,1e298fa0afa83a88bf6a52e37bd7f6f918234105,VALID,
2026-10-06,10:49:43,2026,10,HEAD_TRUCK,150,25.5,online,N/A,ujb_dashboard_scrape,223,ab3659e121326f141873633a7938a27748a0db1a,VALID,
2026-10-06,10:46:58,2026,10,HEAD_TRUCK,132,80.12,online,N/A,ujb_dashboard_scrape,224,85182c45101e63262e98514239e65b48d8e57af7,VALID,
2026-10-06,10:44:44,2026,10,KEND_OPS,POLISI,36.01,online,N/A,ujb_dashboard_scrape,225,3ea725f7680f2f2ec603df34631ff334dd8adf34,VALID,
2026-10-06,10:41:26,2026,10,HEAD_TRUCK,143,82.29,online,N/A,ujb_dashboard_scrape,226,5283cae953239fd3291138c14fe0d1b8d9f78d13,VALID,
2026-10-06,10:39:32,2026,10,HEAD_TRUCK,185,85.02,online,N/A,ujb_dashboard_scrape,227,3a873b5c8dfd3699d76717dd3dce406e201d4aa1,VALID,
2026-10-06,10:38:57,2026,10,HEAD_TRUCK,151,85.12,online,N/A,ujb_dashboard_scrape,228,f246035491617638d03735204940fccb068dd07e,VALID,
2026-10-06,10:36:25,2026,10,HEAD_TRUCK,144,79.86,online,N/A,ujb_dashboard_scrape,229,2f42a165f39ffb4e91cd258ea51333be67cc3e1d,VALID,
2026-10-06,10:34:24,2026,10,HEAD_TRUCK,208,56.9,online,N/A,ujb_dashboard_scrape,230,85ad213187a0683570b6e3e7c3a6f55a9def60f8,VALID,
2026-10-06,10:31:30,2026,10,HEAD_TRUCK,154,88.3,online,N/A,ujb_dashboard_scrape,231,b068fc76a27ac16f21e31efdd090f973e6d4667e,VALID,
2026-10-06,10:29:02,2026,10,HEAD_TRUCK,159,85.77,online,N/A,ujb_dashboard_scrape,232,f1a8e4194576ae8a26a309e850efa7f0bd13febf,VALID,
2026-10-06,10:25:47,2026,10,HEAD_TRUCK,216,53.9,online,N/A,ujb_dashboard_scrape,233,fb6f62f0d2425b8b7a2ae8c9af0f383ceacc3568,VALID,
2026-10-06,10:25:38,2026,10,KEND_OPS,TRAGA,39.72,online,N/A,ujb_dashboard_scrape,234,49efb9eb5c59cd4f3ad8d2e7902e78ec777d3a1c,VALID,
2026-10-06,10:22:52,2026,10,HEAD_TRUCK,140,73.01,online,N/A,ujb_dashboard_scrape,235,0c44f3e9794df93f74a779a0a61aa37f88e27552,VALID,
2026-10-06,10:20:16,2026,10,HEAD_TRUCK,139,85.71,online,N/A,ujb_dashboard_scrape,236,1378ab6d6fe0fac0643ad208e5679c1428b63c42,VALID,
2026-10-06,10:17:46,2026,10,HEAD_TRUCK,169,81.03,online,N/A,ujb_dashboard_scrape,237,8709806d73a48ce9f0400cabd9dbc3191e30872f,VALID,
2026-10-06,10:15:19,2026,10,HEAD_TRUCK,128,89.89,online,N/A,ujb_dashboard_scrape,238,18a57dcd9ef99aec91db1ddc3cfab28b6208ca9b,VALID,
2026-10-06,10:12:55,2026,10,HEAD_TRUCK,152,85.78,online,N/A,ujb_dashboard_scrape,239,59fede6ba95b00d77036d7c93576857b6327dc4d,VALID,
2026-10-06,10:08:54,2026,10,KEND_OPS,AD 8138 OA,40.0,online,N/A,ujb_dashboard_scrape,240,19929f3699914a46622de0f1116cc98f9b63fb53,VALID,
2026-10-06,10:06:39,2026,10,HEAD_TRUCK,211,58.72,online,N/A,ujb_dashboard_scrape,241,10272e6bc17d1d6f12673e58e4029bf5f77168c2,VALID,
2026-10-06,10:06:05,2026,10,HEAD_TRUCK,186,73.82,online,N/A,ujb_dashboard_scrape,242,b5ef956f8cb41869f764330a83f4a10c42b26059,VALID,
2026-10-06,10:04:15,2026,10,HEAD_TRUCK,170,111.01,online,N/A,ujb_dashboard_scrape,243,6b3d3be9fd675b8cfb19144d502c2f78caa89618,VALID,
2026-10-06,09:59:28,2026,10,HEAD_TRUCK,210,74.6,online,N/A,ujb_dashboard_scrape,244,df566c251a7c9f01e940b94ca40259a2106675dd,VALID,
2026-10-06,09:57:36,2026,10,HEAD_TRUCK,149,87.99,online,N/A,ujb_dashboard_scrape,245,bb1a9223c847a21049116e514be9b150f411a70c,VALID,
2026-10-06,09:56:01,2026,10,HEAD_TRUCK,193,90.02,online,N/A,ujb_dashboard_scrape,246,3c752646bb837006165e0f574a84474d7a0aed89,VALID,
2026-10-06,09:55:22,2026,10,HEAD_TRUCK,173,103.05,online,N/A,ujb_dashboard_scrape,247,95a1978a716c584c29579deb6c1a4fe66eb5e15b,VALID,
2026-10-06,09:52:42,2026,10,HEAD_TRUCK,141,80.15,online,N/A,ujb_dashboard_scrape,248,29d349fc598b949411abe10807df64c77c7aa183,VALID,
2026-10-06,09:51:43,2026,10,HEAD_TRUCK,188,63.9,online,N/A,ujb_dashboard_scrape,249,cd5241024fd5575ec67895351b655f426c9e11ba,VALID,
2026-10-06,09:49:48,2026,10,HEAD_TRUCK,201,50.7,online,N/A,ujb_dashboard_scrape,250,d05f2590edd1d94f55c4444e3e666f12b389cbb8,VALID,
2026-10-06,09:49:30,2026,10,HEAD_TRUCK,168,82.82,online,N/A,ujb_dashboard_scrape,251,5977ede0f4525ca7c3519ded548757349567fe98,VALID,
2026-10-06,09:47:11,2026,10,HEAD_TRUCK,203,80.13,online,N/A,ujb_dashboard_scrape,252,cbae1b1224fa37ff84288735b4b8b011f768b533,VALID,
2026-10-06,09:46:41,2026,10,HEAD_TRUCK,212,91.93,online,N/A,ujb_dashboard_scrape,253,b18b3b80cb1010ebfca182aabf560be432d37b93,VALID,
2026-10-06,09:44:22,2026,10,HEAD_TRUCK,191,80.04,online,N/A,ujb_dashboard_scrape,254,e897f844539b82749c37ff52cfecd6fafd49f66f,VALID,
2026-10-06,09:41:26,2026,10,HEAD_TRUCK,95,66.41,online,N/A,ujb_dashboard_scrape,255,a8587b5013bb6f8caf9f9a81db166ed8bdc7cd9a,VALID,
2026-10-06,09:39:44,2026,10,HEAD_TRUCK,171,88.94,online,N/A,ujb_dashboard_scrape,256,0997ae693b945011c859e6fb5c6dc6e670ee3d97,VALID,
2026-10-06,09:36:42,2026,10,HEAD_TRUCK,131,84.46,online,N/A,ujb_dashboard_scrape,257,757abcbc1e9a3ce074831ee66369b77961e9d964,VALID,
2026-10-06,09:34:06,2026,10,HEAD_TRUCK,175,84.72,online,N/A,ujb_dashboard_scrape,258,73b7bfb62a31c11047e57e90d37cf842bb9be2d3,VALID,
2026-10-06,09:30:49,2026,10,KEND_OPS,RANGGA 01,32.83,online,N/A,ujb_dashboard_scrape,259,81fb15175e9819d845b4e1dc28164af898a4d930,VALID,
2026-10-06,09:25:30,2026,10,HEAD_TRUCK,182,67.75,online,N/A,ujb_dashboard_scrape,260,6776559617b66470de36580d691ea3dbb751ee47,VALID,
2026-10-06,09:23:52,2026,10,HEAD_TRUCK,206,76.6,online,N/A,ujb_dashboard_scrape,261,dd4f699914e4ccbe034211de4bcbede75fde4a29,VALID,
2026-10-06,09:23:05,2026,10,HEAD_TRUCK,192,97.73,online,N/A,ujb_dashboard_scrape,262,59b4aa5e6145576b98424ad403d906ff2ea45972,VALID,
2026-10-06,09:19:02,2026,10,HEAD_TRUCK,207,67.18,online,N/A,ujb_dashboard_scrape,263,04c63c43cbe22a114dfbc9fa6704e353b09f7fd5,VALID,
2026-10-06,09:17:20,2026,10,HEAD_TRUCK,195,85.3,online,N/A,ujb_dashboard_scrape,264,9ce4730a57f7bb96d53174c8b71ff1ffc803de27,VALID,
2026-10-06,09:16:07,2026,10,HEAD_TRUCK,156,100.08,online,N/A,ujb_dashboard_scrape,265,f2e84fb84648d3f1bdc03e8bd4731f693f9aabc3,VALID,
2026-10-06,09:14:00,2026,10,HEAD_TRUCK,197,61.2,online,N/A,ujb_dashboard_scrape,266,2677d6244954d29226123ae8c799c726463ff075,VALID,
2026-10-06,09:12:09,2026,10,FORKLIFT,22,40.0,online,N/A,ujb_dashboard_scrape,267,8d5822007453d741ca6a4146171cf9494f68048a,VALID,
2026-10-06,09:07:20,2026,10,HEAD_TRUCK,147,86.57,online,N/A,ujb_dashboard_scrape,268,48e0669a88400ac2eae58dad0ab474b0a3412ff4,VALID,
2026-10-06,09:06:39,2026,10,HEAD_TRUCK,184,68.49,online,N/A,ujb_dashboard_scrape,269,db49f61db9e750b98b5ab0c0d37a1e504acf0f9b,VALID,
2026-10-06,09:04:25,2026,10,HEAD_TRUCK,136,74.21,online,N/A,ujb_dashboard_scrape,270,61d2b861c56917802fad6f932043c93460bf1729,VALID,
2026-10-06,08:57:34,2026,10,HEAD_TRUCK,133,85.68,online,N/A,ujb_dashboard_scrape,271,75a7a9993c5eaefc334ebc59618a93c86b719291,VALID,
2026-10-06,08:56:45,2026,10,HEAD_TRUCK,153,60.45,online,N/A,ujb_dashboard_scrape,272,b194cca99f779289d7c160d1ad08f86718607ccf,VALID,
2026-10-06,08:54:59,2026,10,HEAD_TRUCK,174,83.15,online,N/A,ujb_dashboard_scrape,273,4344a1e7580af3130075e557386c73bca8d92078,VALID,
2026-10-06,08:54:14,2026,10,HEAD_TRUCK,204,65.56,online,N/A,ujb_dashboard_scrape,274,2d3ad751dd278fa1334322ab888eb7d6cd3448c4,VALID,
2026-10-06,08:51:57,2026,10,HEAD_TRUCK,205,74.7,online,N/A,ujb_dashboard_scrape,275,90b6801a656e810425b70a2b4c65dc31be29f9d6,VALID,
2026-10-06,08:51:56,2026,10,HEAD_TRUCK,181,66.89,online,N/A,ujb_dashboard_scrape,276,1d48a841a543659824406312a60174e96e62d739,VALID,
2026-10-06,08:49:04,2026,10,HEAD_TRUCK,214,57.81,online,N/A,ujb_dashboard_scrape,277,bfbf319dbd5fb01928331125d2a67d0d66aaa968,VALID,
2026-10-06,08:48:21,2026,10,HEAD_TRUCK,196,87.99,online,N/A,ujb_dashboard_scrape,278,c7dff58c493ff627c10b93214b770df84a514bfc,VALID,
2026-10-06,08:46:11,2026,10,HEAD_TRUCK,213,113.01,online,N/A,ujb_dashboard_scrape,279,f7cd6635655abbd12a644afe7fbf56322306e9f3,VALID,
2026-10-06,08:42:49,2026,10,HEAD_TRUCK,134,93.22,online,N/A,ujb_dashboard_scrape,280,9d9414a7bddbd0736c5f23137d8c40d3c16bef70,VALID,
2026-10-06,08:39:53,2026,10,HEAD_TRUCK,138,67.87,online,N/A,ujb_dashboard_scrape,281,bc23126036d4340a652e3734bd6e3df91256301b,VALID,
2026-10-06,08:37:12,2026,10,HEAD_TRUCK,209,80.57,online,N/A,ujb_dashboard_scrape,282,cb7f3fd72e0d3157d5d9991c86b05c08402a607c,VALID,
2026-10-06,08:35:19,2026,10,HEAD_TRUCK,178,60.97,online,N/A,ujb_dashboard_scrape,283,7de4ce21e72956194b4753b73093c03e66d2565c,VALID,
2026-10-06,08:34:42,2026,10,ELF,03,35.0,online,N/A,ujb_dashboard_scrape,284,878436936d2cd6906e9f6b5ae6a97539bd0f1c82,VALID,
2026-10-06,08:31:10,2026,10,HEAD_TRUCK,158,85.22,online,N/A,ujb_dashboard_scrape,285,ac44809d875473d7fde090111785794db69f26f6,VALID,
2026-10-06,08:25:03,2026,10,HEAD_TRUCK,137,122.31,online,N/A,ujb_dashboard_scrape,286,b77ad8d9d4cde0c0e6054f9d77b4f710f4fc92d6,VALID,
2026-10-06,08:19:54,2026,10,HEAD_TRUCK,164,98.56,online,N/A,ujb_dashboard_scrape,287,9a5a2284e190e7f2c50ba4f368827ca7d3370dad,VALID,
2026-10-06,08:18:46,2026,10,HEAD_TRUCK,194,67.38,online,N/A,ujb_dashboard_scrape,288,95377b64f423d74845de0449bb10f161c5ac067f,VALID,
2026-10-06,08:15:27,2026,10,ELF,02,35.0,online,N/A,ujb_dashboard_scrape,289,29b4a1b9e3bb428eb486c165dcc4a643e1270257,VALID,
2026-10-06,08:10:14,2026,10,ELF,01,32.98,online,N/A,ujb_dashboard_scrape,290,9c2e9ceb9539aa902b8862815aab2b7f8786e9b7,VALID,
2026-10-06,08:08:13,2026,10,HEAD_TRUCK,155,53.44,online,N/A,ujb_dashboard_scrape,291,283e168926942598c8a6125a3af6b670831f40f1,VALID,
2026-10-06,08:07:42,2026,10,HEAD_TRUCK,198,71.66,online,N/A,ujb_dashboard_scrape,292,c07786020e4ff9d9e922229bd3a0a0ec707dd281,VALID,
2026-10-05,14:49:34,2026,10,FORKLIFT,30,25.9,online,N/A,ujb_dashboard_scrape,293,688e09fd0e73411aa9b7e61631cfc3a0ce621eaf,VALID,
2026-10-05,14:37:10,2026,10,KEND_OPS,RANGGA 11,31.93,online,N/A,ujb_dashboard_scrape,294,5148727a221509c6f8cfb96696352af43f8c1c4d,VALID,
2026-10-05,14:25:46,2026,10,HEAD_TRUCK,157,104.62,online,N/A,ujb_dashboard_scrape,295,63354226387f964d303863e8525e092e098c5c41,VALID,
2026-10-05,14:21:38,2026,10,HEAD_TRUCK,153,16.43,online,N/A,ujb_dashboard_scrape,296,ef707879786c72f24efa223e23306ba8d919336e,VALID,
2026-10-05,14:19:32,2026,10,HEAD_TRUCK,211,104.53,online,N/A,ujb_dashboard_scrape,297,6b4e4f0446e9a199c9edd1372e38cad89450d333,VALID,
2026-10-05,14:16:28,2026,10,HEAD_TRUCK,140,88.83,online,N/A,ujb_dashboard_scrape,298,497d2d9544058e65fc82e6700328348622100dc9,VALID,
2026-10-05,14:13:22,2026,10,KEND_OPS,RANGGA 04,25.38,online,N/A,ujb_dashboard_scrape,299,b639f1b554140f601bd8c425c0ddc7ee322cc6bd,VALID,
2026-10-05,14:10:59,2026,10,BUS,03,55.0,online,N/A,ujb_dashboard_scrape,300,815ef677164278c1a76babe42ef58f37645c1d47,VALID,
2026-10-05,14:06:46,2026,10,HEAD_TRUCK,178,114.01,online,N/A,ujb_dashboard_scrape,301,725aa1e87c72da3ba9aab6630c872eed20378725,VALID,
2026-10-05,14:04:21,2026,10,KEND_OPS,RANGGA 06,40.0,online,N/A,ujb_dashboard_scrape,302,a8ee5df10348cde5c28a04f8f2e3e1a7a28f9e8f,VALID,
2026-10-05,14:01:42,2026,10,HEAD_TRUCK,202,115.41,online,N/A,ujb_dashboard_scrape,303,098d6e03fac2bf64186a512151dbe3bf03cef3a6,VALID,
2026-10-05,13:54:26,2026,10,HEAD_TRUCK,188,69.44,online,N/A,ujb_dashboard_scrape,304,edbf4ef94488db1625a33d69ed03d7d5fbd192d0,VALID,
2026-10-05,13:43:28,2026,10,HEAD_TRUCK,133,110.71,online,N/A,ujb_dashboard_scrape,305,f083f2ce36a12bd55d99bc65baf3a1d73e59631f,VALID,
2026-10-05,13:40:14,2026,10,HEAD_TRUCK,151,118.66,online,N/A,ujb_dashboard_scrape,306,d4fdba7c8c7f2b6aebe97a7c6a28b453d69723d2,VALID,
2026-10-05,13:37:27,2026,10,HEAD_TRUCK,145,96.11,online,N/A,ujb_dashboard_scrape,307,11c7224fac648b3c694a852b70689dd48f5cddf1,VALID,
2026-10-05,13:35:01,2026,10,HEAD_TRUCK,182,71.53,online,N/A,ujb_dashboard_scrape,308,3c8f5dc522bd4ef97fb6aa5365446836d49973d7,VALID,
2026-10-05,13:33:09,2026,10,HEAD_TRUCK,165,119.15,online,N/A,ujb_dashboard_scrape,309,99e0904bc41d8cdfcaa7939b2e0ff20315b6acb4,VALID,
2026-10-05,13:30:32,2026,10,HEAD_TRUCK,132,99.54,online,N/A,ujb_dashboard_scrape,310,e60f049b6d3c8b50ba33bbaedb86ec5092289537,VALID,
2026-10-05,13:13:24,2026,10,HEAD_TRUCK,177,107.9,online,N/A,ujb_dashboard_scrape,311,6076fd18bd632934b1c8b68763baa64bed004277,VALID,
2026-10-05,13:11:31,2026,10,HEAD_TRUCK,177,9.34,online,N/A,ujb_dashboard_scrape,312,24ec450c55b843a55bee0d380bba2ab0eb2543b4,VALID,
2026-10-05,11:26:13,2026,10,KEND_OPS,B 9015 UBE,40.0,online,N/A,ujb_dashboard_scrape,313,38732dcb772dc76c6c16c423ef1ff8a9cceb6373,VALID,
2026-10-05,11:24:18,2026,10,HEAD_TRUCK,135,109.85,online,N/A,ujb_dashboard_scrape,314,a1f74129ceb4edd32ebbfc8b8e4bca4b8ff8074a,VALID,
2026-10-05,11:23:24,2026,10,KEND_OPS,RANGGA 16,32.73,online,N/A,ujb_dashboard_scrape,315,eec5a6a87f6e90cd0723df0f2d6d3fd19e3428b2,VALID,
2026-10-05,11:10:08,2026,10,HEAD_TRUCK,152,71.98,online,N/A,ujb_dashboard_scrape,316,66606a225bf9dc28e05e6741cba4289a51fe4213,VALID,
2026-10-05,11:01:51,2026,10,HEAD_TRUCK,199,76.88,online,N/A,ujb_dashboard_scrape,317,9a047484f04a3398221af400f7399a9d0fec2d98,VALID,
2026-10-05,10:59:07,2026,10,HEAD_TRUCK,207,77.32,online,N/A,ujb_dashboard_scrape,318,e3d02c565c80e061a878638067943669004426aa,VALID,
2026-10-05,10:58:55,2026,10,HEAD_TRUCK,197,88.45,online,N/A,ujb_dashboard_scrape,319,6f925d48863e1a39521326412e2520bc8e44ee76,VALID,
2026-10-05,10:55:57,2026,10,BUS,02,43.98,online,N/A,ujb_dashboard_scrape,320,fa4d1a10468fe75a871498260db36a5d0fb205d7,VALID,
2026-10-05,10:54:13,2026,10,HEAD_TRUCK,169,76.09,online,N/A,ujb_dashboard_scrape,321,85ff0c283814ef9ecb3bafce896d6bd25eb1d5ce,VALID,
2026-10-05,10:51:25,2026,10,HEAD_TRUCK,208,86.56,online,N/A,ujb_dashboard_scrape,322,51d872c6ba968d6f600c594dd1f0de6253cf77db,VALID,
2026-10-05,10:49:37,2026,10,HEAD_TRUCK,203,98.52,online,N/A,ujb_dashboard_scrape,323,54bb56eecff738d83f2ff691b353f800b44aecd0,VALID,
2026-10-05,10:49:06,2026,10,HEAD_TRUCK,201,80.61,online,N/A,ujb_dashboard_scrape,324,a50cad7ff36f0a4ff2d4f204033f083a53870058,VALID,
2026-10-05,10:46:52,2026,10,HEAD_TRUCK,179,104.56,online,N/A,ujb_dashboard_scrape,325,28ad46a6b8806ba01a24009d8c1c55caa0dddff9,VALID,
2026-10-05,10:45:48,2026,10,HEAD_TRUCK,95,113.25,online,N/A,ujb_dashboard_scrape,326,781b849708c63fc0c690b4fdef571a98df0ff8c9,VALID,
2026-10-05,10:43:02,2026,10,HEAD_TRUCK,154,95.83,online,N/A,ujb_dashboard_scrape,327,d5a70de3497ca45df9d040f8756aafa337fbc65b,VALID,
2026-10-05,10:42:57,2026,10,HEAD_TRUCK,141,119.96,online,N/A,ujb_dashboard_scrape,328,0ff510cf4a9dced0f5993dceed215ba192486bc9,VALID,
2026-10-05,10:39:49,2026,10,HEAD_TRUCK,149,105.67,online,N/A,ujb_dashboard_scrape,329,b5ef3117c6e436115add775038fdab764e5b4a2d,VALID,
2026-10-05,10:33:16,2026,10,BUS,01,49.6,online,N/A,ujb_dashboard_scrape,330,5b9e22663811ffe44a4f96a0d7a18aed4adc6fd0,VALID,
2026-10-05,10:27:31,2026,10,HEAD_TRUCK,180,60.65,online,N/A,ujb_dashboard_scrape,331,a1b68b62fbd9e295696bf53ba294be60721170e3,VALID,
2026-10-05,10:26:53,2026,10,HEAD_TRUCK,143,46.52,online,N/A,ujb_dashboard_scrape,332,8ca367dd1187d259f8b0034aa52e1b828495a8e0,VALID,
2026-10-05,10:24:28,2026,10,HEAD_TRUCK,212,83.25,online,N/A,ujb_dashboard_scrape,333,3a4aad4a708a645bed6a0851d127f0a3a2f7c20c,VALID,
2026-10-05,10:21:46,2026,10,HEAD_TRUCK,210,54.14,online,N/A,ujb_dashboard_scrape,334,ba5b8153008be6dc292d8799d54283dd03bb4721,VALID,
2026-10-05,10:19:33,2026,10,HEAD_TRUCK,144,72.64,online,N/A,ujb_dashboard_scrape,335,594b984371e3a2341687f951cedc2d133d3688ad,VALID,
2026-10-05,10:17:18,2026,10,HEAD_TRUCK,194,59.34,online,N/A,ujb_dashboard_scrape,336,7dd3a8d7791c67dcbcda74200b892a7beede8a95,VALID,
2026-10-05,10:14:51,2026,10,HEAD_TRUCK,163,82.54,online,N/A,ujb_dashboard_scrape,337,1bcc9c9ac947d8aa47f7b1fe95a1966b6e668236,VALID,
2026-10-05,10:09:59,2026,10,HEAD_TRUCK,216,95.35,online,N/A,ujb_dashboard_scrape,338,be683ca01d2009dd51103cd76325ece4dc416907,VALID,
2026-10-05,10:07:39,2026,10,HEAD_TRUCK,186,83.25,online,N/A,ujb_dashboard_scrape,339,cf38d5e6b0c8684ad562cbdd7f81388edbcfec6c,VALID,
2026-10-05,10:05:37,2026,10,HEAD_TRUCK,183,121.34,online,N/A,ujb_dashboard_scrape,340,571a1daddf5bfe2a9f23c1c2e6b4674e4ceda7bb,VALID,
2026-10-05,10:02:54,2026,10,HEAD_TRUCK,206,61.98,online,N/A,ujb_dashboard_scrape,341,b96d693fed4857a51bfee5b565c8a46a45aaafe7,VALID,
2026-10-05,09:58:46,2026,10,HEAD_TRUCK,214,71.19,online,N/A,ujb_dashboard_scrape,342,b78013fe9612b1ade1ecda33015aa22a1c6fa9d9,VALID,
2026-10-05,09:58:29,2026,10,HEAD_TRUCK,185,71.86,online,N/A,ujb_dashboard_scrape,343,fbbbce976b81da058ddbe304c73538ffec55e869,VALID,
2026-10-05,09:55:14,2026,10,HEAD_TRUCK,214,35.5,online,N/A,ujb_dashboard_scrape,344,4d287ada021f0b2f5963349ad63ac6d44501c00f,VALID,
2026-10-05,09:53:23,2026,10,KEND_OPS,RANGGA 04,40.0,online,N/A,ujb_dashboard_scrape,345,4d2a3837291658263a28869ed921244b0bfa0f2f,VALID,
2026-10-05,09:46:27,2026,10,DM,DM,40.0,online,N/A,ujb_dashboard_scrape,346,2619701f104b57db402fa88a90e062e7d505b1e3,VALID,
2026-10-05,09:44:34,2026,10,HEAD_TRUCK,137,68.87,online,N/A,ujb_dashboard_scrape,347,555212ac92df9c242016670d1120ad2c5980e24a,VALID,
2026-10-05,09:41:51,2026,10,HEAD_TRUCK,170,85.91,online,N/A,ujb_dashboard_scrape,348,522c2f9b8ce5b642ccdd861b67b53182bc39eeb7,VALID,
2026-10-05,09:39:18,2026,10,HEAD_TRUCK,195,135.12,online,N/A,ujb_dashboard_scrape,349,4415609f269d9684df68f6e0776ce67722c07419,VALID,
2026-10-05,09:34:38,2026,10,HEAD_TRUCK,166,81.93,online,N/A,ujb_dashboard_scrape,350,9d05c16bff5c5a61c8e9e3cea24b4c0e37a74784,VALID,
2026-10-05,09:32:37,2026,10,HEAD_TRUCK,161,77.73,online,N/A,ujb_dashboard_scrape,351,571fe25ae6f1ccaacd05e3f125cc94e03fc05a63,VALID,
2026-10-05,09:30:38,2026,10,KEND_OPS,RANGGA 13,40.0,online,N/A,ujb_dashboard_scrape,352,60e620e944ac09bc55c518af812d93fb2f3e36dc,VALID,
2026-10-05,09:25:55,2026,10,HEAD_TRUCK,136,77.19,online,N/A,ujb_dashboard_scrape,353,7ab4f416d6d69ed9e06c025344649fb7516857a9,VALID,
2026-10-05,09:23:57,2026,10,HEAD_TRUCK,190,71.72,online,N/A,ujb_dashboard_scrape,354,dad853b1a4b90ab7188e27fb26ba6a5775014001,VALID,
2026-10-05,09:23:38,2026,10,HEAD_TRUCK,138,84.85,online,N/A,ujb_dashboard_scrape,355,a35cb6be71c914960fa87f3c428b3898b8a6013f,VALID,
2026-10-05,09:21:04,2026,10,HEAD_TRUCK,181,86.31,online,N/A,ujb_dashboard_scrape,356,e9e70e1e4a27bf4f913f08cf1ffdec94d1d72bb3,VALID,
2026-10-05,09:20:58,2026,10,HEAD_TRUCK,168,101.09,online,N/A,ujb_dashboard_scrape,357,9b59f2ab6b75ed01aa83f6cd941d36a77b51c706,VALID,
2026-10-05,09:05:49,2026,10,HEAD_TRUCK,164,61.7,online,N/A,ujb_dashboard_scrape,358,8299394ad5a574a7133cb3e72c6e434b20a4e316,VALID,
2026-10-05,09:01:35,2026,10,HEAD_TRUCK,184,36.42,online,N/A,ujb_dashboard_scrape,359,4f5ca6eddb311d37942f13257d8ec89ff65a3a1a,VALID,
2026-10-05,08:57:08,2026,10,HEAD_TRUCK,184,22.59,online,N/A,ujb_dashboard_scrape,360,b3e882c871d0ca7aa3b2daaf04aaf507f3b8f130,VALID,
2026-10-05,08:56:24,2026,10,HEAD_TRUCK,156,94.37,online,N/A,ujb_dashboard_scrape,361,00e1d925bbc17595091147e652daa7564ccf89ef,VALID,
2026-10-05,08:52:15,2026,10,HEAD_TRUCK,171,113.85,online,N/A,ujb_dashboard_scrape,362,4cab6542604aa2ed43e78cf7b2a60a56725ff6ec,VALID,
2026-10-05,08:49:10,2026,10,HEAD_TRUCK,205,128.05,online,N/A,ujb_dashboard_scrape,363,4e6ef3b04950bbf1b9a290accd1a11634faee5f1,VALID,
2026-10-05,08:45:32,2026,10,HEAD_TRUCK,131,107.58,online,N/A,ujb_dashboard_scrape,364,229d27cfae7120b98e4abb6dfd4bbd0eeadf26fd,VALID,
2026-10-05,08:42:32,2026,10,ELF,03,35.0,online,N/A,ujb_dashboard_scrape,365,8d999bc6e34477ea7b8c6c6d0d28c5e4e8043dcd,VALID,
2026-10-05,08:35:55,2026,10,HEAD_TRUCK,158,115.3,online,N/A,ujb_dashboard_scrape,366,f8503b5b1db2e5332045f7cd934c27e928252224,VALID,
2026-10-05,08:34:08,2026,10,ELF,02,35.0,online,N/A,ujb_dashboard_scrape,367,5c308d0bc992e7771df9e76fcafccd19d09d3ff0,VALID,
2026-10-05,08:32:59,2026,10,HEAD_TRUCK,172,108.72,online,N/A,ujb_dashboard_scrape,368,489da4c8e8028e385e761771bb066cb66e43dc19,VALID,
2026-10-05,08:32:11,2026,10,HEAD_TRUCK,147,103.46,online,N/A,ujb_dashboard_scrape,369,e415fe538bb81519f94e5c582a1353a2b3de5a13,VALID,
2026-10-05,08:29:22,2026,10,HEAD_TRUCK,148,95.52,online,N/A,ujb_dashboard_scrape,370,7d14b39a747f0f64759bec2b7d0f9fa5f2504a3e,VALID,
2026-10-05,08:26:52,2026,10,ELF,01,35.0,online,N/A,ujb_dashboard_scrape,371,debcd4a3161c35591293e0de87441ae126c09807,VALID,
2026-10-05,08:25:00,2026,10,HEAD_TRUCK,159,97.22,online,N/A,ujb_dashboard_scrape,372,d1dd0c34b6bde377f93a7ae8132023dd4ee95cab,VALID,
2026-10-05,08:23:35,2026,10,HEAD_TRUCK,196,96.11,online,N/A,ujb_dashboard_scrape,373,7ed4b752c36f9362b41f5754f5e11b9f972c5bdf,VALID,
2026-10-05,08:22:20,2026,10,HEAD_TRUCK,150,79.63,online,N/A,ujb_dashboard_scrape,374,5628ae52515452f1753185be11b904fee0a677f3,VALID,
2026-10-05,08:20:24,2026,10,HEAD_TRUCK,192,36.67,online,N/A,ujb_dashboard_scrape,375,5dde92582cf8454c97a9d4221ba57f9379c7a881,VALID,
2026-10-05,08:20:06,2026,10,HEAD_TRUCK,162,69.27,online,N/A,ujb_dashboard_scrape,376,3a305dd2abda7953e300f2ebb847a7dff960a4fa,VALID,
2026-10-05,08:18:52,2026,10,KEND_OPS,RANGGA 15,40.0,online,N/A,ujb_dashboard_scrape,377,7ee050d84c1ad113250e4bddee3f8b03255a88b5,VALID,
2026-10-05,08:17:41,2026,10,HEAD_TRUCK,139,57.47,online,N/A,ujb_dashboard_scrape,378,74c922f305f7445d9c8c805839d3b3e9b5105836,VALID,
2026-10-05,08:16:24,2026,10,HEAD_TRUCK,198,60.07,online,N/A,ujb_dashboard_scrape,379,ecedf5dd43b77d70e53c04fff00c274c37d19467,VALID,
2026-10-05,08:15:55,2026,10,HEAD_TRUCK,128,92.86,online,N/A,ujb_dashboard_scrape,380,5587ac61c408c65c763a399dea3e6c902f8ee0de,VALID,
2026-10-05,08:12:53,2026,10,HEAD_TRUCK,204,74.37,online,N/A,ujb_dashboard_scrape,381,d9e041347a2742de2cf949058ba76e7ae8530414,VALID,
2026-10-05,08:11:35,2026,10,HEAD_TRUCK,193,71.58,online,N/A,ujb_dashboard_scrape,382,67fa5d0057fe27bfaff48ec08b81f6534cd1d161,VALID,
2026-10-05,08:10:36,2026,10,HEAD_TRUCK,209,121.36,online,N/A,ujb_dashboard_scrape,383,424f05795346649fc2610bf0f9898598808ac759,VALID,
2026-10-05,08:09:01,2026,10,HEAD_TRUCK,174,75.49,online,N/A,ujb_dashboard_scrape,384,edcdd24fb8896d81a679d2ba392d658f3d195c5e,VALID,
2026-10-05,08:07:10,2026,10,HEAD_TRUCK,134,103.26,online,N/A,ujb_dashboard_scrape,385,516c817f5e79225d52a2bc86955a9141aa1a30c9,VALID,
2026-10-05,08:06:42,2026,10,KEND_OPS,TRAGA 01,28.52,online,N/A,ujb_dashboard_scrape,386,6d074af2d1ca5a67bcc27fa8faa61851405ce3c2,VALID,
2026-10-05,08:03:42,2026,10,HEAD_TRUCK,191,68.49,online,N/A,ujb_dashboard_scrape,387,60a158c34e52ec88f538ab52fdf146782d082b3b,VALID,
2026-10-05,08:03:35,2026,10,HEAD_TRUCK,142,87.79,online,N/A,ujb_dashboard_scrape,388,709ce69a252570a11af147ae60f75955c0f16b08,VALID,
2026-10-04,14:05:09,2026,10,HEAD_TRUCK,210,74.28,online,N/A,ujb_dashboard_scrape,389,77cf31d697bca54e0b61c0c012e714c6607b4112,VALID,
2026-10-04,13:55:40,2026,10,HEAD_TRUCK,198,67.03,online,N/A,ujb_dashboard_scrape,390,77106ddc4dc23e8912248e4193ec439da8073188,VALID,
2026-10-04,13:52:44,2026,10,KEND_OPS,RANGGA 04,40.0,online,N/A,ujb_dashboard_scrape,391,062cddf7d77c46096c92699253c6467e9ca5c5dd,VALID,
2026-10-04,13:48:51,2026,10,HEAD_TRUCK,185,106.44,online,N/A,ujb_dashboard_scrape,392,766bb4ea21ae6d944a275aa4c8cb12a003d102d8,VALID,
2026-10-04,13:44:54,2026,10,HEAD_TRUCK,161,118.99,online,N/A,ujb_dashboard_scrape,393,db7aa2fed78b874f8b933353186f90f9b0638981,VALID,
2026-10-04,13:39:48,2026,10,HEAD_TRUCK,190,85.13,online,N/A,ujb_dashboard_scrape,394,7986c02b05e378479449448b932a1167067f58d2,VALID,
2026-10-04,13:31:00,2026,10,HEAD_TRUCK,182,78.42,online,N/A,ujb_dashboard_scrape,395,68f70fe91ca9f531b3b36cc5921ea88cc8a7f875,VALID,
2026-10-04,13:21:44,2026,10,HEAD_TRUCK,139,87.4,online,N/A,ujb_dashboard_scrape,396,2d156fb327b13e4f705f698437b34a55fd54fb6e,VALID,
2026-10-04,13:15:36,2026,10,HEAD_TRUCK,194,79.22,online,N/A,ujb_dashboard_scrape,397,97f858f7c8ea319d45533bac50aa17de6091e9ad,VALID,
2026-10-04,13:12:02,2026,10,HEAD_TRUCK,162,86.29,online,N/A,ujb_dashboard_scrape,398,60751fcfd6b592713f5dfc2861f7045f09ed9bc1,VALID,
2026-10-04,11:33:32,2026,10,BUS,03,49.58,online,N/A,ujb_dashboard_scrape,399,14939ab42a2cf087803d7d201a51f77f49c862f2,VALID,
2026-10-04,11:30:30,2026,10,HEAD_TRUCK,143,100.79,online,N/A,ujb_dashboard_scrape,400,4b66f9cc0847592ded2b862a79af3ccc281dc194,VALID,
2026-10-04,11:27:44,2026,10,HEAD_TRUCK,193,101.91,online,N/A,ujb_dashboard_scrape,401,0a3b7b350a24ba9d7651e5e673778d34342d8ee3,VALID,
2026-10-04,11:25:04,2026,10,BUS,02,53.72,online,N/A,ujb_dashboard_scrape,402,f1aeb9a01ab2f368fe9606f5ab501f3651c54a1a,VALID,
2026-10-04,11:17:40,2026,10,BUS,01,50.81,online,N/A,ujb_dashboard_scrape,403,d81c0b91821a14d80a7f31bc01c3015f8c91e693,VALID,
2026-10-04,11:11:19,2026,10,HEAD_TRUCK,216,70.98,online,N/A,ujb_dashboard_scrape,404,6767ec420a04d5ebda80f5cd0c88442fdc37172a,VALID,
2026-10-04,11:03:47,2026,10,HEAD_TRUCK,184,65.55,online,N/A,ujb_dashboard_scrape,405,5784beb1b11c08d536933213f3de071136b491b8,VALID,
2026-10-04,11:01:06,2026,10,HEAD_TRUCK,208,104.57,online,N/A,ujb_dashboard_scrape,406,48258360bdacdbb9aa090e71a495c1e767dbd245,VALID,
2026-10-04,10:58:01,2026,10,HEAD_TRUCK,133,66.42,online,N/A,ujb_dashboard_scrape,407,191bbd1d2623724404b63dfedc284755946d1811,VALID,
2026-10-04,10:55:29,2026,10,HEAD_TRUCK,140,89.62,online,N/A,ujb_dashboard_scrape,408,5bb7b604d25aea479317e3a2e809e08da12437f2,VALID,
2026-10-04,10:52:48,2026,10,HEAD_TRUCK,142,77.42,online,N/A,ujb_dashboard_scrape,409,127c8b7bb55a94178fa2cf8419a81085ac466bc1,VALID,
2026-10-04,10:50:35,2026,10,HEAD_TRUCK,181,72.91,online,N/A,ujb_dashboard_scrape,410,17e30d29f5be8952e986c8fb4ca039ba16e98bee,VALID,
2026-10-04,10:48:00,2026,10,HEAD_TRUCK,157,108.47,online,N/A,ujb_dashboard_scrape,411,dba2cfa63e8f4c0e2d3e5b627f49ee813e0caa72,VALID,
2026-10-04,10:44:48,2026,10,HEAD_TRUCK,156,102.48,online,N/A,ujb_dashboard_scrape,412,5cdd458ee88977b325322e8f373c5687da22627b,VALID,
2026-10-04,10:41:55,2026,10,HEAD_TRUCK,196,87.32,online,N/A,ujb_dashboard_scrape,413,f66bc08cd532c87b53c3e057365c84ac90957c5b,VALID,
2026-10-04,10:37:59,2026,10,HEAD_TRUCK,206,90.18,online,N/A,ujb_dashboard_scrape,414,558660fbd20660aadbafecb3465039e3f8771143,VALID,
2026-10-04,10:35:34,2026,10,HEAD_TRUCK,131,106.61,online,N/A,ujb_dashboard_scrape,415,b1d11b5388da0a600a6aa7a52f427dc5c647e406,VALID,
2026-10-04,10:32:39,2026,10,HEAD_TRUCK,201,93.88,online,N/A,ujb_dashboard_scrape,416,bddfd4e280eeaa77702d17c56870c3c8ac63d037,VALID,
2026-10-04,10:29:47,2026,10,HEAD_TRUCK,204,53.88,online,N/A,ujb_dashboard_scrape,417,d6e1ae6f04412f3c8a8fd953a46b59b7a770b4d0,VALID,
2026-10-04,10:16:07,2026,10,HEAD_TRUCK,147,92.83,online,N/A,ujb_dashboard_scrape,418,2a0db62fbd5b904c922d56d6acf94d5938893ba3,VALID,
2026-10-04,10:08:25,2026,10,HEAD_TRUCK,214,86.47,online,N/A,ujb_dashboard_scrape,419,7515d72f107a1df8c8325b1a403a6ca66a95b3a2,VALID,
2026-10-04,10:04:57,2026,10,HEAD_TRUCK,170,90.37,online,N/A,ujb_dashboard_scrape,420,1ee8e35dfc1a76159842ad6d86a9c6f68b286bfc,VALID,
2026-10-04,10:02:00,2026,10,HEAD_TRUCK,150,95.2,online,N/A,ujb_dashboard_scrape,421,6a3439a4d2a1913aa882c63c7cc0c8556dab7d90,VALID,
2026-10-04,09:59:20,2026,10,HEAD_TRUCK,163,93.36,online,N/A,ujb_dashboard_scrape,422,775f24f98cb42b0d63f2cc07249668ea4321ab2e,VALID,
2026-10-04,09:56:27,2026,10,HEAD_TRUCK,145,96.91,online,N/A,ujb_dashboard_scrape,423,e40acd378c7eaa5186a6ee3b961b2032cf359e29,VALID,
2026-10-04,09:51:07,2026,10,HEAD_TRUCK,171,114.14,online,N/A,ujb_dashboard_scrape,424,ba59edd91bcb14d535d39b99438a8761c1801d48,VALID,
2026-10-04,09:48:10,2026,10,HEAD_TRUCK,164,84.87,online,N/A,ujb_dashboard_scrape,425,b68bc19d50f765793a0ca3e1d402249b315b1abf,VALID,
2026-10-04,09:47:13,2026,10,HEAD_TRUCK,174,92.59,online,N/A,ujb_dashboard_scrape,426,bc550b25ef50a0dd3efa0e0b4643be2faa3332e2,VALID,
2026-10-04,09:42:05,2026,10,KEND_OPS,B 9428 UAT,36.21,online,N/A,ujb_dashboard_scrape,427,fe1344a4495d585d0a48e4e9929afa3d60dde4fa,VALID,
2026-10-04,09:37:25,2026,10,HEAD_TRUCK,95,107.64,online,N/A,ujb_dashboard_scrape,428,887f47065cfdba2e6540227108cdb5c4f09b320f,VALID,
2026-10-04,09:34:28,2026,10,HEAD_TRUCK,149,63.93,online,N/A,ujb_dashboard_scrape,429,b32e6a85af991589b7bc917a6adacfb593a0d3f2,VALID,
2026-10-04,09:32:18,2026,10,HEAD_TRUCK,136,79.66,online,N/A,ujb_dashboard_scrape,430,8e1d4e4299a7c25f27ff1fc1106dda83c02da169,VALID,
2026-10-04,09:29:04,2026,10,HEAD_TRUCK,151,106.67,online,N/A,ujb_dashboard_scrape,431,6c369b692f0e9fe98d716c29325023d653730eba,VALID,
2026-10-04,09:26:14,2026,10,HEAD_TRUCK,135,88.76,online,N/A,ujb_dashboard_scrape,432,5aaf181e9e3b58bc7bb7b7d1cd0a87291fab5a75,VALID,
2026-10-04,09:25:56,2026,10,HEAD_TRUCK,205,98.75,online,N/A,ujb_dashboard_scrape,433,d02cfb3bab864122c00b337425b815a41f6a3317,VALID,
2026-10-04,09:22:16,2026,10,HEAD_TRUCK,148,108.72,online,N/A,ujb_dashboard_scrape,434,b9d481a67b668a4a71685331736beec6f45cef46,VALID,
2026-10-04,09:21:03,2026,10,HEAD_TRUCK,144,93.63,online,N/A,ujb_dashboard_scrape,435,9bf1ee4042216bf988e412b3296013c18c81cf62,VALID,
2026-10-04,09:18:16,2026,10,HEAD_TRUCK,159,98.58,online,N/A,ujb_dashboard_scrape,436,0402de179740c83733a6b5aaf6f5dc2b86c10261,VALID,
2026-10-04,09:16:56,2026,10,HEAD_TRUCK,166,83.88,online,N/A,ujb_dashboard_scrape,437,7725132dc8c0dbea25813757cc578414fcc155d4,VALID,
2026-10-04,09:14:21,2026,10,HEAD_TRUCK,137,85.42,online,N/A,ujb_dashboard_scrape,438,4903cadfbbf47901188602271220f4b3d3891bbd,VALID,
2026-10-04,09:13:25,2026,10,HEAD_TRUCK,203,90.83,online,N/A,ujb_dashboard_scrape,439,772f6e741fd0033434bbf1f7678269adb10ad071,VALID,
2026-10-04,09:10:55,2026,10,HEAD_TRUCK,134,100.54,online,N/A,ujb_dashboard_scrape,440,8d68e2cfd7af7d613b0ddd65b5d2896873b162ac,VALID,
2026-10-04,09:09:51,2026,10,HEAD_TRUCK,175,78.13,online,N/A,ujb_dashboard_scrape,441,afd83572aca1df310545a360a574cebbebf2bd3f,VALID,
2026-10-04,09:07:17,2026,10,ELF,03,0.93,online,N/A,ujb_dashboard_scrape,442,689d98fc5fa86bd63089c79915450d4749ad4989,VALID,
2026-10-04,09:06:28,2026,10,ELF,03,25.75,online,N/A,ujb_dashboard_scrape,443,c8f873370c69b59f707f7f621a105f0938713dba,VALID,
2026-10-04,09:06:25,2026,10,HEAD_TRUCK,186,75.36,online,N/A,ujb_dashboard_scrape,444,0aa91b1e9e29e81cd43a4ae2aa51da8e7ee2dc97,VALID,
2026-10-04,09:04:29,2026,10,ELF,02,35.0,online,N/A,ujb_dashboard_scrape,445,d6b34e06a018a3f17e81f69a8b5c1900a39fa107,VALID,
2026-10-04,09:03:59,2026,10,HEAD_TRUCK,195,76.61,online,N/A,ujb_dashboard_scrape,446,cb2d9579616fbcaa5e1848863e7006707f9009e9,VALID,
2026-10-04,09:02:27,2026,10,HEAD_TRUCK,132,94.69,online,N/A,ujb_dashboard_scrape,447,33f4275e62ed24894834933dbb82107b172731dc,VALID,
2026-10-04,09:00:43,2026,10,HEAD_TRUCK,177,74.95,online,N/A,ujb_dashboard_scrape,448,8a234f0ff4e098d54ff787e94fbc8eb2d866cedb,VALID,
2026-10-04,08:59:35,2026,10,HEAD_TRUCK,177,94.33,online,N/A,ujb_dashboard_scrape,449,2390a18ec24a30416cb18ef8176f4494560098be,VALID,
2026-10-04,08:57:02,2026,10,HEAD_TRUCK,188,55.53,online,N/A,ujb_dashboard_scrape,450,49089a3927ebf9216f7a3e1d3fc524a0405fd69a,VALID,
2026-10-04,08:55:08,2026,10,HEAD_TRUCK,191,79.85,online,N/A,ujb_dashboard_scrape,451,b3dea58b7541cd525b8df91e886daaa33697f375,VALID,
2026-10-04,08:53:12,2026,10,HEAD_TRUCK,167,100.21,online,N/A,ujb_dashboard_scrape,452,6bf062ef4c60e083c34030830a6d84b440943b40,VALID,
2026-10-04,08:51:56,2026,10,HEAD_TRUCK,199,75.31,online,N/A,ujb_dashboard_scrape,453,277e244c85e8de884b31f1018c07a37ef1589aa8,VALID,
2026-10-04,08:50:27,2026,10,HEAD_TRUCK,152,77.1,online,N/A,ujb_dashboard_scrape,454,ea43c3046228c3d9f82c56fcfbb97368ee0d7017,VALID,
2026-10-04,08:47:39,2026,10,HEAD_TRUCK,152,18.09,online,N/A,ujb_dashboard_scrape,455,f646d7b6e8e55a701fab06d1a4cc42e7a847276d,VALID,
2026-10-04,08:43:24,2026,10,HEAD_TRUCK,138,92.9,online,N/A,ujb_dashboard_scrape,456,d83067763e5373dc2ca6e8e93e7b905d823804d7,VALID,
2026-10-04,08:41:30,2026,10,HEAD_TRUCK,211,103.81,online,N/A,ujb_dashboard_scrape,457,f2f4b29b697920fe0483628df5a90bf41afa8ee9,VALID,
2026-10-04,08:39:17,2026,10,HEAD_TRUCK,207,82.8,online,N/A,ujb_dashboard_scrape,458,a1f0c3444371ee82e39fc9e15663a5ab06056ca8,VALID,
2026-10-04,08:37:13,2026,10,HEAD_TRUCK,141,85.62,online,N/A,ujb_dashboard_scrape,459,5701b3beaab65192b729c62e1fb46c5190b4d31a,VALID,
2026-10-04,08:35:04,2026,10,ELF,01,35.0,online,N/A,ujb_dashboard_scrape,460,4a0b34c7415465ae5c39b1823daa58faf639ba2f,VALID,
2026-10-04,08:33:01,2026,10,HEAD_TRUCK,209,101.47,online,N/A,ujb_dashboard_scrape,461,50632d90b503d6e985e0b6c3cbf61e1465944d0b,VALID,
2026-10-04,08:31:03,2026,10,HEAD_TRUCK,128,100.28,online,N/A,ujb_dashboard_scrape,462,68afe2850c0a2d4ed12830215fdc8f2679208dfc,VALID,
2026-10-04,08:28:12,2026,10,HEAD_TRUCK,202,28.76,online,N/A,ujb_dashboard_scrape,463,6a44d8f700b103560fa5a5acdbc9e793afdd8882,VALID,
2026-10-04,08:28:10,2026,10,HEAD_TRUCK,212,93.16,online,N/A,ujb_dashboard_scrape,464,8bdd5724d175910fae05e49802bff1252eb959e3,VALID,
2026-10-04,08:25:58,2026,10,HEAD_TRUCK,183,79.01,online,N/A,ujb_dashboard_scrape,465,311071f6e1a29dd9ea77635b9d32e60a9ea6ee67,VALID,
2026-10-04,08:25:13,2026,10,HEAD_TRUCK,165,93.25,online,N/A,ujb_dashboard_scrape,466,a3e604430fae1a1f9676ec232d6924a3c3a0c56d,VALID,
2026-10-04,08:23:53,2026,10,HEAD_TRUCK,197,45.4,online,N/A,ujb_dashboard_scrape,467,9c32569d5829e02ba69f41dfd6110e6ef8aa97c2,VALID,
2026-10-04,08:22:43,2026,10,HEAD_TRUCK,154,43.57,online,N/A,ujb_dashboard_scrape,468,0bb5e30b5ce2e327d5d3c7aa56bebadad79fac68,VALID,
2026-10-04,08:20:40,2026,10,HEAD_TRUCK,178,78.96,online,N/A,ujb_dashboard_scrape,469,90366fdbb231cdf0045507d5f32697fe5ecf390b,VALID,
2026-10-04,08:19:54,2026,10,HEAD_TRUCK,169,80.19,online,N/A,ujb_dashboard_scrape,470,534e7cffe93d5047a14677dd24b1bdcd3a709070,VALID,
2026-10-04,08:18:34,2026,10,HEAD_TRUCK,179,87.73,online,N/A,ujb_dashboard_scrape,471,b025462c859fa6741cf9569f3c8fd55758552512,VALID,
2026-10-04,08:17:18,2026,10,HEAD_TRUCK,168,87.56,online,N/A,ujb_dashboard_scrape,472,dde940f5062f059eebf0bcea6eccd7cbaa9425af,VALID,
2026-10-04,08:13:37,2026,10,HEAD_TRUCK,168,0.31,online,N/A,ujb_dashboard_scrape,473,64dbb7f6ee679f2a1d7620d6b13ffcb2f15d8ad4,VALID,
2026-10-03,14:38:23,2026,10,HEAD_TRUCK,185,90.81,online,N/A,ujb_dashboard_scrape,474,a189a9bb24b52079965eb06962833cd305137e27,VALID,
2026-10-03,14:13:54,2026,10,KEND_OPS,RANGGA 02,38.57,online,N/A,ujb_dashboard_scrape,475,3dc00d761c2aeeb9f7b79e4c170bcb9de6f44574,VALID,
2026-10-03,14:09:57,2026,10,HEAD_TRUCK,139,78.54,online,N/A,ujb_dashboard_scrape,476,988ed7c786546115fcee14bb45ccd7114a41e65e,VALID,
2026-10-03,13:42:17,2026,10,HEAD_TRUCK,162,56.76,online,N/A,ujb_dashboard_scrape,477,8dab4650659a0ac255b317c8be2f8143ef6d5539,VALID,
2026-10-03,13:36:53,2026,10,KEND_OPS,RANGGA 03,40.0,online,N/A,ujb_dashboard_scrape,478,b9f184e721d91fb1117236922d472ac3528b26df,VALID,
2026-10-03,13:21:07,2026,10,HEAD_TRUCK,213,100.74,online,N/A,ujb_dashboard_scrape,479,7eaf3ae3edac297fd75950276f070e1c9fb16cd1,VALID,
2026-10-03,13:13:56,2026,10,HEAD_TRUCK,142,70.58,online,N/A,ujb_dashboard_scrape,480,595a4336a4599af9275b76d35d19c8906ec43b14,VALID,
2026-10-03,13:11:16,2026,10,HEAD_TRUCK,147,79.12,online,N/A,ujb_dashboard_scrape,481,aeb1b21705078d07707f75fd8d8f09623ff98433,VALID,
2026-10-03,13:07:56,2026,10,HEAD_TRUCK,95,59.76,online,N/A,ujb_dashboard_scrape,482,bbcf6cb6ec2b26f4589c61dd6d6b3c2e463d9459,VALID,
2026-10-03,11:41:03,2026,10,HEAD_TRUCK,193,95.89,online,N/A,ujb_dashboard_scrape,483,14a94ca7a1edf7c26a492a354d34e9bfebb33423,VALID,
2026-10-03,11:37:47,2026,10,HEAD_TRUCK,196,79.58,online,N/A,ujb_dashboard_scrape,484,a7be2666f4a287c6d3647213d2ad077c3b480c30,VALID,
2026-10-03,11:35:10,2026,10,HEAD_TRUCK,145,76.02,online,N/A,ujb_dashboard_scrape,485,74837361909f3d2cee94792193a7460b2d6ecb2f,VALID,
2026-10-03,11:32:24,2026,10,HEAD_TRUCK,211,86.99,online,N/A,ujb_dashboard_scrape,486,0c209c1a808bcfa4e18840c30719b0ef81be0e74,VALID,
2026-10-03,11:29:41,2026,10,HEAD_TRUCK,190,44.57,online,N/A,ujb_dashboard_scrape,487,4aff35c1882095b6000ddc7a6aafac7c333eea9a,VALID,
2026-10-03,11:27:27,2026,10,HEAD_TRUCK,131,36.52,online,N/A,ujb_dashboard_scrape,488,613e0b84e3fc117a7b30d8b57c59936169a10365,VALID,
2026-10-03,11:25:56,2026,10,HEAD_TRUCK,164,92.59,online,N/A,ujb_dashboard_scrape,489,d895e43f6d7272ba97fbaf040851725d14674bc2,VALID,
2026-10-03,11:21:36,2026,10,HEAD_TRUCK,201,79.04,online,N/A,ujb_dashboard_scrape,490,efc930dc2c0783f030c07d0c81ca34b75294382d,VALID,
2026-10-03,11:18:59,2026,10,HEAD_TRUCK,174,70.5,online,N/A,ujb_dashboard_scrape,491,349d36c3e31d4301a6fcacb90474d6f3ed3362c9,VALID,
2026-10-03,11:16:01,2026,10,HEAD_TRUCK,138,87.76,online,N/A,ujb_dashboard_scrape,492,2ba4c6acc0baf0c88d75538059dbf6ba26ce8f67,VALID,
2026-10-03,11:13:28,2026,10,HEAD_TRUCK,132,72.26,online,N/A,ujb_dashboard_scrape,493,a7d55da1b26dbc7a99e348628bc1804911deda1f,VALID,
2026-10-03,11:10:47,2026,10,HEAD_TRUCK,208,63.31,online,N/A,ujb_dashboard_scrape,494,ffea0236d7f1df8a3815b16b21c46b56ba261801,VALID,
2026-10-03,11:08:34,2026,10,HEAD_TRUCK,167,76.55,online,N/A,ujb_dashboard_scrape,495,6df43d0ebaab0c418ee91fb4211008139ab22306,VALID,
2026-10-03,11:06:14,2026,10,HEAD_TRUCK,191,59.46,online,N/A,ujb_dashboard_scrape,496,be5690bf03ae5178f0f90a3561d81e13791d7817,VALID,
2026-10-03,11:03:51,2026,10,HEAD_TRUCK,143,73.96,online,N/A,ujb_dashboard_scrape,497,fdf88c0d2dcb09fb820f21d5ab775b037cb99ab2,VALID,
2026-10-03,11:01:47,2026,10,BUS,03,47.3,online,N/A,ujb_dashboard_scrape,498,e91c8055dd5c84f8b051d94a83f2dfa86e2738b5,VALID,
2026-10-03,10:59:03,2026,10,HEAD_TRUCK,198,70.38,online,N/A,ujb_dashboard_scrape,499,ff88967b34bf93c6eaadc168059be2847655ce51,VALID,
2026-10-03,10:56:33,2026,10,HEAD_TRUCK,216,59.99,online,N/A,ujb_dashboard_scrape,500,0efe3feb06cfa8e1063eee1a72dba51cd6b3c438,VALID,
2026-10-03,10:54:15,2026,10,HEAD_TRUCK,136,56.79,online,N/A,ujb_dashboard_scrape,501,fd499aaa17b1fd019228b92bf64488c0a774b482,VALID,
2026-10-03,10:52:19,2026,10,HEAD_TRUCK,161,67.63,online,N/A,ujb_dashboard_scrape,502,0bf4dc202f000079b4329a0a0c5c3e8026513729,VALID,
2026-10-03,10:50:14,2026,10,HEAD_TRUCK,148,61.98,online,N/A,ujb_dashboard_scrape,503,a822e7f3bf8acd0b9f31ad08cd357db4e1feeb47,VALID,
2026-10-03,10:48:16,2026,10,HEAD_TRUCK,166,80.07,online,N/A,ujb_dashboard_scrape,504,ceb91ecc076330e6bc313d18911c52985bf075d9,VALID,
2026-10-03,10:45:16,2026,10,HEAD_TRUCK,144,64.42,online,N/A,ujb_dashboard_scrape,505,725d3d9d985e6bec04e88505bbc580dc7941f3b9,VALID,
2026-10-03,10:43:03,2026,10,HEAD_TRUCK,132,72.14,online,N/A,ujb_dashboard_scrape,506,e0e473da4267355b7e84289d34c57b15e5484498,VALID,
2026-10-03,10:40:45,2026,10,HEAD_TRUCK,157,72.56,online,N/A,ujb_dashboard_scrape,507,fefa7d0d57a48a1d6a24cf2f797ffe98021a4b33,VALID,
2026-10-03,10:38:23,2026,10,HEAD_TRUCK,156,86.28,online,N/A,ujb_dashboard_scrape,508,00b9a2bf11c143fa3255cf7281165f950c2d759a,VALID,
2026-10-03,10:35:54,2026,10,HEAD_TRUCK,140,70.93,online,N/A,ujb_dashboard_scrape,509,e0174e7af37a8f88b629f43a7975e89b998b6ea8,VALID,
2026-10-03,10:33:39,2026,10,HEAD_TRUCK,169,102.72,online,N/A,ujb_dashboard_scrape,510,618d937e605cd3bcffd212f2a66def70332888c9,VALID,
2026-10-03,10:30:46,2026,10,HEAD_TRUCK,154,77.36,online,N/A,ujb_dashboard_scrape,511,316f26a166ad5c14b439f38b15ed000e70387320,VALID,
2026-10-03,10:28:28,2026,10,HEAD_TRUCK,150,83.08,online,N/A,ujb_dashboard_scrape,512,8540ae0c6ad2c7c31e875f91b85232d58d591d95,VALID,
2026-10-03,10:26:09,2026,10,HEAD_TRUCK,179,61.65,online,N/A,ujb_dashboard_scrape,513,bbcd723f1461bbe09a571ebf8474aed1bc973070,VALID,
2026-10-03,10:23:44,2026,10,HEAD_TRUCK,149,60.01,online,N/A,ujb_dashboard_scrape,514,575eb6feb44099358658117878530ef7cdb28a33,VALID,
2026-10-03,10:21:00,2026,10,HEAD_TRUCK,153,60.29,online,N/A,ujb_dashboard_scrape,515,d0286c32afa2b894ea05e26872e2245f4983577d,VALID,
2026-10-03,10:18:52,2026,10,HEAD_TRUCK,151,81.16,online,N/A,ujb_dashboard_scrape,516,50fb9aab9b01284a7d059d22f17bee49b260fc67,VALID,
2026-10-03,10:16:02,2026,10,HEAD_TRUCK,178,77.04,online,N/A,ujb_dashboard_scrape,517,f88c172c61e6d76943e6b5fee07bbeb0656b4c06,VALID,
2026-10-03,10:15:05,2026,10,HEAD_TRUCK,133,89.41,online,N/A,ujb_dashboard_scrape,518,392fd78cb93775cac67541c6ce18faec5cda9aa9,VALID,
2026-10-03,10:12:28,2026,10,HEAD_TRUCK,186,62.2,online,N/A,ujb_dashboard_scrape,519,0e8b35996b25ca9b733a2973555193bdf13f1ed4,VALID,
2026-10-03,10:11:47,2026,10,HEAD_TRUCK,134,99.42,online,N/A,ujb_dashboard_scrape,520,856cd1277cbe36da0ee5a3592b7cc8871626983c,VALID,
2026-10-03,10:08:49,2026,10,HEAD_TRUCK,202,77.62,online,N/A,ujb_dashboard_scrape,521,c376ccbb7b6151df588b416c06da5ff9e9b7bba4,VALID,
2026-10-03,10:07:42,2026,10,HEAD_TRUCK,137,93.35,online,N/A,ujb_dashboard_scrape,522,fddb4a6ad4de1908ed7199c1132708fd805ad593,VALID,
2026-10-03,10:04:39,2026,10,HEAD_TRUCK,203,68.96,online,N/A,ujb_dashboard_scrape,523,7062fe13ac8ccb71b74c73db0057fcdf17f178f0,VALID,
2026-10-03,10:04:32,2026,10,HEAD_TRUCK,215,106.86,online,N/A,ujb_dashboard_scrape,524,a22a701d6b732f8c9f278a24f69f6570f80bf8cb,VALID,
2026-10-03,10:01:08,2026,10,HEAD_TRUCK,195,79.95,online,N/A,ujb_dashboard_scrape,525,d1e00cdbcc74ebcbaaaa7e89823b4daf1d5a0a31,VALID,
2026-10-03,09:58:24,2026,10,HEAD_TRUCK,135,71.08,online,N/A,ujb_dashboard_scrape,526,c8b118601a4d55f0b54ece9d2753ac0361ab6a12,VALID,
2026-10-03,09:55:36,2026,10,HEAD_TRUCK,188,67.75,online,N/A,ujb_dashboard_scrape,527,4c2deceb0dfbd90b557d0982b943816a8cb3f691,VALID,
2026-10-03,09:51:45,2026,10,HEAD_TRUCK,205,82.64,online,N/A,ujb_dashboard_scrape,528,8722a8c7242e2cdb6f7c66d9cafd8ac547796a43,VALID,
2026-10-03,09:47:59,2026,10,HEAD_TRUCK,184,76.75,online,N/A,ujb_dashboard_scrape,529,67f008f8d2fbad96430e0b6eaaaf7ee5012f0990,VALID,
2026-10-03,09:44:57,2026,10,HEAD_TRUCK,212,69.67,online,N/A,ujb_dashboard_scrape,530,6d3ee0d528f430502045eab7e173dd44f483efa6,VALID,
2026-10-03,09:42:09,2026,10,KEND_OPS,RANGGA 07,36.14,online,N/A,ujb_dashboard_scrape,531,3e57e595461437315f7405e2839cc0c516bab8da,VALID,
2026-10-03,09:39:27,2026,10,HEAD_TRUCK,204,77.81,online,N/A,ujb_dashboard_scrape,532,aeadf5f927a02d228da3a0f1a91163187e777238,VALID,
2026-10-03,09:35:48,2026,10,HEAD_TRUCK,177,73.25,online,N/A,ujb_dashboard_scrape,533,96012d13a736b6cb1a50ed7a0eb2daa4b40c7bd4,VALID,
2026-10-03,09:33:17,2026,10,HEAD_TRUCK,206,87.64,online,N/A,ujb_dashboard_scrape,534,87a6fde336fc4c3d904fb5b3a17c7ba7e1bfdf79,VALID,
2026-10-03,09:30:41,2026,10,BUS,02,55.0,online,N/A,ujb_dashboard_scrape,535,f1d349bc7c89dc0602860e83cd7d375ca656cd7d,VALID,
2026-10-03,09:25:35,2026,10,HEAD_TRUCK,170,86.83,online,N/A,ujb_dashboard_scrape,536,8f182984a5aca95cd4afff5c81a28372ab3ed3a5,VALID,
2026-10-03,09:23:09,2026,10,HEAD_TRUCK,141,63.83,online,N/A,ujb_dashboard_scrape,537,bccceecdf2d3b54611788f58bc6559baa8000a7e,VALID,
2026-10-03,09:21:03,2026,10,HEAD_TRUCK,171,88.05,online,N/A,ujb_dashboard_scrape,538,0ec464ab9f395991eeb74b9d1d6f57b246e8cd9a,VALID,
2026-10-03,09:18:31,2026,10,HEAD_TRUCK,159,147.56,online,N/A,ujb_dashboard_scrape,539,3628ae1f6797cbf113e4be971b3c73513d9a8b69,VALID,
2026-10-03,09:15:08,2026,10,HEAD_TRUCK,158,73.78,online,N/A,ujb_dashboard_scrape,540,d612ebce89419082ff432f860f01566445a3e3da,VALID,
2026-10-03,09:12:50,2026,10,HEAD_TRUCK,214,85.8,online,N/A,ujb_dashboard_scrape,541,4443a149e5259b818342f6831a7feef07d109d56,VALID,
2026-10-03,09:10:21,2026,10,HEAD_TRUCK,209,100.39,online,N/A,ujb_dashboard_scrape,542,c8d1d680abfe339fcf496f2d0c0b541c4f8c2c61,VALID,
2026-10-03,09:07:19,2026,10,HEAD_TRUCK,199,66.31,online,N/A,ujb_dashboard_scrape,543,b8c596ac2a8323124d7dc095380f3185865db580,VALID,
2026-10-03,09:04:21,2026,10,HEAD_TRUCK,152,74.71,online,N/A,ujb_dashboard_scrape,544,3e0d737d3ad08dd4c23f5ee038e9b050ffb7937f,VALID,
2026-10-03,09:00:48,2026,10,HEAD_TRUCK,194,55.93,online,N/A,ujb_dashboard_scrape,545,e8a9fb945b9f791c0074f883d503eea128d07c44,VALID,
2026-10-03,08:57:21,2026,10,HEAD_TRUCK,210,94.18,online,N/A,ujb_dashboard_scrape,546,d46ea75aa85da386a6e608ffe3c8123a1086f6e5,VALID,
2026-10-03,08:51:48,2026,10,ELF,03,35.0,online,N/A,ujb_dashboard_scrape,547,9dccc0eb85a4c1f364339de38c6e3fb1c0813bd3,VALID,
2026-10-03,08:46:29,2026,10,ELF,02,35.0,online,N/A,ujb_dashboard_scrape,548,544bed2a7346b5f8f13e73d7ca1cc0e565cf13cd,VALID,
2026-10-03,08:43:26,2026,10,HEAD_TRUCK,197,84.93,online,N/A,ujb_dashboard_scrape,549,ccdecfd71e1589fb4ae4100cfd245e84f493be7a,VALID,
2026-10-03,08:40:42,2026,10,HEAD_TRUCK,163,71.17,online,N/A,ujb_dashboard_scrape,550,138597178e4ec048782943194222e1edee88c47e,VALID,
2026-10-03,08:37:51,2026,10,HEAD_TRUCK,207,69.07,online,N/A,ujb_dashboard_scrape,551,88e65f803c177475cee40b46260d06e4dbdf0bfc,VALID,
2026-10-03,08:33:56,2026,10,HEAD_TRUCK,182,68.11,online,N/A,ujb_dashboard_scrape,552,8f64b718874cf97d8e2a353f5871bb0d48ab73f1,VALID,
2026-10-03,08:32:21,2026,10,ELF,01,35.0,online,N/A,ujb_dashboard_scrape,553,5f2e10ee219ac5f276e79734c5f159dad9de765f,VALID,
2026-10-03,08:28:56,2026,10,HEAD_TRUCK,128,89.24,online,N/A,ujb_dashboard_scrape,554,5d610fa35213b5525f82a094ae1be55e3d15fb6e,VALID,
2026-10-03,08:28:34,2026,10,HEAD_TRUCK,183,97.35,online,N/A,ujb_dashboard_scrape,555,be87dec9bacff84d77126edb2f962624820361e8,VALID,
2026-10-03,08:25:14,2026,10,BUS,01,48.79,online,N/A,ujb_dashboard_scrape,556,d99a39a4215ff2b116d2a2f3d5420f7ad915fb6b,VALID,
2026-10-03,08:18:53,2026,10,HEAD_TRUCK,168,73.3,online,N/A,ujb_dashboard_scrape,557,3943afee12eae17c3c67df49a76b867646c946fa,VALID,
2026-10-03,08:18:50,2026,10,HEAD_TRUCK,175,53.87,online,N/A,ujb_dashboard_scrape,558,2706cdbb6ce6e813f7d6893821bfc7d7548de519,VALID,
2026-10-03,08:13:50,2026,10,HEAD_TRUCK,181,97.16,online,N/A,ujb_dashboard_scrape,559,8afb02dabfda585f98de22b43721f6b4bea2b7ab,VALID,
2026-10-03,08:12:40,2026,10,HEAD_TRUCK,165,71.88,online,N/A,ujb_dashboard_scrape,560,5f671fcae45fdfeddb13cb0226ccbeb3a940a351,VALID,
2026-10-02,15:24:00,2026,10,HEAD_TRUCK,179,72.25,online,,ujb_dashboard_scrape,545,0eb917c13dc75b8410788fcb94056d2284a97a34,VALID,
2026-10-02,14:36:57,2026,10,KEND_OPS,HILUX,19.1,online,,ujb_dashboard_scrape,546,a7a81bbb2273ecb940991df4c2f19857a7643432,VALID,
2026-10-02,14:29:09,2026,10,HEAD_TRUCK,212,87.44,online,,ujb_dashboard_scrape,547,ddb1433698dd608ac498aeef8b30069cc9f1dc2a,VALID,
2026-10-02,14:23:30,2026,10,HEAD_TRUCK,195,91.23,online,,ujb_dashboard_scrape,548,36bdbb3becf847ff9776f63bb5a3134b4b2c4f2d,VALID,
2026-10-02,13:55:13,2026,10,BUS,03,49.54,online,,ujb_dashboard_scrape,549,ab454dec4f4587d9494309ad530125c1c6b04e5d,VALID,
2026-10-02,13:41:26,2026,10,HEAD_TRUCK,149,88.5,online,,ujb_dashboard_scrape,550,75268bb5bea66a546dd8a1e253a730a35f287b1f,VALID,
2026-10-02,13:38:58,2026,10,HEAD_TRUCK,153,76.7,online,,ujb_dashboard_scrape,551,981a7aca19c22dd9f74406b48c6ad479304ca12f,VALID,
2026-10-02,13:36:20,2026,10,KEND_OPS,RANGGA 16,24.69,online,,ujb_dashboard_scrape,552,dd5659d245150d768fd66a58c15b434ef0e5f8ff,VALID,
2026-10-02,13:32:47,2026,10,HEAD_TRUCK,141,63.48,online,,ujb_dashboard_scrape,553,585112a805f26f7638243f6751c7d742233f9ba5,VALID,
2026-10-02,13:21:43,2026,10,HEAD_TRUCK,191,61.72,online,,ujb_dashboard_scrape,554,a3ad4f4d36c63cc05ca5c609dbd21e50b68cc3bb,VALID,
2026-10-02,13:19:08,2026,10,HEAD_TRUCK,206,65.55,online,,ujb_dashboard_scrape,555,32d75b5a5c0f294dc7cad44ea577872390249863,VALID,
2026-10-02,13:16:37,2026,10,KEND_OPS,RANGGA 04,17.94,online,,ujb_dashboard_scrape,556,0043415547a0da47307bd3b6bcd46f272bc9a642,VALID,
2026-10-02,13:07:25,2026,10,HEAD_TRUCK,152,71.22,online,,ujb_dashboard_scrape,557,649c74005d8351c36ebe84cb2e55aac80e302a2b,VALID,
2026-10-02,11:09:51,2026,10,HEAD_TRUCK,208,67.87,online,,ujb_dashboard_scrape,558,6f322d2227593d7959ed50c66333a8081cf8dd17,VALID,
2026-10-02,10:50:32,2026,10,HEAD_TRUCK,183,87.0,online,,ujb_dashboard_scrape,559,be8465fa1a003ff077eb1fdc8b83f8804cb622fc,VALID,
2026-10-02,10:47:59,2026,10,HEAD_TRUCK,171,91.28,online,,ujb_dashboard_scrape,560,c839ea15d20c102c5edf253b0d81b0896f1b8c61,VALID,
2026-10-02,10:44:18,2026,10,HEAD_TRUCK,185,80.55,online,,ujb_dashboard_scrape,561,d677c83245436efcfbd49f73cf4c406f500ad39c,VALID,
2026-10-02,10:42:03,2026,10,HEAD_TRUCK,194,91.12,online,,ujb_dashboard_scrape,562,455e7f254cd48875fb27195e18d1d177c5e0253e,VALID,
2026-10-02,10:39:37,2026,10,HEAD_TRUCK,209,117.91,online,,ujb_dashboard_scrape,563,0fa16abf5a9374aa21aa964adeec33778a681996,VALID,
2026-10-02,10:36:26,2026,10,HEAD_TRUCK,211,77.58,online,,ujb_dashboard_scrape,564,cfe70b7a63943f7a8554dfaa6a975cd1869f5dfa,VALID,
2026-10-02,10:33:54,2026,10,HEAD_TRUCK,177,60.13,online,,ujb_dashboard_scrape,565,e885bb44f0ce9c63fadab8ea103d94b3cd055500,VALID,
2026-10-02,10:32:05,2026,10,KEND_OPS,RANGGA 11,23.07,online,,ujb_dashboard_scrape,566,f3774389c6f93b2aadf0e9211c191010c91aeb31,VALID,
2026-10-02,10:29:49,2026,10,FORKLIFT,28,16.71,online,,ujb_dashboard_scrape,567,e358899a3425ab61d938b60a9f839049f950a047,VALID,
2026-10-02,10:27:38,2026,10,HEAD_TRUCK,132,59.76,online,,ujb_dashboard_scrape,568,9398a0875379674a3517b910d6ac3d4bd0938fe9,VALID,
2026-10-02,10:25:47,2026,10,HEAD_TRUCK,196,3.1,online,,ujb_dashboard_scrape,569,c4a617a6bed7a1da777cbbe71893820c2eb43e00,VALID,
2026-10-02,10:23:28,2026,10,HEAD_TRUCK,186,63.99,online,,ujb_dashboard_scrape,570,9bd4b94a7d292248da809100b1ca5c361dec3e51,VALID,
2026-10-02,10:21:25,2026,10,BUS,02,55.0,online,,ujb_dashboard_scrape,571,76f0c3a61855b4f19a333942cefd28aa2e07248a,VALID,
2026-10-02,10:14:00,2026,10,HEAD_TRUCK,140,84.26,online,,ujb_dashboard_scrape,572,911c0557e85a3a0f238e7966473e70fcf5dace08,VALID,
2026-10-02,10:11:29,2026,10,HEAD_TRUCK,150,65.66,online,,ujb_dashboard_scrape,573,7c5902b7feeced7a9309f397818f800a8e236477,VALID,
2026-10-02,10:09:05,2026,10,HEAD_TRUCK,196,63.08,online,,ujb_dashboard_scrape,574,4344f9a157c3ba5be3cc7d2c146f58c394bf567f,VALID,
2026-10-02,10:07:02,2026,10,HEAD_TRUCK,158,79.31,online,,ujb_dashboard_scrape,575,dfdcf92706a3fa9500a308dfc9fc911498c871e7,VALID,
2026-10-02,10:04:40,2026,10,HEAD_TRUCK,205,84.48,online,,ujb_dashboard_scrape,576,92be6f353755432a96973793efaa36338ef42e86,VALID,
2026-10-02,10:02:22,2026,10,ELF,03,35.0,online,,ujb_dashboard_scrape,577,b6911257927dff248c5a47c3441a63b4d5ffdc00,VALID,
2026-10-02,09:59:52,2026,10,HEAD_TRUCK,216,91.43,online,,ujb_dashboard_scrape,578,6c9e02b43193542b729f1138081d6f1d8d04720e,VALID,
2026-10-02,09:57:03,2026,10,HEAD_TRUCK,137,88.46,online,,ujb_dashboard_scrape,579,77b3f25c1b05ea1c48dcfac9566eb9f684767a26,VALID,
2026-10-02,09:52:54,2026,10,HEAD_TRUCK,214,63.42,online,,ujb_dashboard_scrape,580,211ebb3e1407d4f67ba84af8a63953b5adf71fe2,VALID,
2026-10-02,09:50:21,2026,10,HEAD_TRUCK,151,69.05,online,,ujb_dashboard_scrape,581,9a9c9bde16cdca8d9dcdc8ef3139267b7385f059,VALID,
2026-10-02,09:49:44,2026,10,HEAD_TRUCK,135,85.71,online,,ujb_dashboard_scrape,582,6ad6837138aa0262cdb7262c569bef055570b5de,VALID,
2026-10-02,09:46:53,2026,10,HEAD_TRUCK,154,62.19,online,,ujb_dashboard_scrape,583,33f5adc86136e8a9191b550eadcbbb15e97ca159,VALID,
2026-10-02,09:43:04,2026,10,HEAD_TRUCK,175,71.39,online,,ujb_dashboard_scrape,584,9f350566af013966b5551a00166abc94eccf9a2c,VALID,
2026-10-02,09:42:14,2026,10,HEAD_TRUCK,163,74.45,online,,ujb_dashboard_scrape,585,fef8dd6a2f3a1867b46b0bd04938336712c11a50,VALID,
2026-10-02,09:40:04,2026,10,HEAD_TRUCK,182,55.63,online,,ujb_dashboard_scrape,586,558295439db159d39c1919ae8c43a0bdb08012e8,VALID,
2026-10-02,09:39:43,2026,10,HEAD_TRUCK,139,87.26,online,,ujb_dashboard_scrape,587,4523f3033226631185275a935f72e4969a8b998e,VALID,
2026-10-02,09:37:17,2026,10,HEAD_TRUCK,201,67.06,online,,ujb_dashboard_scrape,588,ad921e4a8ba77b558f69772d96ab79060ff57225,VALID,
2026-10-02,09:36:37,2026,10,ELF,02,35.0,online,,ujb_dashboard_scrape,589,444569ce86e370366654d546e2be65d0de19d9cc,VALID,
2026-10-02,09:34:23,2026,10,HEAD_TRUCK,157,70.86,online,,ujb_dashboard_scrape,590,88cedb3582b46da7a312d3a29cdb4ec873bbe3a7,VALID,
2026-10-02,09:32:17,2026,10,HEAD_TRUCK,165,78.05,online,,ujb_dashboard_scrape,591,025ea68f5c18b4db665e10740ff1ffa1295bf399,VALID,
2026-10-02,09:30:01,2026,10,HEAD_TRUCK,141,69.63,online,,ujb_dashboard_scrape,592,fca5f33c00962bbebfe90c13560b06877749dd61,VALID,
2026-10-02,09:27:50,2026,10,HEAD_TRUCK,204,80.02,online,,ujb_dashboard_scrape,593,ada1ea7b2a7e96345405412bb4c42e0b60b6864f,VALID,
2026-10-02,09:25:08,2026,10,HEAD_TRUCK,156,63.37,online,,ujb_dashboard_scrape,594,63e29ed002b1e0854b0a99afd7c670391ff6bcb1,VALID,
2026-10-02,09:24:24,2026,10,KEND_OPS,RANGGA 04,40.0,online,,ujb_dashboard_scrape,595,246d567ca6164dcc3cfd80774a124fac48ec4f8f,VALID,
2026-10-02,09:23:02,2026,10,HEAD_TRUCK,166,92.66,online,,ujb_dashboard_scrape,596,4b357294b6fcbff905d84df8788172a05c08d729,VALID,
2026-10-02,09:20:59,2026,10,HEAD_TRUCK,161,72.16,online,,ujb_dashboard_scrape,597,ebcc366d50b42c44db7d0ad682c2096b15f7e2e0,VALID,
2026-10-02,09:19:16,2026,10,HEAD_TRUCK,192,53.65,online,,ujb_dashboard_scrape,598,ff0f51b39dfeb19fb9747d44e8784d3ad7023591,VALID,
2026-10-02,09:18:54,2026,10,ELF,01,35.0,online,,ujb_dashboard_scrape,599,bd9c387cf696972bcab21b01c6bf7498067f7d36,VALID,
2026-10-02,09:16:39,2026,10,HEAD_TRUCK,167,93.17,online,,ujb_dashboard_scrape,600,45e4fee27f73c5f6ea5d2e96b49c8077318f97fc,VALID,
2026-10-02,09:14:11,2026,10,HEAD_TRUCK,167,8.43,online,,ujb_dashboard_scrape,601,f26f2fa475f6cda3a49479d3db0f2e07a9902ac6,VALID,
2026-10-02,09:14:01,2026,10,KEND_OPS,TRAGA,32.14,online,,ujb_dashboard_scrape,602,972f409bc423029e9a81bc76319d9efe95d9c322,VALID,
2026-10-02,09:12:26,2026,10,HEAD_TRUCK,148,57.59,online,,ujb_dashboard_scrape,603,7346d34a561fc88b35ef598e8fed271c89da68d9,VALID,
2026-10-02,09:08:32,2026,10,HEAD_TRUCK,147,102.75,online,,ujb_dashboard_scrape,604,b8286d729fb61562e01999221cc6ff0df45083c4,VALID,
2026-10-02,09:03:53,2026,10,HEAD_TRUCK,199,59.25,online,,ujb_dashboard_scrape,605,1b4fcbc90d752699f03bdd8cfb02f56d6751b8d6,VALID,
2026-10-02,09:03:09,2026,10,HEAD_TRUCK,210,72.81,online,,ujb_dashboard_scrape,606,4eed7680e660fe9ac4d38fadca3ffd64f3fddc77,VALID,
2026-10-02,09:00:41,2026,10,HEAD_TRUCK,142,66.57,online,,ujb_dashboard_scrape,607,b5e3e824013f3b1f96c32dd76de0e541f2a395f4,VALID,
2026-10-02,08:59:45,2026,10,HEAD_TRUCK,193,81.15,online,,ujb_dashboard_scrape,608,977d4e65dbf61dc3871af8b8861b25999b0c745f,VALID,
2026-10-02,08:57:40,2026,10,HEAD_TRUCK,138,60.92,online,,ujb_dashboard_scrape,609,14a24522afafc1c96ae98520383ec9dbef3ae1b6,VALID,
2026-10-02,08:54:29,2026,10,HEAD_TRUCK,198,62.66,online,,ujb_dashboard_scrape,610,f51f3fb44ba51013706088c8fda1c7ba009d37e5,VALID,
2026-10-02,08:53:35,2026,10,HEAD_TRUCK,143,101.41,online,,ujb_dashboard_scrape,611,78a8916edf310ba0da893e6e80aa1cba018e99c1,VALID,
2026-10-02,08:50:53,2026,10,HEAD_TRUCK,203,81.81,online,,ujb_dashboard_scrape,612,e5fa37933e2fb35f18ef66d3d98da317ffd60169,VALID,
2026-10-02,08:49:01,2026,10,HEAD_TRUCK,207,72.65,online,,ujb_dashboard_scrape,613,d6318561be5cd87b68b3297d034ca53064cf55e7,VALID,
2026-10-02,08:46:15,2026,10,HEAD_TRUCK,175,86.68,online,,ujb_dashboard_scrape,614,9d913354e7262cfe2748001505e38b6f795065d9,VALID,
2026-10-02,08:43:50,2026,10,HEAD_TRUCK,168,73.43,online,,ujb_dashboard_scrape,615,9e10e34c38c4b9917d14df337ca246a5461c416b,VALID,
2026-10-02,08:38:40,2026,10,HEAD_TRUCK,164,58.94,online,,ujb_dashboard_scrape,616,3c8b30b7de28ccbd3a06d2af7efbbfb998293427,VALID,
2026-10-02,08:37:06,2026,10,HEAD_TRUCK,131,96.46,online,,ujb_dashboard_scrape,617,cc0c4dcbc7ac490ec07f1d0de7e7d323434f8c0d,VALID,
2026-10-02,08:35:47,2026,10,HEAD_TRUCK,188,46.04,online,,ujb_dashboard_scrape,618,00bfda8aa5f7179658f929713b622ca48bef0fdd,VALID,
2026-10-02,08:34:01,2026,10,BUS,01,47.46,online,,ujb_dashboard_scrape,619,c64d3df46b1c4fe8058037333e57535ae591df9c,VALID,
2026-10-02,08:33:32,2026,10,HEAD_TRUCK,170,63.6,online,,ujb_dashboard_scrape,620,9f9aa0382542d4930afb91ad727c29b50953b268,VALID,
2026-10-02,08:31:11,2026,10,HEAD_TRUCK,145,86.24,online,,ujb_dashboard_scrape,621,a769762d8db99919a7119d24343f104004fa5a18,VALID,
2026-10-02,08:29:01,2026,10,HEAD_TRUCK,128,81.97,online,,ujb_dashboard_scrape,622,2290650edb3761fd0cdd0ba7eeabd22224e5e4fb,VALID,
2026-10-02,08:26:55,2026,10,HEAD_TRUCK,202,66.7,online,,ujb_dashboard_scrape,623,c920faeddf5b30626f0c52c10b5844007361e4ba,VALID,
2026-10-02,08:26:52,2026,10,HEAD_TRUCK,133,97.27,online,,ujb_dashboard_scrape,624,7f50a0d61776ea1b376ca47444243e073ea16a41,VALID,
2026-10-02,08:23:15,2026,10,HEAD_TRUCK,174,61.54,online,,ujb_dashboard_scrape,625,fe53a9182a2d18c2b839f28707b3145cd35874a0,VALID,
2026-10-02,08:23:11,2026,10,HEAD_TRUCK,169,99.33,online,,ujb_dashboard_scrape,626,f58526da548b15e36827e2bf794a145bddcb11fe,VALID,
2026-10-02,08:20:28,2026,10,HEAD_TRUCK,178,64.45,online,,ujb_dashboard_scrape,627,b861514313c0e5be8e730eaef83419ffae8bda6f,VALID,
2026-10-02,08:19:29,2026,10,KEND_OPS,RANGGA 05,40.0,online,,ujb_dashboard_scrape,628,3b925d5c61c18c382421fec90c6ecebb3c2e2058,VALID,
2026-10-02,08:18:19,2026,10,HEAD_TRUCK,190,15.13,online,,ujb_dashboard_scrape,629,a86b0f52730844d3a962351d28ca4f0a3143aef9,VALID,
2026-10-02,08:16:00,2026,10,HEAD_TRUCK,197,70.57,online,,ujb_dashboard_scrape,630,57c724f3c40d87255d90b97711fc01c902c01b43,VALID,
2026-10-02,08:15:55,2026,10,HEAD_TRUCK,213,88.03,online,,ujb_dashboard_scrape,631,7a7847c656aef544e2a61c383d7ea113896e7fd0,VALID,
2026-10-01,14:54:40,2026,10,BUS,03,55.0,online,,ujb_dashboard_scrape,536,abceb6e421d3f88d7ac8a13d3b69ed52bbc8a6c0,VALID,
2026-10-01,14:51:29,2026,10,KEND_OPS,AD 8138 OA,40.0,online,,ujb_dashboard_scrape,537,86d32d20a876525beffa726eb4ac50369e13051a,VALID,
2026-10-01,14:25:09,2026,10,HEAD_TRUCK,145,54.45,online,,ujb_dashboard_scrape,538,75d3d0426332c53cf3958eb53a3551b7c221bfbd,VALID,
2026-10-01,14:22:34,2026,10,KEND_OPS,RANGGA 17,40.0,online,,ujb_dashboard_scrape,539,bda6616ff0273bb3ea3025814201b718e4f75d87,VALID,
2026-10-01,14:20:30,2026,10,KEND_OPS,RANGGA 04,25.53,online,,ujb_dashboard_scrape,540,19228d59daf082d79723641c698ce2909e9952e0,VALID,
2026-10-01,14:16:32,2026,10,KEND_OPS,TRAGA,17.17,online,,ujb_dashboard_scrape,541,9ca7b87fc67f17218dafa6152ee9f5fa1e19b5ad,VALID,
2026-10-01,14:13:41,2026,10,HEAD_TRUCK,195,110.76,online,,ujb_dashboard_scrape,542,b3a17cf4efde6dcb23795d373e9ff1eb05b0b2e0,VALID,
2026-10-01,14:09:27,2026,10,HEAD_TRUCK,163,85.47,online,,ujb_dashboard_scrape,543,75622f9ad9f2ec11a2251b115b6a56dcc9326e9f,VALID,
2026-10-01,14:07:08,2026,10,HEAD_TRUCK,201,90.74,online,,ujb_dashboard_scrape,544,7e7b66ad85da6e113e36e34cb37fe09b36ab4f1b,VALID,
2026-10-01,14:00:42,2026,10,HEAD_TRUCK,134,114.96,online,,ujb_dashboard_scrape,545,828cc55ce8ce56b73fd62b8a0f14f2aa0138bcd7,VALID,
2026-10-01,13:57:15,2026,10,HEAD_TRUCK,159,97.6,online,,ujb_dashboard_scrape,546,3092c89fa1fd663df4b07a11d0e4c6586aa79b9b,VALID,
2026-10-01,13:53:48,2026,10,HEAD_TRUCK,186,74.64,online,,ujb_dashboard_scrape,547,05ad8f2d1c44616e608c4ab7d564513a9bedaa44,VALID,
2026-10-01,13:43:31,2026,10,HEAD_TRUCK,157,81.61,online,,ujb_dashboard_scrape,548,7f9fb577095c0f7f48af727ab491ea42e95f3843,VALID,
2026-10-01,13:40:44,2026,10,HEAD_TRUCK,211,107.0,online,,ujb_dashboard_scrape,549,c23fbc763723ff53dac61a96f54f6ab0a9dd4e1e,VALID,
2026-10-01,13:33:05,2026,10,HEAD_TRUCK,149,99.75,online,,ujb_dashboard_scrape,550,4634f6aed918f12400d17031280459d491143761,VALID,
2026-10-01,13:30:38,2026,10,HEAD_TRUCK,156,83.73,online,,ujb_dashboard_scrape,551,686f736bdb50373afaece9d4cf3aa5c153cf999c,VALID,
2026-10-01,13:28:30,2026,10,HEAD_TRUCK,185,92.78,online,,ujb_dashboard_scrape,552,910818baea441977a3110e2d6399e36eca6066a1,VALID,
2026-10-01,13:21:55,2026,10,HEAD_TRUCK,171,140.37,online,,ujb_dashboard_scrape,553,9e20a0f60942d20fe31d334a59811703811e2ad1,VALID,
2026-10-01,13:18:01,2026,10,HEAD_TRUCK,215,115.38,online,,ujb_dashboard_scrape,554,9b53faab586538a19e6739744323cc842586dc1d,VALID,
2026-10-01,13:15:10,2026,10,HEAD_TRUCK,154,106.98,online,,ujb_dashboard_scrape,555,de7876d46460df81cadfca84a522abd3ceca03a3,VALID,
2026-10-01,13:12:28,2026,10,HEAD_TRUCK,192,95.97,online,,ujb_dashboard_scrape,556,de1c4058fa92445dc15a88cbd55f4ed6f564bcf6,VALID,
2026-10-01,13:11:39,2026,10,HEAD_TRUCK,144,95.8,online,,ujb_dashboard_scrape,557,88582d1942ec803acbba2fd31157283a81f340ba,VALID,
2026-10-01,13:08:32,2026,10,HEAD_TRUCK,191,103.2,online,,ujb_dashboard_scrape,558,d6e6f2dc452d51071016eee3966d9145194bf597,VALID,
2026-10-01,13:08:02,2026,10,HEAD_TRUCK,165,111.51,online,,ujb_dashboard_scrape,559,f905e2e4bbb7499b3e6c98d5e29682c286872ed4,VALID,
2026-10-01,11:29:30,2026,10,BUS,02,55.0,online,,ujb_dashboard_scrape,560,1108b27c835d105ac09359b2eda7bd6177983149,VALID,
2026-10-01,11:18:51,2026,10,HEAD_TRUCK,177,85.19,online,,ujb_dashboard_scrape,561,a3e5d601b4083ca92bce4ad44df6e70e91364192,VALID,
2026-10-01,11:15:07,2026,10,HEAD_TRUCK,170,91.2,online,,ujb_dashboard_scrape,562,f9f4ffeb98f12d4d67662ad5d85f4d785d9c4a1f,VALID,
2026-10-01,11:08:18,2026,10,HEAD_TRUCK,184,62.36,online,,ujb_dashboard_scrape,563,0c0722867093535502e9541710da3daadb88f108,VALID,
2026-10-01,11:02:43,2026,10,HEAD_TRUCK,132,92.54,online,,ujb_dashboard_scrape,564,42f39e016cd6149fd40cdfeaff59932df73f3923,VALID,
2026-10-01,11:00:13,2026,10,BUS,01,55.0,online,,ujb_dashboard_scrape,565,d1d2ed107745ad079471860f95be99778a8c72a2,VALID,
2026-10-01,10:55:03,2026,10,HEAD_TRUCK,161,83.61,online,,ujb_dashboard_scrape,566,52fcbbdec484312ce8cbb62762c6c9d02461e837,VALID,
2026-10-01,10:54:12,2026,10,KEND_OPS,GALMON 08,79.11,online,,ujb_dashboard_scrape,567,47a942a6afcc136d1a40dd926e5de7b8a8f2726e,VALID,
2026-10-01,10:44:18,2026,10,HEAD_TRUCK,207,68.14,online,,ujb_dashboard_scrape,568,4eaa648f3f8e4f5ba4be7c5360a175dab352cca7,VALID,
2026-10-01,10:43:44,2026,10,HEAD_TRUCK,143,90.72,online,,ujb_dashboard_scrape,569,0a595ec9cc9bf5c43d963e9610fd6564e4b1140d,VALID,
2026-10-01,10:41:02,2026,10,HEAD_TRUCK,182,87.7,online,,ujb_dashboard_scrape,570,f3fb7b914a6767608b979cd4c402a3ce8c472899,VALID,
2026-10-01,10:40:55,2026,10,HEAD_TRUCK,206,122.74,online,,ujb_dashboard_scrape,571,115b007656b2dcc67b37adebaad038cedab6b20e,VALID,
2026-10-01,10:37:15,2026,10,HEAD_TRUCK,196,132.26,online,,ujb_dashboard_scrape,572,08efe90a9648f8663989a34758b4e56b9cefbd99,VALID,
2026-10-01,10:34:14,2026,10,HEAD_TRUCK,147,63.41,online,,ujb_dashboard_scrape,573,9f79d1dcd37c59f946111e7c768c6173eb330abf,VALID,
2026-10-01,10:30:20,2026,10,HEAD_TRUCK,147,41.44,online,,ujb_dashboard_scrape,574,7c5dcf59f33e8f25a6b318dd5b310ad939ce91a7,VALID,
2026-10-01,10:29:48,2026,10,HEAD_TRUCK,194,50.47,online,,ujb_dashboard_scrape,575,c07fbcf3741143a6c0972b4b9379ddb33170faf1,VALID,
2026-10-01,10:28:36,2026,10,HEAD_TRUCK,162,91.9,online,,ujb_dashboard_scrape,576,b04f19b408aad72fd803efbe029465ab1f8325df,VALID,
2026-10-01,10:27:45,2026,10,FORKLIFT,28,37.4,online,,ujb_dashboard_scrape,577,64e5d85e6bfc850e96588b4692f1f16167534fc4,VALID,
2026-10-01,10:25:39,2026,10,HEAD_TRUCK,174,79.53,online,,ujb_dashboard_scrape,578,8d2e9053f7357a39acbae6f545380d01de22207a,VALID,
2026-10-01,10:25:31,2026,10,HEAD_TRUCK,131,173.46,online,,ujb_dashboard_scrape,579,c371f660e126d6a1a52d5fd3b96f9574a3ccfb61,VALID,
2026-10-01,10:21:14,2026,10,HEAD_TRUCK,212,92.89,online,,ujb_dashboard_scrape,580,d9b50a934e5a68b0edf9b6004b606e076e205ab9,VALID,
2026-10-01,10:20:20,2026,10,HEAD_TRUCK,175,60.69,online,,ujb_dashboard_scrape,581,0c1821b3650131b289bc476d684cd8380199dff5,VALID,
2026-10-01,10:18:20,2026,10,HEAD_TRUCK,210,70.19,online,,ujb_dashboard_scrape,582,8f3239fa88fc54594239c446c36838b4a496486f,VALID,
2026-10-01,10:18:03,2026,10,HEAD_TRUCK,197,78.05,online,,ujb_dashboard_scrape,583,9d49ffc56dc346ed09a332ee69972457f8e3ac4c,VALID,
2026-10-01,10:15:23,2026,10,KEND_OPS,POLISI 1050-38,19.07,online,,ujb_dashboard_scrape,584,776c52f4a41302634f39d45f8971b4b27cc04eed,VALID,
2026-10-01,10:15:14,2026,10,HEAD_TRUCK,183,119.07,online,,ujb_dashboard_scrape,585,c9c1172a5d455258eb29e5d0320b18fdabd8a7ff,VALID,
2026-10-01,10:13:42,2026,10,HEAD_TRUCK,148,103.45,online,,ujb_dashboard_scrape,586,936c44ab4baef951a51a77281a99f1fcd4ee657d,VALID,
2026-10-01,10:12:18,2026,10,HEAD_TRUCK,188,103.21,online,,ujb_dashboard_scrape,587,27abe665d2207ac88c71ea0345c8df67d10b3262,VALID,
2026-10-01,10:10:57,2026,10,HEAD_TRUCK,139,84.88,online,,ujb_dashboard_scrape,588,9d20a1daf96992a5cc35eba807d96e26c865ca0f,VALID,
2026-10-01,10:07:30,2026,10,HEAD_TRUCK,151,99.4,online,,ujb_dashboard_scrape,589,7e5490588ffea3818903425c66a8c86e92fb8833,VALID,
2026-10-01,10:04:16,2026,10,HEAD_TRUCK,208,87.98,online,,ujb_dashboard_scrape,590,376897e76a064d43f269f335f84e1e4bd1c461d6,VALID,
2026-10-01,10:03:11,2026,10,HEAD_TRUCK,138,79.64,online,,ujb_dashboard_scrape,591,494877fd7b50a34fefed1aef11ff14693aaa0a26,VALID,
2026-10-01,10:00:52,2026,10,HEAD_TRUCK,216,72.86,online,,ujb_dashboard_scrape,592,5ab522f24fb6effbec96093e4315f23821c8f0e1,VALID,
2026-10-01,10:00:28,2026,10,HEAD_TRUCK,164,76.27,online,,ujb_dashboard_scrape,593,f37cbd8b380804da4768a76a2c8e185a0f55ab51,VALID,
2026-10-01,09:57:56,2026,10,HEAD_TRUCK,158,88.33,online,,ujb_dashboard_scrape,594,ad93b29a96ed0f28e7263e82236c8dcc9ee6b7bb,VALID,
2026-10-01,09:57:29,2026,10,HEAD_TRUCK,198,72.28,online,,ujb_dashboard_scrape,595,e1de9a0fc152c97bfc8cd3acdf1e873dad41a281,VALID,
2026-10-01,09:55:21,2026,10,ELF,03,35.0,online,,ujb_dashboard_scrape,596,3c1c7dd99f2fca63e33c6eae7659a1229e118f36,VALID,
2026-10-01,09:53:18,2026,10,HEAD_TRUCK,214,103.3,online,,ujb_dashboard_scrape,597,6e0feded242ed04e02eb3f92043dad0336eae82c,VALID,
2026-10-01,09:52:55,2026,10,KEND_OPS,RANGGA 15,29.94,online,,ujb_dashboard_scrape,598,e65b72be36150001a38638476121412dd44089c4,VALID,
2026-10-01,09:50:32,2026,10,HEAD_TRUCK,137,119.04,online,,ujb_dashboard_scrape,599,47dc2b22f19c908b4aa7b24059e5c4604ae0b557,VALID,
2026-10-01,09:47:33,2026,10,HEAD_TRUCK,205,101.12,online,,ujb_dashboard_scrape,600,5463fa0a817e26629a0995614a8c83ab70979ff0,VALID,
2026-10-01,09:45:58,2026,10,HEAD_TRUCK,199,79.45,online,,ujb_dashboard_scrape,601,41a8c114c60503e91fc3bd2a68a7528a8035afdc,VALID,
2026-10-01,09:32:44,2026,10,HEAD_TRUCK,203,76.96,online,,ujb_dashboard_scrape,602,4e5d5738452f75b735c9e3f03659b53e03a119f1,VALID,
2026-10-01,09:28:58,2026,10,HEAD_TRUCK,202,104.76,online,,ujb_dashboard_scrape,603,89c1b6c99085911c644c24c2bfaef4bf578e70f1,VALID,
2026-10-01,09:18:48,2026,10,HEAD_TRUCK,204,66.78,online,,ujb_dashboard_scrape,604,fb9f917b45f50659f9b6edf4c0357c09b7d9b867,VALID,
2026-10-01,09:17:03,2026,10,KEND_OPS,RANGGA 01,29.18,online,,ujb_dashboard_scrape,605,3ff76c9044fc84d450c331c7399964230fd55355,VALID,
2026-10-01,09:06:27,2026,10,HEAD_TRUCK,142,78.89,online,,ujb_dashboard_scrape,606,a773bf2617a4cbaa95a638c1dd5ff7177f04ce5e,VALID,
2026-10-01,08:58:28,2026,10,HEAD_TRUCK,168,82.23,online,,ujb_dashboard_scrape,607,985d1bdb98850c7647e6b3d5619a3df99bf136b3,VALID,
2026-10-01,08:55:35,2026,10,HEAD_TRUCK,166,73.9,online,,ujb_dashboard_scrape,608,d91a77643c1357926240bfc3f0ff88e920e975af,VALID,
2026-10-01,08:55:01,2026,10,HEAD_TRUCK,209,82.16,online,,ujb_dashboard_scrape,609,309bbeac796765b7b44a132798948a8261f32951,VALID,
2026-10-01,08:51:53,2026,10,HEAD_TRUCK,128,117.58,online,,ujb_dashboard_scrape,610,58aba6f9dbf996b083a5fc9361ab9aee052ba2b3,VALID,
2026-10-01,08:51:09,2026,10,HEAD_TRUCK,141,82.96,online,,ujb_dashboard_scrape,611,65dcc9e1c5a33864641798ec0d106a66a77fafd7,VALID,
2026-10-01,08:48:01,2026,10,ELF,02,35.0,online,,ujb_dashboard_scrape,612,4a219606775c343fd1adc58031c80ae9fb763161,VALID,
2026-10-01,08:44:07,2026,10,HEAD_TRUCK,135,64.69,online,,ujb_dashboard_scrape,613,a04a1fb6033044ee8ed4c0530fa2dcc1c3c8687d,VALID,
2026-10-01,08:42:37,2026,10,HEAD_TRUCK,193,111.37,online,,ujb_dashboard_scrape,614,a0bf8553a78c806a030538644a321f661df02e8c,VALID,
2026-10-01,08:40:47,2026,10,HEAD_TRUCK,140,59.99,online,,ujb_dashboard_scrape,615,a159792c65bcc8e900086952bd2454def511c692,VALID,
2026-10-01,08:39:10,2026,10,ELF,01,35.0,online,,ujb_dashboard_scrape,616,e012fe03087c22924707fe621244501696de7f04,VALID,
2026-10-01,08:36:57,2026,10,HEAD_TRUCK,136,74.64,online,,ujb_dashboard_scrape,617,43585b2a3fff981ee36c5bd77202f37f0a4e4ae7,VALID,
2026-10-01,08:32:08,2026,10,HEAD_TRUCK,178,64.54,online,,ujb_dashboard_scrape,618,3c501f4479c82b2f96c62f8d2c23e06d0752979b,VALID,
2026-10-01,08:29:30,2026,10,HEAD_TRUCK,179,83.65,online,,ujb_dashboard_scrape,619,36b99ef0e2c6e9f5f03f26668ac0a8a7e1b18d2d,VALID,
2026-10-01,08:26:46,2026,10,HEAD_TRUCK,152,106.37,online,,ujb_dashboard_scrape,620,1538121b7891e5043daa14ce7c7c1b1f4028ddfd,VALID,
2026-10-01,08:24:15,2026,10,HEAD_TRUCK,15,89.65,online,,ujb_dashboard_scrape,621,a915aec5c24dd22896765c076feb509f6c4fbdcd,VALID,
2026-10-01,08:21:42,2026,10,HEAD_TRUCK,153,70.0,online,,ujb_dashboard_scrape,622,dd9863a732a223cfe94040178136e380a2928ab0,VALID,
2026-10-01,08:19:35,2026,10,HEAD_TRUCK,167,71.36,online,,ujb_dashboard_scrape,623,6738127c4fcdf5fed0cb3ed757ab57dc1de0f2de,VALID,
2026-10-01,08:19:26,2026,10,HEAD_TRUCK,133,110.81,online,,ujb_dashboard_scrape,624,112ecc01e6425542dc6cc0ec90ef5f2e288bfc4c,VALID,
2026-10-01,08:16:13,2026,10,HEAD_TRUCK,169,93.16,online,,ujb_dashboard_scrape,625,3c5042d381b4d3c8be22affadc2af7dd5a7cf9bb,VALID,
2026-09-30,14:18:29,2026,9,FORKLIFT,17,40.0,online,,ujb_dashboard_scrape,536,6d62a8f8d9b4f27a78505e406baf535179c7edd1,VALID,
2026-09-30,13:51:11,2026,9,HEAD_TRUCK,132,102.58,online,,ujb_dashboard_scrape,537,0e74320c75d89bb0f32131deb694187a65d8dd72,VALID,
2026-09-30,13:18:54,2026,9,HEAD_TRUCK,211,98.72,online,,ujb_dashboard_scrape,538,f70ee4317ee5f1707acb58aee33bedbabe62ec8c,VALID,
2026-09-30,13:16:54,2026,9,HEAD_TRUCK,171,76.74,online,,ujb_dashboard_scrape,539,f12968c8e6294f3ddb436ceb2f36e5e6981e43d2,VALID,
2026-09-30,13:13:49,2026,9,HEAD_TRUCK,203,77.07,online,,ujb_dashboard_scrape,540,7429dca8007e316243f502c1cb2c221ad756d05f,VALID,
2026-09-30,13:09:52,2026,9,HEAD_TRUCK,179,73.31,online,,ujb_dashboard_scrape,541,3b08e50cf1ab23a8db3b1abdcbdbf8d316ab1ae6,VALID,
2026-09-30,13:07:40,2026,9,HEAD_TRUCK,165,83.96,online,,ujb_dashboard_scrape,542,05c500f1dce62cf16ca035e308fdb604e5db9061,VALID,
2026-09-30,13:05:31,2026,9,HEAD_TRUCK,191,77.22,online,,ujb_dashboard_scrape,543,49407f04f75d1d68ebbf4e2dc93050cd0fc2fc0a,VALID,
2026-09-30,12:30:54,2026,9,KEND_OPS,POLISI,40.0,online,,ujb_dashboard_scrape,544,b49c95b0aa7904e77fc50a1391fcb5c66a0337c7,VALID,
2026-09-30,11:21:24,2026,9,HEAD_TRUCK,147,99.55,online,,ujb_dashboard_scrape,545,7f777c1ef91bac51f03afde29c6e25e0d03dce9d,VALID,
2026-09-30,11:17:21,2026,9,KEND_OPS,RANGGA 06,37.8,online,,ujb_dashboard_scrape,546,a5f0d44a45f47b1986aecd5f4fa527f9615fb386,VALID,
2026-09-30,11:06:27,2026,9,HEAD_TRUCK,148,57.4,online,,ujb_dashboard_scrape,547,cc4ba86c359ef8ad7cb3462c597c72e76f8fef4a,VALID,
2026-09-30,11:02:24,2026,9,9428 UAT,9428 UAT,28.22,online,,ujb_dashboard_scrape,548,04187484d7495c6268a9da66783b89f098187558,VALID,
2026-09-30,11:00:33,2026,9,HEAD_TRUCK,163,77.25,online,,ujb_dashboard_scrape,549,4ec882f98ad5dbe086b85d4cb178641801addcb3,VALID,
2026-09-30,10:53:57,2026,9,HEAD_TRUCK,182,86.39,online,,ujb_dashboard_scrape,550,23fd365f6283daa09d6c57096a97080a76ec4d36,VALID,
2026-09-30,10:51:43,2026,9,KEND_OPS,RANGGA 04,20.52,online,,ujb_dashboard_scrape,551,2082ffd1b51d6b9f37ec447dd7997864a27cfd85,VALID,
2026-09-30,10:49:35,2026,9,HEAD_TRUCK,153,74.49,online,,ujb_dashboard_scrape,552,f8d999ab1e9083315fdb8e110d378bfa81259c42,VALID,
2026-09-30,10:47:27,2026,9,HEAD_TRUCK,133,80.98,online,,ujb_dashboard_scrape,553,750be053ed2b7a7ac2a58d45176ca6d56ee8ea4c,VALID,
2026-09-30,10:45:25,2026,9,HEAD_TRUCK,166,77.71,online,,ujb_dashboard_scrape,554,8af59cb88c1c52ce653aef1790cce63f42fa835d,VALID,
2026-09-30,10:42:51,2026,9,HEAD_TRUCK,206,93.24,online,,ujb_dashboard_scrape,555,38d04b9e12daa96ae56a682f58aff7ac521314b1,VALID,
2026-09-30,10:40:07,2026,9,BUS,03,52.48,online,,ujb_dashboard_scrape,556,0d8515ab1e2dcaed223ed974528624380ae923bc,VALID,
2026-09-30,10:34:41,2026,9,HEAD_TRUCK,186,83.24,online,,ujb_dashboard_scrape,557,c8742ad48cea909d36b9c190b61e40bf9eadf941,VALID,
2026-09-30,10:32:28,2026,9,HEAD_TRUCK,214,64.76,online,,ujb_dashboard_scrape,558,1c8cca31ef969f6776511cdbeffecb6c803ac299,VALID,
2026-09-30,10:30:23,2026,9,BUS,02,55.0,online,,ujb_dashboard_scrape,559,14d8fe1051a857972a76a4d51aa04a2ce04f3472,VALID,
2026-09-30,10:25:15,2026,9,HEAD_TRUCK,139,36.66,online,,ujb_dashboard_scrape,560,4931bed1ac88ed6590937f0892c074dd206612d9,VALID,
2026-09-30,10:22:02,2026,9,HEAD_TRUCK,178,76.59,online,,ujb_dashboard_scrape,561,ea1ed2c5da93c90f98bb6f91468dc35d1d9d9fc6,VALID,
2026-09-30,10:20:02,2026,9,HEAD_TRUCK,183,80.29,online,,ujb_dashboard_scrape,562,b45caa3cbea1b1cad5c7e4ca1a3452567571d51f,VALID,
2026-09-30,10:19:00,2026,9,HEAD_TRUCK,205,89.64,online,,ujb_dashboard_scrape,563,eb49a01cd0a496042613997e65356953a9bd8c24,VALID,
2026-09-30,10:16:28,2026,9,HEAD_TRUCK,177,74.02,online,,ujb_dashboard_scrape,564,7a1989bd5489e25f3526b4d60f9cb4457c87431d,VALID,
2026-09-30,10:16:24,2026,9,HEAD_TRUCK,164,89.42,online,,ujb_dashboard_scrape,565,327deca3f615e1ea75e13649018323be2dd0e92a,VALID,
2026-09-30,10:13:28,2026,9,HEAD_TRUCK,207,95.64,online,,ujb_dashboard_scrape,566,625f8e1dd473c1076407f7bcdbb3900a593d2815,VALID,
2026-09-30,10:13:23,2026,9,HEAD_TRUCK,198,72.31,online,,ujb_dashboard_scrape,567,57ab433d189354b31ae907a3d8a7b44003f3bc04,VALID,
2026-09-30,10:10:48,2026,9,HEAD_TRUCK,197,75.45,online,,ujb_dashboard_scrape,568,b218c9df9ecf23567ee6e8c414fc71f7d54732dc,VALID,
2026-09-30,10:10:29,2026,9,HEAD_TRUCK,134,91.6,online,,ujb_dashboard_scrape,569,8ded401176556c8664b56c731836b73a13bdfcde,VALID,
2026-09-30,10:07:34,2026,9,HEAD_TRUCK,170,87.32,online,,ujb_dashboard_scrape,570,773eabb831cad5a79c4927bda9ee963c87ec1f3f,VALID,
2026-09-30,10:05:20,2026,9,HEAD_TRUCK,152,84.54,online,,ujb_dashboard_scrape,571,254493a1a93776fa6b14948b9cca357f57d6f4c3,VALID,
2026-09-30,10:03:24,2026,9,HEAD_TRUCK,185,72.5,online,,ujb_dashboard_scrape,572,5904d5cd9e1e7806cc3f98415c54bf819f0a9290,VALID,
2026-09-30,10:02:53,2026,9,HEAD_TRUCK,212,105.27,online,,ujb_dashboard_scrape,573,681e081fa9a2a855aab4d83f2238adc99806e834,VALID,
2026-09-30,10:00:03,2026,9,HEAD_TRUCK,136,89.15,online,,ujb_dashboard_scrape,574,f0bf6fb0cb79c41f93a4816dbfab9448a0d23808,VALID,
2026-09-30,09:58:56,2026,9,HEAD_TRUCK,175,81.93,online,,ujb_dashboard_scrape,575,af49d24a41017400eadf44f1fe38970780e0fc51,VALID,
2026-09-30,09:57:21,2026,9,HEAD_TRUCK,135,90.86,online,,ujb_dashboard_scrape,576,74033e7863d492d8b2ef61d1feeb6d99ee5b097f,VALID,
2026-09-30,09:54:58,2026,9,HEAD_TRUCK,156,62.81,online,,ujb_dashboard_scrape,577,d94a899bd1d4b70b56a2d5c26623be0dcbd5df58,VALID,
2026-09-30,09:50:40,2026,9,HEAD_TRUCK,149,81.23,online,,ujb_dashboard_scrape,578,cc6d6f225a57419ebaefbb1b5c0f02713dbf71dc,VALID,
2026-09-30,09:45:14,2026,9,HEAD_TRUCK,142,82.86,online,,ujb_dashboard_scrape,579,15cd8c6609f548163f7849255e421ad7907950a9,VALID,
2026-09-30,09:43:15,2026,9,HEAD_TRUCK,204,63.04,online,,ujb_dashboard_scrape,580,f08951702ece98486ba2d3291a444b6cdf701a7d,VALID,
2026-09-30,09:41:48,2026,9,HEAD_TRUCK,201,73.57,online,,ujb_dashboard_scrape,581,d86b921e566bd3faa5e71be6a1ecec06307be2df,VALID,
2026-09-30,09:39:36,2026,9,HEAD_TRUCK,208,82.8,online,,ujb_dashboard_scrape,582,58572bf0ed31d9663663e08c4a17a7ffba202bd3,VALID,
2026-09-30,09:39:29,2026,9,HEAD_TRUCK,159,93.05,online,,ujb_dashboard_scrape,583,b476ee4e15de671402d56ad16155344c2cb3e7eb,VALID,
2026-09-30,09:36:21,2026,9,HEAD_TRUCK,137,73.05,online,,ujb_dashboard_scrape,584,ac1249fa58f968d2f1c48f0184b5d9e9edb9b946,VALID,
2026-09-30,09:34:10,2026,9,HEAD_TRUCK,210,98.23,online,,ujb_dashboard_scrape,585,8f579332d07f242ee280746cd7a739a0fbe580b1,VALID,
2026-09-30,09:33:48,2026,9,KEND_OPS,RANGGA 16,26.24,online,,ujb_dashboard_scrape,586,b6680c7a15ba6dc9f47eac6d8f238216e5cb734f,VALID,
2026-09-30,09:31:25,2026,9,HEAD_TRUCK,161,99.32,online,,ujb_dashboard_scrape,587,2f54d3ad48c1ffc829c5640a6dab4cc6dd8c49e9,VALID,
2026-09-30,09:31:12,2026,9,HEAD_TRUCK,174,45.0,online,,ujb_dashboard_scrape,588,15ace425d2c2b460b401ef13f98ae49ce60fe5f7,VALID,
2026-09-30,09:28:39,2026,9,HEAD_TRUCK,184,70.17,online,,ujb_dashboard_scrape,589,90cd83bcc0274bc6dad7274494361204450e4374,VALID,
2026-09-30,09:28:34,2026,9,HEAD_TRUCK,209,107.67,online,,ujb_dashboard_scrape,590,e3fb12201ffd8e6b18e280ea8a8a68b2944c99e0,VALID,
2026-09-30,09:26:31,2026,9,KEND_OPS,B 9269 UWM,40.0,online,,ujb_dashboard_scrape,591,13f3e0db8d8402c8d0e41e750e88dc7cebf5fe24,VALID,
2026-09-30,09:25:31,2026,9,HEAD_TRUCK,145,80.67,online,,ujb_dashboard_scrape,592,3242f9cc6dc4edd474e19ba6579b48a87881cec2,VALID,
2026-09-30,09:24:11,2026,9,HEAD_TRUCK,196,94.78,online,,ujb_dashboard_scrape,593,e368d3a1ac62bcb0340dc2b5f2a4b88470478141,VALID,
2026-09-30,09:22:03,2026,9,HEAD_TRUCK,188,65.21,online,,ujb_dashboard_scrape,594,0d7e7430d44b41f688c0839ffaa7115f8721fd94,VALID,
2026-09-30,09:20:30,2026,9,HEAD_TRUCK,167,61.03,online,,ujb_dashboard_scrape,595,3f9ba620631376a2fcd424bb8b076c0c865897c0,VALID,
2026-09-30,09:20:06,2026,9,HEAD_TRUCK,194,68.23,online,,ujb_dashboard_scrape,596,da4dd3363b3ccddb4bee1a42044fced308398bca,VALID,
2026-09-30,09:18:10,2026,9,HEAD_TRUCK,154,94.66,online,,ujb_dashboard_scrape,597,34b11703f0cb3d7a06df269c384c575d30dba95f,VALID,
2026-09-30,09:16:11,2026,9,HEAD_TRUCK,144,79.46,online,,ujb_dashboard_scrape,598,e6e52bcd5dc428938ca70f01a766e433be5f40d2,VALID,
2026-09-30,09:14:20,2026,9,HEAD_TRUCK,202,45.07,online,,ujb_dashboard_scrape,599,673738f59d3026ac53dad083a21891b312238030,VALID,
2026-09-30,09:13:16,2026,9,HEAD_TRUCK,215,63.54,online,,ujb_dashboard_scrape,600,b1155ccacabc4b11c09c89f0a559e5c6e2d0d392,VALID,
2026-09-30,09:00:43,2026,9,HEAD_TRUCK,155,81.96,online,,ujb_dashboard_scrape,601,585460dd3e0f8bade6c6bbde4b21520e5b590bc3,VALID,
2026-09-30,08:58:53,2026,9,HEAD_TRUCK,131,85.71,online,,ujb_dashboard_scrape,602,3a6ce96355dc6739a69e28f0f8c60d8b73391f39,VALID,
2026-09-30,08:56:57,2026,9,HEAD_TRUCK,128,87.86,online,,ujb_dashboard_scrape,603,87c275b9cac4e2b72b665e6bd86272f70cdd6043,VALID,
2026-09-30,08:54:38,2026,9,ELF,03,35.0,online,,ujb_dashboard_scrape,604,62cb53c3f23bb31568db5fbbd8ac76ff0fbf7a39,VALID,
2026-09-30,08:51:20,2026,9,HEAD_TRUCK,216,82.07,online,,ujb_dashboard_scrape,605,95ec69d1861c3ee7a636938af173c4cf2b7137c8,VALID,
2026-09-30,08:49:15,2026,9,BUS,01,50.98,online,,ujb_dashboard_scrape,606,41d34a926ce6c365d96b4c66dea671d9ec6c3fd2,VALID,
2026-09-30,08:48:10,2026,9,HEAD_TRUCK,192,80.56,online,,ujb_dashboard_scrape,607,e95d8121ae84ced6f95444f1318b74535595184d,VALID,
2026-09-30,08:45:39,2026,9,HEAD_TRUCK,143,95.56,online,,ujb_dashboard_scrape,608,16401189aeeb53422d38bcce35aa202397a42ba8,VALID,
2026-09-30,08:35:34,2026,9,HEAD_TRUCK,168,29.65,online,,ujb_dashboard_scrape,609,d6856867fd5b31d763dc3583ab44eb874a8f272d,VALID,
2026-09-30,08:32:13,2026,9,HEAD_TRUCK,141,79.2,online,,ujb_dashboard_scrape,610,2be79b0c93ff3e12b9ee4400fb3656a83c0d4ff5,VALID,
2026-09-30,08:30:04,2026,9,HEAD_TRUCK,162,69.74,online,,ujb_dashboard_scrape,611,d18bd9b47f7ffb411eb0ae33d0e30559118509f7,VALID,
2026-09-30,08:29:14,2026,9,ELF,02,35.0,online,,ujb_dashboard_scrape,612,c74fd267671a1591c514de3a5ef5b23c4923e3e3,VALID,
2026-09-30,08:27:28,2026,9,ELF,01,35.0,online,,ujb_dashboard_scrape,613,79163a20f4f48f6cb9b151ec42f1fc1387f9e148,VALID,
2026-09-30,08:24:04,2026,9,HEAD_TRUCK,138,92.47,online,,ujb_dashboard_scrape,614,47c86ba8c1cc423b6c0b427c5c42b9f18f3c01bf,VALID,
2026-09-30,08:23:05,2026,9,HEAD_TRUCK,199,71.89,online,,ujb_dashboard_scrape,615,7ca7a23090ce35c4047ca225765b2ebc14240e2a,VALID,
2026-09-30,08:18:53,2026,9,HEAD_TRUCK,151,80.53,online,,ujb_dashboard_scrape,616,7245c2d0962ce43f0bf578c63e4e026942e56297,VALID,
2026-09-30,08:17:35,2026,9,HEAD_TRUCK,180,67.02,online,,ujb_dashboard_scrape,617,aee6fb21b45ca0c9f7d6da2eb3e0d26eacb9c6ae,VALID,
2026-09-30,08:15:54,2026,9,HEAD_TRUCK,150,52.21,online,,ujb_dashboard_scrape,618,73040abf33d93337bdace12eb7448e6f99453f9d,VALID,
2026-09-30,08:14:14,2026,9,HEAD_TRUCK,158,91.54,online,,ujb_dashboard_scrape,619,625e25b93aaba69043817e5a4fca206abb3ba228,VALID,
2026-09-30,08:09:28,2026,9,HEAD_TRUCK,169,95.51,online,,ujb_dashboard_scrape,620,30067442ef2057283b6d97056b0165f518de9a40,VALID,
2026-09-30,08:08:21,2026,9,KEND_OPS,B 9786 BAZ,31.26,online,,ujb_dashboard_scrape,621,064150d4c8295e2742e0ef575b69f08bd59064d6,VALID,
2026-09-30,08:06:27,2026,9,HEAD_TRUCK,195,87.57,online,,ujb_dashboard_scrape,622,8a95c73a04728d8da9d32b059a3d392aa232961f,VALID,
2026-09-30,08:06:20,2026,9,HEAD_TRUCK,170,115.89,online,,ujb_dashboard_scrape,623,e6f16be763213bf3b0dc93483820d668420da4d4,VALID,
2026-09-29,14:28:03,2026,9,HEAD_TRUCK,156,90.18,online,,ujb_dashboard_scrape,534,4b876db3980a4e340c7572c9275632d6bbffcc8c,VALID,
2026-09-29,14:24:05,2026,9,TANGKI,AIR 01,40.0,online,,ujb_dashboard_scrape,535,13002b12ec58d44b91a79e04a17984cd7290406a,VALID,
2026-09-29,13:50:20,2026,9,KEND_OPS,RANGGA 04,31.3,online,,ujb_dashboard_scrape,536,78b935211612bd4a0d4b010a2a3dfc1f84d63ac0,VALID,
2026-09-29,13:39:22,2026,9,HEAD_TRUCK,194,79.95,online,,ujb_dashboard_scrape,537,80c8063abf1e6fcb7e86e61f8343c975370e44f2,VALID,
2026-09-29,13:35:41,2026,9,HEAD_TRUCK,181,114.49,online,,ujb_dashboard_scrape,538,2865a7cf54763466dd6b0e2e66518cb11552bd7e,VALID,
2026-09-29,13:31:03,2026,9,HEAD_TRUCK,149,109.17,online,,ujb_dashboard_scrape,539,f3c5f52c25e36ac4d70df816f378509471f8fe06,VALID,
2026-09-29,13:26:47,2026,9,KEND_OPS,RANGGA 05,40.0,online,,ujb_dashboard_scrape,540,31a6746be1d141a949b8717e20f3291258cd7b14,VALID,
2026-09-29,13:23:34,2026,9,HEAD_TRUCK,203,98.07,online,,ujb_dashboard_scrape,541,b74ce75c791aabeed2aca89039162fd60652f687,VALID,
2026-09-29,13:18:16,2026,9,HEAD_TRUCK,163,106.31,online,,ujb_dashboard_scrape,542,8928c7d6ae2563cd4c69e697dbbd85c18f8a2692,VALID,
2026-09-29,13:15:26,2026,9,HEAD_TRUCK,191,88.4,online,,ujb_dashboard_scrape,543,010f2cf5dedb3eaf68e0be224accf4d8b94ce413,VALID,
2026-09-29,13:12:18,2026,9,BUS,03,55.0,online,,ujb_dashboard_scrape,544,8eeb3ce7fb90974c17778c436f410398b1a062c1,VALID,
2026-09-29,13:06:36,2026,9,HEAD_TRUCK,206,92.19,online,,ujb_dashboard_scrape,545,8351906340ed78cab2fd68af8d452ee47a00faa9,VALID,
2026-09-29,11:40:40,2026,9,HEAD_TRUCK,147,111.01,online,,ujb_dashboard_scrape,546,52cd5aba4f2be1fae0ba2afa81deebfbbb2bc507,VALID,
2026-09-29,11:30:01,2026,9,KEND_OPS,RANGGA 11,25.1,online,,ujb_dashboard_scrape,547,d0d653226aa12a77f401e846d1104a929725fd3b,VALID,
2026-09-29,10:57:13,2026,9,HEAD_TRUCK,134,89.98,online,,ujb_dashboard_scrape,548,83dd994e646bbdd8051c9a95a7712514028c6837,VALID,
2026-09-29,10:47:28,2026,9,HEAD_TRUCK,131,125.17,online,,ujb_dashboard_scrape,549,0029b0cb2ab67af63c76b6c4793bd3da6c69daf5,VALID,
2026-09-29,10:42:33,2026,9,HEAD_TRUCK,205,91.63,online,,ujb_dashboard_scrape,550,4b6b6f14bb035945892d00db83109984e4d03bae,VALID,
2026-09-29,10:39:35,2026,9,HEAD_TRUCK,165,88.59,online,,ujb_dashboard_scrape,551,380d502ca14ea9e378698a2fb50fe6c431d5ac21,VALID,
2026-09-29,10:35:51,2026,9,HEAD_TRUCK,132,91.2,online,,ujb_dashboard_scrape,552,4b7de25223791adef6c5b13752afb6f2095de1d3,VALID,
2026-09-29,10:33:05,2026,9,HEAD_TRUCK,175,64.14,online,,ujb_dashboard_scrape,553,30f29f21384232317c7db12c4a5c4cf4a908ca0d,VALID,
2026-09-29,10:29:41,2026,9,ELF,03,35.0,online,,ujb_dashboard_scrape,554,f5bdfa5b95cffd0c5d6c558f59f704f9752ac52c,VALID,
2026-09-29,10:29:13,2026,9,HEAD_TRUCK,201,68.54,online,,ujb_dashboard_scrape,555,c1f581ceaed44fa39d3ba1360201fdf4ae33bf52,VALID,
2026-09-29,10:27:17,2026,9,HEAD_TRUCK,166,78.41,online,,ujb_dashboard_scrape,556,60cd759f0e1502589184a988bfdb4cfe0939efbe,VALID,
2026-09-29,10:26:16,2026,9,HEAD_TRUCK,198,96.95,online,,ujb_dashboard_scrape,557,9f41747206d5e8c5b7cc8a2dc96b0ad229c0ff26,VALID,
2026-09-29,10:23:52,2026,9,HEAD_TRUCK,141,78.17,online,,ujb_dashboard_scrape,558,86fce8393920c5cd95b2bf7a3c45e51c8e544a8d,VALID,
2026-09-29,10:21:30,2026,9,BUS,BUS,50.13,online,,ujb_dashboard_scrape,559,966d24114691e8e08e097e5d2f04c78598d9826c,VALID,
2026-09-29,10:17:42,2026,9,HEAD_TRUCK,151,67.7,online,,ujb_dashboard_scrape,560,d639914952e353e71b47fa7295dbfc87ad586bba,VALID,
2026-09-29,10:14:56,2026,9,HEAD_TRUCK,151,74.36,online,,ujb_dashboard_scrape,561,bd164647a868efac594c71c589c878a361157cfc,VALID,
2026-09-29,10:14:14,2026,9,HEAD_TRUCK,197,75.54,online,,ujb_dashboard_scrape,562,542877312ba1a1fced7f37bc881f10216c2a9303,VALID,
2026-09-29,10:12:22,2026,9,HEAD_TRUCK,155,82.72,online,,ujb_dashboard_scrape,563,9fec55bf6321e2ca10fb1c0003c605064920b0bc,VALID,
2026-09-29,10:09:39,2026,9,HEAD_TRUCK,214,173.13,online,,ujb_dashboard_scrape,564,7ed962cce64b7ddecc92e3567f6f6f838e0f6aca,VALID,
2026-09-29,10:03:31,2026,9,HEAD_TRUCK,144,81.88,online,,ujb_dashboard_scrape,565,971324b5051dfbf0bc36198333c924f22dafc421,VALID,
2026-09-29,10:00:26,2026,9,HEAD_TRUCK,185,87.88,online,,ujb_dashboard_scrape,566,14df9d2a1d013019d92ff5078bfe43dea04f38df,VALID,
2026-09-29,09:59:04,2026,9,HEAD_TRUCK,145,78.7,online,,ujb_dashboard_scrape,567,d9d5154f4969696c6eeeb65ea1d6b3d6f7706e0f,VALID,
2026-09-29,09:57:45,2026,9,HEAD_TRUCK,188,53.66,online,,ujb_dashboard_scrape,568,d41fa1065bccfcd1f29303074723a154b0aa2c6d,VALID,
2026-09-29,09:56:52,2026,9,ELF,02,35.0,online,,ujb_dashboard_scrape,569,68f4b32abc2f38c936e049484350e0c18a6a6ae6,VALID,
2026-09-29,09:54:07,2026,9,HEAD_TRUCK,193,94.79,online,,ujb_dashboard_scrape,570,e35676c8cd1c495b78617aeb5f277e68a5b336b7,VALID,
2026-09-29,09:50:43,2026,9,HEAD_TRUCK,193,23.14,online,,ujb_dashboard_scrape,571,84325d1b10f2ebb79dd08fde23b76bf664e4f895,VALID,
2026-09-29,09:50:29,2026,9,HEAD_TRUCK,208,73.81,online,,ujb_dashboard_scrape,572,fc421224b2fd7a6f15d5cd548a1cc3c5a36b85f3,VALID,
2026-09-29,09:47:17,2026,9,HEAD_TRUCK,195,74.8,online,,ujb_dashboard_scrape,573,952c3fd192686032a90884b78c92e9b2b6efbcc1,VALID,
2026-09-29,09:46:53,2026,9,HEAD_TRUCK,154,93.49,online,,ujb_dashboard_scrape,574,81d5adc2c329c212def9219a322d78f3f0f1e611,VALID,
2026-09-29,09:41:50,2026,9,BUS,01,54.79,online,,ujb_dashboard_scrape,575,ae6804099984de5bb0abc8d3d52600788c135521,VALID,
2026-09-29,09:41:27,2026,9,HEAD_TRUCK,179,55.79,online,,ujb_dashboard_scrape,576,c379f99650463de569a9a49eb487d9972cfaaaf9,VALID,
2026-09-29,09:37:12,2026,9,HEAD_TRUCK,184,56.69,online,,ujb_dashboard_scrape,577,85c47afdd4520c7911e04ed5677555973e84b3d8,VALID,
2026-09-29,09:36:43,2026,9,HEAD_TRUCK,140,94.53,online,,ujb_dashboard_scrape,578,82fded2c03477e1ff5eade10e6030759070f4db5,VALID,
2026-09-29,09:33:20,2026,9,HEAD_TRUCK,202,56.04,online,,ujb_dashboard_scrape,579,2e02861abee8f289aa35117734a250abdc0a9b74,VALID,
2026-09-29,09:33:09,2026,9,HEAD_TRUCK,215,117.55,online,,ujb_dashboard_scrape,580,68aa77005c5f0a21275f49d8e5b94d771e1b5995,VALID,
2026-09-29,09:27:45,2026,9,HEAD_TRUCK,196,66.08,online,,ujb_dashboard_scrape,581,a1200816e13402008846e4a4ddeae8aa3cae0a57,VALID,
2026-09-29,09:25:42,2026,9,HEAD_TRUCK,143,85.37,online,,ujb_dashboard_scrape,582,01311a119ace24e79e07f127e61a9835777860d4,VALID,
2026-09-29,09:24:45,2026,9,HEAD_TRUCK,174,79.52,online,,ujb_dashboard_scrape,583,dc64bb803d0198ce0c19e0f5b4a69cbe5e96d2ee,VALID,
2026-09-29,09:23:32,2026,9,HEAD_TRUCK,167,108.16,online,,ujb_dashboard_scrape,584,1858149ee446d1a42f5da4a1ba2945e249f4e255,VALID,
2026-09-29,09:19:11,2026,9,HEAD_TRUCK,199,60.29,online,,ujb_dashboard_scrape,585,f7b9bee04915d9e9f3fd5f2b6646208f68151c9a,VALID,
2026-09-29,09:18:28,2026,9,HEAD_TRUCK,142,63.99,online,,ujb_dashboard_scrape,586,726bd5284b40a3bf137a73df24728d6626a1f6ed,VALID,
2026-09-29,09:16:39,2026,9,ELF,01,35.0,online,,ujb_dashboard_scrape,587,fae3ec1cf77cf4a324e791195882631fcfa6eda2,VALID,
2026-09-29,09:13:46,2026,9,HEAD_TRUCK,211,68.82,online,,ujb_dashboard_scrape,588,2a5060982a51cb27c8a64340dbb19b15ed7b99da,VALID,
2026-09-29,09:12:53,2026,9,HEAD_TRUCK,204,50.74,online,,ujb_dashboard_scrape,589,8e9562018d570f4c5e9a8a69dd7405e9587b2130,VALID,
2026-09-29,09:10:13,2026,9,HEAD_TRUCK,183,92.44,online,,ujb_dashboard_scrape,590,fa0d770c95f8dc29cad19826cee9cfc687a36a2a,VALID,
2026-09-29,09:09:31,2026,9,HEAD_TRUCK,135,71.95,online,,ujb_dashboard_scrape,591,957e1ccf5579eaf4d1e91e5b4b3836d2fb3ee494,VALID,
2026-09-29,09:06:58,2026,9,FORKLIFT,31,28.52,online,,ujb_dashboard_scrape,592,07e730784ce7d4c078a13c59b1cca403addb99e5,VALID,
2026-09-29,09:06:42,2026,9,HEAD_TRUCK,136,86.13,online,,ujb_dashboard_scrape,593,07a0ee5a877268b97cfed5fc1e8cd5943a660028,VALID,
2026-09-29,09:01:01,2026,9,HEAD_TRUCK,152,70.37,online,,ujb_dashboard_scrape,594,cd93ddf6c0d27ad9b209ec83f1759cb705dc305c,VALID,
2026-09-29,09:00:00,2026,9,HEAD_TRUCK,137,86.12,online,,ujb_dashboard_scrape,595,efc6ac2328e0e1f3b7dcf375d26e6d7890ee9c88,VALID,
2026-09-29,08:56:48,2026,9,HEAD_TRUCK,177,82.6,online,,ujb_dashboard_scrape,596,8ab3bf93fffb1d45e9159066ea4cae164de70c03,VALID,
2026-09-29,08:55:30,2026,9,HEAD_TRUCK,128,97.48,online,,ujb_dashboard_scrape,597,22939cd29bbd9b7df8db2bca01ea65ada3f81d2d,VALID,
2026-09-29,08:51:32,2026,9,HEAD_TRUCK,192,81.37,online,,ujb_dashboard_scrape,598,7f1743af2ef8f10010c634846b51759253f42334,VALID,
2026-09-29,08:51:18,2026,9,HEAD_TRUCK,138,99.17,online,,ujb_dashboard_scrape,599,16a8b98305f10c6702ef6864611ce1a5baf07c1c,VALID,
2026-09-29,08:49:00,2026,9,KEND_OPS,RANGGA 14,40.0,online,,ujb_dashboard_scrape,600,8a75a80721a5cf89bc980c835abcc61788631fda,VALID,
2026-09-29,08:46:02,2026,9,HEAD_TRUCK,178,46.91,online,,ujb_dashboard_scrape,601,a8e5f978047a46c5688be35af9b0239c1d4a97cb,VALID,
2026-09-29,08:43:33,2026,9,HEAD_TRUCK,158,72.95,online,,ujb_dashboard_scrape,602,a658cb6e675a1dd284da38617196ad66353e8a4c,VALID,
2026-09-29,08:38:08,2026,9,HEAD_TRUCK,212,94.64,online,,ujb_dashboard_scrape,603,8560f8825409c1606b8d7468b87b239df76d4359,VALID,
2026-09-29,08:36:20,2026,9,FORKLIFT,28,31.75,online,,ujb_dashboard_scrape,604,3db7d088d4524a813a055fbeeea0b858f9d58680,VALID,
2026-09-29,08:35:36,2026,9,HEAD_TRUCK,171,89.72,online,,ujb_dashboard_scrape,605,098a9645628725b6282d91ed6c9118f1f4a8d84e,VALID,
2026-09-29,08:32:36,2026,9,HEAD_TRUCK,210,87.59,online,,ujb_dashboard_scrape,606,64d46a01ca2ab60d5b0d6c342def3886ff778949,VALID,
2026-09-29,08:30:05,2026,9,HEAD_TRUCK,161,85.17,online,,ujb_dashboard_scrape,607,eab263825d0e648d7576956149c0947862bee75f,VALID,
2026-09-29,08:29:24,2026,9,HEAD_TRUCK,186,72.82,online,,ujb_dashboard_scrape,608,a80da273ddb5af5a000e9618e90bc2a91470cc06,VALID,
2026-09-29,08:26:18,2026,9,HEAD_TRUCK,162,68.56,online,,ujb_dashboard_scrape,609,508cf994775a5e1cbaf2ec9ca7e2e8c51e640d6d,VALID,
2026-09-29,08:25:15,2026,9,HEAD_TRUCK,182,72.59,online,,ujb_dashboard_scrape,610,c5600c9e6e265ce8f117bca72fd0f903b549f02d,VALID,
2026-09-29,08:24:08,2026,9,HEAD_TRUCK,164,84.48,online,,ujb_dashboard_scrape,611,87cd725dd3309545cce7fdc912b289111cf28318,VALID,
2026-09-29,08:21:47,2026,9,HEAD_TRUCK,216,53.1,online,,ujb_dashboard_scrape,612,db95cfabb06adce5a7b4b681f8e8260b676dde0e,VALID,
2026-09-29,08:19:59,2026,9,HEAD_TRUCK,150,83.09,online,,ujb_dashboard_scrape,613,9c4da783a0fcea847f064b361cd86a18a371ceec,VALID,
2026-09-29,08:17:29,2026,9,HEAD_TRUCK,207,64.49,online,,ujb_dashboard_scrape,614,c826d9ee52e58bc1efe14fbecf7d565c4017617a,VALID,
2026-09-29,08:15:10,2026,9,HEAD_TRUCK,133,98.93,online,,ujb_dashboard_scrape,615,b88a2d7691a4d212952cc63a98d83d2bd4925322,VALID,
2026-09-29,08:12:06,2026,9,HEAD_TRUCK,153,75.62,online,,ujb_dashboard_scrape,616,9bd68a76addf489f1ba495c8dd76d69781fa8b5e,VALID,
2026-09-29,08:09:58,2026,9,HEAD_TRUCK,209,89.57,online,,ujb_dashboard_scrape,617,d283a1ee6fea79883bd7fe7d320b7b730c98b8ea,VALID,
2026-09-28,14:45:46,2026,9,KEND_OPS,HILUX 19,40.0,online,,ujb_dashboard_scrape,522,d4989d73e469a723291da6226031ff0f388f3b34,VALID,
2026-09-28,14:33:46,2026,9,HEAD_TRUCK,202,78.54,online,,ujb_dashboard_scrape,523,e849237ae6b4cf149b44afc781e6fea796fbcc31,VALID,
2026-09-28,14:28:22,2026,9,HEAD_TRUCK,166,90.74,online,,ujb_dashboard_scrape,524,1db77c4f2e94862de4672e1a8e0cf3a79f4c9a90,VALID,
2026-09-28,14:25:39,2026,9,KEND_OPS,RANGGA 15,22.42,online,,ujb_dashboard_scrape,525,261c3f0b84c2bf28a25ebba520e613be86f1c1fc,VALID,
2026-09-28,14:14:34,2026,9,HEAD_TRUCK,207,95.37,online,,ujb_dashboard_scrape,526,6fd3b06fc8c007f4d8f5287afcc442f513faddf2,VALID,
2026-09-28,13:55:12,2026,9,HEAD_TRUCK,179,56.94,online,,ujb_dashboard_scrape,527,e494cbf34f4b6640cab7533fa7970015d5bb5bdd,VALID,
2026-09-28,13:51:42,2026,9,KEND_OPS,RANGGA 16,40.0,online,,ujb_dashboard_scrape,528,e4e6cd5f327de87768f58659022f48add5533620,VALID,
2026-09-28,13:48:19,2026,9,HEAD_TRUCK,145,70.85,online,,ujb_dashboard_scrape,529,b3af45d425f15377b67c5234663af62d304c811e,VALID,
2026-09-28,13:45:58,2026,9,HEAD_TRUCK,211,77.3,online,,ujb_dashboard_scrape,530,4f0506b0a6430aab28fe6526eac87edce8198588,VALID,
2026-09-28,13:43:10,2026,9,HEAD_TRUCK,215,74.92,online,,ujb_dashboard_scrape,531,a0bf8fdbacc28eb4939531a35510d3063c280a4e,VALID,
2026-09-28,13:37:14,2026,9,HEAD_TRUCK,199,73.37,online,,ujb_dashboard_scrape,532,eb432c9725c71c34e13537db32212b31a3ad2abe,VALID,
2026-09-28,13:34:04,2026,9,HEAD_TRUCK,191,90.52,online,,ujb_dashboard_scrape,533,caa6a45005f3a01ba1a90ce706c8a3212440255f,VALID,
2026-09-28,13:29:44,2026,9,HEAD_TRUCK,141,80.82,online,,ujb_dashboard_scrape,534,487d68ded13f90e8292298404876154f96025223,VALID,
2026-09-28,13:27:39,2026,9,HEAD_TRUCK,142,99.52,online,,ujb_dashboard_scrape,535,ca0ae6eb1964400887bbdd892bc33cd4efd7651f,VALID,
2026-09-28,13:25:20,2026,9,HEAD_TRUCK,184,69.25,online,,ujb_dashboard_scrape,536,dfddec4db4651364ff4857a34de7e0a375ff8ed4,VALID,
2026-09-28,13:20:59,2026,9,HEAD_TRUCK,158,88.97,online,,ujb_dashboard_scrape,537,4ccd809934f29ce2df53947707c877c2c94a1a1f,VALID,
2026-09-28,13:04:16,2026,9,HEAD_TRUCK,195,113.57,online,,ujb_dashboard_scrape,538,2a1d90f3b4bbbff16e89922aea5f966fd7d10263,VALID,
2026-09-28,11:34:00,2026,9,KEND_OPS,HILUX 02,40.0,online,,ujb_dashboard_scrape,539,6e3874006caaf44e7268bbc226c7af2a839f3f0a,VALID,
2026-09-28,11:05:43,2026,9,KEND_OPS,RANGGA 10,38.96,online,,ujb_dashboard_scrape,540,8d0aa0588df033c5019ff5fa0b5b2dd68bd93cdc,VALID,
2026-09-28,10:59:31,2026,9,HEAD_TRUCK,165,82.13,online,,ujb_dashboard_scrape,541,e532d826007c7a83e21fafaf5af8861bfeebac17,VALID,
2026-09-28,10:43:44,2026,9,HEAD_TRUCK,143,112.0,online,,ujb_dashboard_scrape,542,5a787b441bfeeea996a2d058351aa54b38e7b5ba,VALID,
2026-09-28,10:40:42,2026,9,HEAD_TRUCK,162,86.77,online,,ujb_dashboard_scrape,543,cfd93e117bb078a45ad9345e860dea6cad0df99d,VALID,
2026-09-28,10:36:54,2026,9,HEAD_TRUCK,197,63.45,online,,ujb_dashboard_scrape,544,501bb5319d3bf1de8d46aa943307c493132b05fe,VALID,
2026-09-28,10:36:48,2026,9,HEAD_TRUCK,168,84.62,online,,ujb_dashboard_scrape,545,8e8651f6d65f990d26da8148838c1d2e2cc842f7,VALID,
2026-09-28,10:33:05,2026,9,HEAD_TRUCK,194,90.89,online,,ujb_dashboard_scrape,546,60b1b9afb07d2f46ed7780ead6be56ccab0afa56,VALID,
2026-09-28,10:32:37,2026,9,HEAD_TRUCK,154,87.4,online,,ujb_dashboard_scrape,547,bfb8bf01c25769042310d4d0e213992ee2e736e8,VALID,
2026-09-28,10:23:21,2026,9,HEAD_TRUCK,148,86.0,online,,ujb_dashboard_scrape,548,38642e5c64f0756daa09984cdffb758f084bf283,VALID,
2026-09-28,10:16:41,2026,9,HEAD_TRUCK,169,86.29,online,,ujb_dashboard_scrape,549,c971fa8c558191754c547a9c2dd07a3704eba5e5,VALID,
2026-09-28,10:13:16,2026,9,HEAD_TRUCK,212,122.11,online,,ujb_dashboard_scrape,550,1e0f604abbbae2e8f89b6915e93108f434cd4ba5,VALID,
2026-09-28,10:10:53,2026,9,HEAD_TRUCK,188,53.48,online,,ujb_dashboard_scrape,551,e5ca6c5f901148dd0f541c9f8d2858d0091a39d9,VALID,
2026-09-28,10:10:41,2026,9,HEAD_TRUCK,159,75.36,online,,ujb_dashboard_scrape,552,4a5dfd9bd1e0adfcefc57cb22e60306721913932,VALID,
2026-09-28,10:08:26,2026,9,HEAD_TRUCK,193,76.68,online,,ujb_dashboard_scrape,553,e9d1d9f472f0bb7e25bd134a5ebee9dbb4b13382,VALID,
2026-09-28,10:08:11,2026,9,PEMADAM,03,18.74,online,,ujb_dashboard_scrape,554,37bcb0fd4d8091a9e2e0c6bcadfbc61b37e84793,VALID,
2026-09-28,10:04:49,2026,9,HEAD_TRUCK,204,88.84,online,,ujb_dashboard_scrape,555,451fc44e22141625aaadbe28d274afaa42a1ccd3,VALID,
2026-09-28,10:02:54,2026,9,HEAD_TRUCK,151,122.64,online,,ujb_dashboard_scrape,556,12706d0b6d08d37f469af3ea31b391a5b51d5a0b,VALID,
2026-09-28,10:00:46,2026,9,HEAD_TRUCK,186,75.39,online,,ujb_dashboard_scrape,557,7372d4e995f4d6212b80b0b907c9a275e37d79c3,VALID,
2026-09-28,10:00:09,2026,9,HEAD_TRUCK,150,80.55,online,,ujb_dashboard_scrape,558,fc9cf4fba3a7280d48ad8cc4990b9aac705f1844,VALID,
2026-09-28,09:57:35,2026,9,BUS,03,47.35,online,,ujb_dashboard_scrape,559,fdf2a1f906e3f5765b7c9371b8d1c6ec48afc078,VALID,
2026-09-28,09:53:51,2026,9,BUS,02,49.17,online,,ujb_dashboard_scrape,560,b362a9dcc2f08ccc392956db12bcc8a06064fd1c,VALID,
2026-09-28,09:47:48,2026,9,HEAD_TRUCK,157,59.23,online,,ujb_dashboard_scrape,561,38ef107a1929633056904eaca5b829c2bdb83622,VALID,
2026-09-28,09:45:38,2026,9,KEND_OPS,AD 8137 OH,40.0,online,,ujb_dashboard_scrape,562,d475ed8d9a905ec517b006840453d4e9aa16640f,VALID,
2026-09-28,09:43:18,2026,9,HEAD_TRUCK,210,95.84,online,,ujb_dashboard_scrape,563,4c001bb4ce405e9019169a8c7d961613e989f2f4,VALID,
2026-09-28,09:39:35,2026,9,HEAD_TRUCK,135,64.57,online,,ujb_dashboard_scrape,564,a9ae827c9a2eae5da89ebf06ff8c3faa32d26208,VALID,
2026-09-28,09:36:53,2026,9,HEAD_TRUCK,152,105.15,online,,ujb_dashboard_scrape,565,b0e6cfffceb80554ab58fff27340a4dc2f9d684e,VALID,
2026-09-28,09:36:26,2026,9,HEAD_TRUCK,182,96.17,online,,ujb_dashboard_scrape,566,0dc3e0b144763d9dd22cf66e5efbc3f8682dbeb9,VALID,
2026-09-28,09:32:02,2026,9,HEAD_TRUCK,206,77.6,online,,ujb_dashboard_scrape,567,cb7d09c4f33dcc983c63cc9ed45ed9e834d36daa,VALID,
2026-09-28,09:27:12,2026,9,HEAD_TRUCK,209,121.04,online,,ujb_dashboard_scrape,568,f876ef4e2f487c3377c7f91c0ae39c9276189c67,VALID,
2026-09-28,09:24:33,2026,9,HEAD_TRUCK,133,80.79,online,,ujb_dashboard_scrape,569,8d4679de2a2c9c100661bc9bb9cea3f82187354a,VALID,
2026-09-28,09:22:42,2026,9,HEAD_TRUCK,149,81.49,online,,ujb_dashboard_scrape,570,835387ffef0931bdfe0f20d3681390abcc8c4b3e,VALID,
2026-09-28,09:22:19,2026,9,HEAD_TRUCK,196,78.86,online,,ujb_dashboard_scrape,571,098dbfc89c61d25fb06bc348cfc7de9b1fda11c8,VALID,
2026-09-28,09:20:04,2026,9,HEAD_TRUCK,205,89.84,online,,ujb_dashboard_scrape,572,af2be6e1b224232020892899a1967693f8d6e13e,VALID,
2026-09-28,09:17:53,2026,9,HEAD_TRUCK,128,67.11,online,,ujb_dashboard_scrape,573,fcb453dd900a6477a48fecd2430bc60fed6a6447,VALID,
2026-09-28,09:15:29,2026,9,HEAD_TRUCK,175,59.64,online,,ujb_dashboard_scrape,574,2cdd58ba70e08b1ab9f7949fbe27977d6e1da66d,VALID,
2026-09-28,09:13:17,2026,9,HEAD_TRUCK,144,73.81,online,,ujb_dashboard_scrape,575,936de8b4bbf0d6c57842842baee147604a1f27f0,VALID,
2026-09-28,09:09:33,2026,9,HEAD_TRUCK,132,71.74,online,,ujb_dashboard_scrape,576,23d09d40ce2252f962e5f37bce23c6a35defd466,VALID,
2026-09-28,09:06:58,2026,9,HEAD_TRUCK,174,65.59,online,,ujb_dashboard_scrape,577,3ddea73a5895bf3a8bce7ab619e261791998d661,VALID,
2026-09-28,09:05:59,2026,9,HEAD_TRUCK,134,90.15,online,,ujb_dashboard_scrape,578,5fba01343c91707d5c475410f3f906d58a8dc8fd,VALID,
2026-09-28,09:05:07,2026,9,KOMPRESOR,BENGKEL,40.0,online,,ujb_dashboard_scrape,579,87677bc5f46473baa396727780f287b0d545c28a,VALID,
2026-09-28,09:02:32,2026,9,HEAD_TRUCK,140,50.5,online,,ujb_dashboard_scrape,580,7199941595b9eb1c7453677f1260307ceee8ab74,VALID,
2026-09-28,09:00:03,2026,9,HEAD_TRUCK,155,85.75,online,,ujb_dashboard_scrape,581,1f5649a69bd8caa2c439f90f45ee67c707040cd4,VALID,
2026-09-28,08:56:56,2026,9,KEND_OPS,RANGGA 12,40.0,online,,ujb_dashboard_scrape,582,43ecda1fa30285f992bf4a7ee6d54a5219b6c872,VALID,
2026-09-28,08:55:30,2026,9,HEAD_TRUCK,137,66.8,online,,ujb_dashboard_scrape,583,43e51adbd28b0ac36a5ec753d5a382a730c15ca7,VALID,
2026-09-28,08:54:03,2026,9,HEAD_TRUCK,192,72.92,online,,ujb_dashboard_scrape,584,c0ddba980276ba909c11aab824f829cf80e08e8e,VALID,
2026-09-28,08:52:10,2026,9,HEAD_TRUCK,216,90.31,online,,ujb_dashboard_scrape,585,6b1ff3b11d2627abc1cb052501205ad520898158,VALID,
2026-09-28,08:50:00,2026,9,HEAD_TRUCK,153,67.82,online,,ujb_dashboard_scrape,586,a35af221cd5c221e21c69f137a15497ffcdaaac3,VALID,
2026-09-28,08:47:04,2026,9,HEAD_TRUCK,167,73.72,online,,ujb_dashboard_scrape,587,8c80f705be7b10271653ad1c44aa4461e0c4b730,VALID,
2026-09-28,08:44:11,2026,9,HEAD_TRUCK,161,74.55,online,,ujb_dashboard_scrape,588,28b90b79434e06be139bf5f4e268c403504a7ebd,VALID,
2026-09-28,08:42:32,2026,9,HEAD_TRUCK,156,91.92,online,,ujb_dashboard_scrape,589,58fc3b51bd1303cf836de2b622a75c836dceef0f,VALID,
2026-09-28,08:39:46,2026,9,HEAD_TRUCK,181,79.93,online,,ujb_dashboard_scrape,590,7d8065751739de52e7e550575adb99f31943025a,VALID,
2026-09-28,08:39:42,2026,9,HEAD_TRUCK,171,93.11,online,,ujb_dashboard_scrape,591,9d71ad0085d6f7e905a2179f641773b599f5102c,VALID,
2026-09-28,08:36:22,2026,9,HEAD_TRUCK,198,63.78,online,,ujb_dashboard_scrape,592,e4dbdd5041a51ae5148b83d8c06115e56ec15ca4,VALID,
2026-09-28,08:35:31,2026,9,PEMADAM,02,40.0,online,,ujb_dashboard_scrape,593,6029039b6755c0a2c1a69c1fa3790e2bc2c69261,VALID,
2026-09-28,08:33:26,2026,9,HEAD_TRUCK,185,74.37,online,,ujb_dashboard_scrape,594,841aaa1312cacb4e3f009c8c8168c39fb54c6403,VALID,
2026-09-28,08:32:33,2026,9,PEMADAM,PEMADAM,30.94,online,,ujb_dashboard_scrape,595,c152a480d7e431828acaea8abd85383987678805,VALID,
2026-09-28,08:29:47,2026,9,HEAD_TRUCK,203,69.05,online,,ujb_dashboard_scrape,596,89c9ab506b1cdbf5b663b4b2fbfd421eeaeb258b,VALID,
2026-09-28,08:28:42,2026,9,HEAD_TRUCK,136,70.55,online,,ujb_dashboard_scrape,597,8d41da646a77f3f8230a1b31b271124b4250615e,VALID,
2026-09-28,08:26:28,2026,9,ELF,03,35.0,online,,ujb_dashboard_scrape,598,f060640e3fe7c4e4b732ed340b11094dcfe9ce67,VALID,
2026-09-28,08:24:50,2026,9,HEAD_TRUCK,164,63.71,online,,ujb_dashboard_scrape,599,7b6d3d578d3a1bde67835f9551f6fc663b99f847,VALID,
2026-09-28,08:23:03,2026,9,HEAD_TRUCK,213,104.13,online,,ujb_dashboard_scrape,600,e0e2ced80f7c473b00b905315e29c40e21408a49,VALID,
2026-09-28,08:20:28,2026,9,HEAD_TRUCK,147,98.07,online,,ujb_dashboard_scrape,601,e55315e75735c806c751e4f16d0867a56cb9e1bd,VALID,
2026-09-28,08:18:00,2026,9,ELF,02,35.0,online,,ujb_dashboard_scrape,602,2ab5990145471ed3686105ee51a27028734398f2,VALID,
2026-09-28,08:17:10,2026,9,KEND_OPS,HILUX 03,40.0,online,,ujb_dashboard_scrape,603,550b226895fd850112c2fa73bfe153821eb82063,VALID,
2026-09-28,08:16:19,2026,9,ELF,01,33.94,online,,ujb_dashboard_scrape,604,d19b5f05e1b2bd02434e6e56c529300474c051a6,VALID,
2026-09-28,08:13:37,2026,9,HEAD_TRUCK,170,85.82,online,,ujb_dashboard_scrape,605,96738669db36d24af088296c7398c533ffd8acb2,VALID,
2026-09-28,08:12:36,2026,9,HEAD_TRUCK,177,108.11,online,,ujb_dashboard_scrape,606,885fa8dbdc24ff84caf9959421f1170b52fd0a4e,VALID,
2026-09-28,08:11:08,2026,9,BUS,01,45.69,online,,ujb_dashboard_scrape,607,d798094577fdd8d8eeb883de8d91a5b854fd434f,VALID,
2026-09-28,08:09:23,2026,9,HEAD_TRUCK,201,51.76,online,,ujb_dashboard_scrape,608,a0152393069ad643ef8ea0eb5b8f576d3a9c33ff,VALID,
2026-09-28,08:04:30,2026,9,HEAD_TRUCK,138,97.49,online,,ujb_dashboard_scrape,609,ff7f5820a1f6e44805b94572a72e3185f460cd57,VALID,
2026-09-28,08:03:36,2026,9,HEAD_TRUCK,208,71.38,online,,ujb_dashboard_scrape,610,78bcb7f60f5bc0d550076068ceee90e3dc87c13b,VALID,
2026-09-27,14:27:50,2026,9,KEND_OPS,RANGGA 04,28.18,online,,ujb_dashboard_scrape,526,9e201c187a36f28f606d6af58576cabcacaf5ce2,VALID,
2026-09-27,14:24:59,2026,9,HEAD_TRUCK,157,102.3,online,,ujb_dashboard_scrape,527,8238b9c42f36f300cd3249589f40da24ecc66d61,VALID,
2026-09-27,14:16:51,2026,9,HEAD_TRUCK,141,109.1,online,,ujb_dashboard_scrape,528,6b698c0d73889b2a5f367c9a80ec24a1380fbbee,VALID,
2026-09-27,14:14:09,2026,9,HEAD_TRUCK,202,90.87,online,,ujb_dashboard_scrape,529,691b5ab2fcdc336ab7aeac1b66e547bcdf292f13,VALID,
2026-09-27,14:11:54,2026,9,HEAD_TRUCK,162,150.67,online,,ujb_dashboard_scrape,530,7ccda781c2c4910ddbf2541def0143cbafbfbd1f,VALID,
2026-09-27,14:05:41,2026,9,HEAD_TRUCK,140,101.19,online,,ujb_dashboard_scrape,531,310daef202f5b6d995830b4f93aa1e785ba0711d,VALID,
2026-09-27,14:03:07,2026,9,HEAD_TRUCK,145,92.84,online,,ujb_dashboard_scrape,532,bde634194a02bcd33ec5744fdc4e3175ce8acabb,VALID,
2026-09-27,14:00:44,2026,9,HEAD_TRUCK,135,116.66,online,,ujb_dashboard_scrape,533,6a90c4e5067f72ec8fc9c9dc19015c56608ef046,VALID,
2026-09-27,13:57:31,2026,9,HEAD_TRUCK,150,97.91,online,,ujb_dashboard_scrape,534,7c0a89bcac54e360577e40e1b911d42dbbf252d1,VALID,
2026-09-27,13:49:42,2026,9,HEAD_TRUCK,132,106.96,online,,ujb_dashboard_scrape,535,249bb84b8d0493e1909a5e8ace13c90eed323887,VALID,
2026-09-27,13:44:56,2026,9,HEAD_TRUCK,211,110.44,online,,ujb_dashboard_scrape,536,e682b2b49a568c8bd44b8515667289f99536e597,VALID,
2026-09-27,13:40:36,2026,9,KEND_OPS,RANGGA 03,17.2,online,,ujb_dashboard_scrape,537,6006a8f922480f844841541f01dd2971b507ce47,VALID,
2026-09-27,13:34:08,2026,9,HEAD_TRUCK,199,81.0,online,,ujb_dashboard_scrape,538,001b1fc264b4ca566bdca335c02cf3421871a02b,VALID,
2026-09-27,13:30:33,2026,9,BUS,03,55.0,online,,ujb_dashboard_scrape,539,5149ac40b9918c0b3217005230302dda6c41aee1,VALID,
2026-09-27,13:22:06,2026,9,HEAD_TRUCK,197,102.86,online,,ujb_dashboard_scrape,540,fe5b1ba3e4ae7f33ae0e4e25d2c626ccd71fb883,VALID,
2026-09-27,13:16:51,2026,9,HEAD_TRUCK,205,95.3,online,,ujb_dashboard_scrape,541,f474a8f986e2ffcd1df86e6f58b8775d15d3f2c0,VALID,
2026-09-27,13:14:26,2026,9,HEAD_TRUCK,175,76.82,online,,ujb_dashboard_scrape,542,d3029a473e941483180edbe3d1e7aab387676066,VALID,
2026-09-27,13:12:17,2026,9,HEAD_TRUCK,165,95.28,online,,ujb_dashboard_scrape,543,6e386e3383ece6ac5fa816245945d1ed15de5473,VALID,
2026-09-27,13:09:48,2026,9,HEAD_TRUCK,128,116.48,online,,ujb_dashboard_scrape,544,5df12fc1b4aec1bcd9daba65d97fb4bf5a4b2dca,VALID,
2026-09-27,13:06:43,2026,9,HEAD_TRUCK,201,90.24,online,,ujb_dashboard_scrape,545,6d6d1136f4dd31720f6c7e0d11705b84d749abb3,VALID,
2026-09-27,13:04:02,2026,9,HEAD_TRUCK,195,123.84,online,,ujb_dashboard_scrape,546,12929bf2c9eeb29c0502349a39dcbd9c2bf50170,VALID,
2026-09-27,11:19:12,2026,9,HEAD_TRUCK,148,87.55,online,,ujb_dashboard_scrape,547,f4d858e7f78970bdc760ca9b42f1fe5302716790,VALID,
2026-09-27,11:17:05,2026,9,HEAD_TRUCK,142,86.07,online,,ujb_dashboard_scrape,548,f67ed6956980d23ba8252071972d0e4a449f9695,VALID,
2026-09-27,11:14:48,2026,9,HEAD_TRUCK,151,81.92,online,,ujb_dashboard_scrape,549,e61a2ae0cd267f1c82f4930aa79a7de5609f8fd4,VALID,
2026-09-27,11:11:40,2026,9,HEAD_TRUCK,161,80.04,online,,ujb_dashboard_scrape,550,c33edbe5b7610174283014a33938dea51d88ee83,VALID,
2026-09-27,11:09:04,2026,9,HEAD_TRUCK,214,85.15,online,,ujb_dashboard_scrape,551,0f56f81366c06c7cb3db8453b0cbd3a1fa47fed5,VALID,
2026-09-27,11:09:01,2026,9,HEAD_TRUCK,188,56.73,online,,ujb_dashboard_scrape,552,548eb06028b7c16f90a1cc3ccb345065b2a85888,VALID,
2026-09-27,11:06:28,2026,9,HEAD_TRUCK,169,107.47,online,,ujb_dashboard_scrape,553,2b446f645fa1a843c9e25e25c65e468de061e84d,VALID,
2026-09-27,11:04:11,2026,9,HEAD_TRUCK,203,98.85,online,,ujb_dashboard_scrape,554,aad75af589c344de56dc0cdd3aaf563e0a7686a7,VALID,
2026-09-27,11:03:14,2026,9,HEAD_TRUCK,143,103.37,online,,ujb_dashboard_scrape,555,c627e62f5e8422c4dbb81cec5ba8d2e122a8f5e3,VALID,
2026-09-27,11:01:35,2026,9,FORKLIFT,28,20.28,online,,ujb_dashboard_scrape,556,871f89db2816b34b87910454dc801048a0af4a46,VALID,
2026-09-27,10:59:40,2026,9,HEAD_TRUCK,149,98.51,online,,ujb_dashboard_scrape,557,b2c5baf746b1cf26e036eedd25949f8780eb4fe1,VALID,
2026-09-27,10:56:58,2026,9,HEAD_TRUCK,144,94.28,online,,ujb_dashboard_scrape,558,93b742fbec2a93bf01e14430e729bf50ee047c13,VALID,
2026-09-27,10:53:31,2026,9,HEAD_TRUCK,159,73.43,online,,ujb_dashboard_scrape,559,27a42ddd93b99df2ddc21553724a95284444d75e,VALID,
2026-09-27,10:51:32,2026,9,HEAD_TRUCK,212,120.48,online,,ujb_dashboard_scrape,560,48882af02adaeece7f9fafa7879d6a4a41a37bea,VALID,
2026-09-27,10:47:05,2026,9,HEAD_TRUCK,178,101.06,online,,ujb_dashboard_scrape,561,2416ec682d748de5e189bff3953674dcb8dcbab0,VALID,
2026-09-27,10:35:25,2026,9,HEAD_TRUCK,193,102.76,online,,ujb_dashboard_scrape,562,f5e1b1acb60285f6302fdd84f5b789da2b99c4c4,VALID,
2026-09-27,10:25:37,2026,9,HEAD_TRUCK,153,86.18,online,,ujb_dashboard_scrape,563,16239de51b6d29bf1dde1e0a3948fb45b67e8b6f,VALID,
2026-09-27,10:16:41,2026,9,HEAD_TRUCK,154,76.08,online,,ujb_dashboard_scrape,564,cb7db8c1c87c207522870b2a1db243fe73bc21a0,VALID,
2026-09-27,10:12:29,2026,9,HEAD_TRUCK,192,169.29,online,,ujb_dashboard_scrape,565,fce2254f03e6efcb70a61d3f2cc04799b1cc5d11,VALID,
2026-09-27,10:02:28,2026,9,HEAD_TRUCK,166,68.63,online,,ujb_dashboard_scrape,566,a78ed5f0a9434f402b5e1a805aa94d8449bcfcca,VALID,
2026-09-27,09:56:20,2026,9,HEAD_TRUCK,209,111.05,online,,ujb_dashboard_scrape,567,83c340ef4fe58097756af7a7a5ad3b0b6b7e602b,VALID,
2026-09-27,09:53:26,2026,9,HEAD_TRUCK,207,60.56,online,,ujb_dashboard_scrape,568,f4bf120f3b0cde849ea00ca5cab335356de8589c,VALID,
2026-09-27,09:51:28,2026,9,HEAD_TRUCK,133,125.24,online,,ujb_dashboard_scrape,569,c77cd1bd59cc00142cdac13b92f6aeadd89ea44e,VALID,
2026-09-27,09:48:25,2026,9,BUS,02,50.43,online,,ujb_dashboard_scrape,570,86a4d976857cf2735b17f605cf5b61676dffc9f1,VALID,
2026-09-27,09:44:22,2026,9,HEAD_TRUCK,208,75.22,online,,ujb_dashboard_scrape,571,f2e14d6aab769998dd84968ad6f74ada862b90f6,VALID,
2026-09-27,09:42:04,2026,9,KEND_OPS,RANGGA 11,39.92,online,,ujb_dashboard_scrape,572,ff51c09c236011831a9e50a432339f247e8a68ae,VALID,
2026-09-27,09:40:05,2026,9,HEAD_TRUCK,156,100.6,online,,ujb_dashboard_scrape,573,75a1d3e54bcd259487a9fb68eabee04432e0a391,VALID,
2026-09-27,09:36:50,2026,9,HEAD_TRUCK,196,105.91,online,,ujb_dashboard_scrape,574,3e5debba9aeeb748560ef119bceee410da6d78b6,VALID,
2026-09-27,09:34:18,2026,9,HEAD_TRUCK,147,101.06,online,,ujb_dashboard_scrape,575,3847f65d2e0e2233a770824097650c645a52399a,VALID,
2026-09-27,09:31:54,2026,9,HEAD_TRUCK,210,69.57,online,,ujb_dashboard_scrape,576,68ae74e6040c0939526311b1a7aa65b6433c1792,VALID,
2026-09-27,09:29:52,2026,9,HEAD_TRUCK,182,83.28,online,,ujb_dashboard_scrape,577,43646418cd615cb9d62cec1a0b797af753817b01,VALID,
2026-09-27,09:27:32,2026,9,HEAD_TRUCK,206,83.84,online,,ujb_dashboard_scrape,578,ade4744eed006c21e8e0d6b4dc74dfc68d857b48,VALID,
2026-09-27,09:24:54,2026,9,HEAD_TRUCK,134,92.33,online,,ujb_dashboard_scrape,579,6cf9b6486d32a434db0754643523d32aab735c29,VALID,
2026-09-27,09:22:18,2026,9,HEAD_TRUCK,155,100.91,online,,ujb_dashboard_scrape,580,5ea65a96be13e6c431eed36665e768a656300164,VALID,
2026-09-27,09:19:45,2026,9,HEAD_TRUCK,174,79.22,online,,ujb_dashboard_scrape,581,32399ab143b610c37b4d575f72ed57cbea8ddde8,VALID,
2026-09-27,09:17:28,2026,9,HEAD_TRUCK,213,102.45,online,,ujb_dashboard_scrape,582,9a0941268c1e36b457b2276233356fc41d0f7fc0,VALID,
2026-09-27,09:15:12,2026,9,HEAD_TRUCK,172,189.36,online,,ujb_dashboard_scrape,583,29d6b8cefca3c2196d2b651b6dc6ec101f5b7c75,VALID,
2026-09-27,09:11:29,2026,9,HEAD_TRUCK,158,102.19,online,,ujb_dashboard_scrape,584,606d305da9da027cad84359608837b7b0ea1ae04,VALID,
2026-09-27,09:09:01,2026,9,HEAD_TRUCK,168,78.0,online,,ujb_dashboard_scrape,585,ce503807e2a03fda4a5df2c64ea3d6f6f97c97c2,VALID,
2026-09-27,09:06:22,2026,9,HEAD_TRUCK,170,94.59,online,,ujb_dashboard_scrape,586,2cf06322e799487edbc4274e2b2cc5aed501b069,VALID,
2026-09-27,09:03:43,2026,9,HEAD_TRUCK,194,74.15,online,,ujb_dashboard_scrape,587,14b3bffdf31eab387239944ff60553a2ec6f31b8,VALID,
2026-09-27,09:01:39,2026,9,HEAD_TRUCK,152,88.73,online,,ujb_dashboard_scrape,588,8b88ae1b4e4afb83637495988ed54bf3138a6808,VALID,
2026-09-27,08:59:12,2026,9,HEAD_TRUCK,191,84.24,online,,ujb_dashboard_scrape,589,9e2278258fedf4f90048e370a715cf17419b9849,VALID,
2026-09-27,08:56:47,2026,9,HEAD_TRUCK,137,98.94,online,,ujb_dashboard_scrape,590,51a613f58ed6c7c094985e0756c9216fb6b533f3,VALID,
2026-09-27,08:54:04,2026,9,HEAD_TRUCK,215,100.48,online,,ujb_dashboard_scrape,591,a151859890d052633fbc4978b034db9c22d11cec,VALID,
2026-09-27,08:51:46,2026,9,HEAD_TRUCK,183,92.32,online,,ujb_dashboard_scrape,592,78e82decc105fdc767a1bbfe0de1fbc437d7f005,VALID,
2026-09-27,08:49:46,2026,9,HEAD_TRUCK,136,70.25,online,,ujb_dashboard_scrape,593,5b226fcb29a2595cd13819a97aa856eab5572c61,VALID,
2026-09-27,08:47:49,2026,9,HEAD_TRUCK,164,77.22,online,,ujb_dashboard_scrape,594,57cd6c464c3d6b6fcc0eb3fa3345a11273f8efff,VALID,
2026-09-27,08:45:02,2026,9,ELF,03,35.0,online,,ujb_dashboard_scrape,595,f04ae7f3ad4dc580a218d2286b625c55085530bb,VALID,
2026-09-27,08:43:23,2026,9,HEAD_TRUCK,185,82.15,online,,ujb_dashboard_scrape,596,fa95e0df25e187a63c9eced7cd4ebe67bba90400,VALID,
2026-09-27,08:39:02,2026,9,HEAD_TRUCK,204,71.06,online,,ujb_dashboard_scrape,597,0f7925449968c05288d0f2de24d88764cc9f3989,VALID,
2026-09-27,08:36:34,2026,9,HEAD_TRUCK,181,86.65,online,,ujb_dashboard_scrape,598,bdfabb9cab9ac51303d3cbbe42d0f5279b2320eb,VALID,
2026-09-27,08:33:41,2026,9,HEAD_TRUCK,216,94.08,online,,ujb_dashboard_scrape,599,48c2d04fe85834cb4ac822ffd3124dd779daccd5,VALID,
2026-09-27,08:31:06,2026,9,ELF,02,35.0,online,,ujb_dashboard_scrape,600,3443b35bc0965602925f206431bb88dc27403845,VALID,
2026-09-27,08:29:04,2026,9,HEAD_TRUCK,167,90.72,online,,ujb_dashboard_scrape,601,b4f56c580438b6ba9704dfa69c25d6692eb99705,VALID,
2026-09-27,08:26:11,2026,9,ELF,01,28.82,online,,ujb_dashboard_scrape,602,80fc9342eec416905779ed79d08eca41b4e6a20a,VALID,
2026-09-27,08:23:18,2026,9,HEAD_TRUCK,138,74.59,online,,ujb_dashboard_scrape,603,e4bee59f98b2cda06ef99b71d9aa92c47f360a4b,VALID,
2026-09-27,08:21:42,2026,9,HEAD_TRUCK,198,90.73,online,,ujb_dashboard_scrape,604,4007f969a3eb6ddd91d434a19a3b1e5e94d38a10,VALID,
2026-09-27,08:21:03,2026,9,BUS,01,40.15,online,,ujb_dashboard_scrape,605,c5d15cfc188c5ed72c8cf8eb65fbb66ef92b7eb2,VALID,
2026-09-27,08:18:53,2026,9,HEAD_TRUCK,186,76.71,online,,ujb_dashboard_scrape,606,484b1418e8450484cf2fdf09aa84bd74f0762308,VALID,
2026-09-27,08:16:29,2026,9,HEAD_TRUCK,180,124.38,online,,ujb_dashboard_scrape,607,e89a85d682f3b1924727d28eee59615a38fa76b3,VALID,
2026-09-27,08:16:18,2026,9,HEAD_TRUCK,171,189.57,online,,ujb_dashboard_scrape,608,56e212e6129e9371f41d5c08bfdcc6d81487dffc,VALID,
2026-09-26,14:01:21,2026,9,BUS,03,54.86,online,,ujb_dashboard_scrape,522,282983761d9f97740f865f2b3ecf4204b51f7ba6,VALID,
2026-09-26,13:14:41,2026,9,BUS,02,55.0,online,,ujb_dashboard_scrape,523,1f75d3b36d7e2e47cf865363054f3f4b03a36d0b,VALID,
2026-09-26,13:08:04,2026,9,HEAD_TRUCK,161,99.32,online,,ujb_dashboard_scrape,524,79c75a2a6190595410155600c0c494990f3588fe,VALID,
2026-09-26,11:18:47,2026,9,HEAD_TRUCK,157,73.9,online,,ujb_dashboard_scrape,525,0c9246b96a6d9a177c3c9a644473aae834ed3f81,VALID,
2026-09-26,11:11:26,2026,9,HEAD_TRUCK,145,14.45,online,,ujb_dashboard_scrape,526,b04366582360d2542ea6087c0188af36b3395ef1,VALID,
2026-09-26,11:07:50,2026,9,HEAD_TRUCK,211,67.25,online,,ujb_dashboard_scrape,527,9811a8084052c45fbe2c131267bc6d8a1dae5c9e,VALID,
2026-09-26,11:05:34,2026,9,HEAD_TRUCK,165,19.86,online,,ujb_dashboard_scrape,528,a08fe01af0a5192a7e217251b3c9824bf256ba92,VALID,
2026-09-26,11:01:28,2026,9,HEAD_TRUCK,193,91.87,online,,ujb_dashboard_scrape,529,9a5553263bbb26f69594e0ff65f91cee38555060,VALID,
2026-09-26,10:58:36,2026,9,HEAD_TRUCK,181,94.12,online,,ujb_dashboard_scrape,530,f54b2176114fbcb673a22c80342c2c1d7b7aab15,VALID,
2026-09-26,10:53:59,2026,9,HEAD_TRUCK,191,92.26,online,,ujb_dashboard_scrape,531,e24e47c7eef671cabae3b01c9fef538fe698b671,VALID,
2026-09-26,10:51:32,2026,9,HEAD_TRUCK,202,75.43,online,,ujb_dashboard_scrape,532,b4c41fbbbcec8931c7ceed4c9eab8457db48be95,VALID,
2026-09-26,10:45:44,2026,9,KEND_OPS,RANGGA 01,28.8,online,,ujb_dashboard_scrape,533,7060972bfeb449607c41198b708ed465f98f7888,VALID,
2026-09-26,10:43:26,2026,9,HEAD_TRUCK,201,75.7,online,,ujb_dashboard_scrape,534,21a55d1a57ae3c3596034d5cd68f812650eea56b,VALID,
2026-09-26,10:41:27,2026,9,HEAD_TRUCK,163,42.66,online,,ujb_dashboard_scrape,535,bdcb73b6b75e7b20d785daf912a06fa6fb3d1f56,VALID,
2026-09-26,10:38:45,2026,9,HEAD_TRUCK,169,87.84,online,,ujb_dashboard_scrape,536,174509f2aec69357b07383a43aa7c94b734bd599,VALID,
2026-09-26,10:36:06,2026,9,HEAD_TRUCK,147,79.5,online,,ujb_dashboard_scrape,537,e362861d460a2f3a75e39daafcc9f735483651c0,VALID,
2026-09-26,10:22:27,2026,9,KEND_OPS,B 9786 BAZ,27.67,online,,ujb_dashboard_scrape,538,101ab74f54068d6528820b725beca6d44dfb8084,VALID,
2026-09-26,10:20:55,2026,9,HEAD_TRUCK,143,82.68,online,,ujb_dashboard_scrape,539,ce2a17344220a5bf491b90f4769dd4abba2eb772,VALID,
2026-09-26,10:18:29,2026,9,BUS,01,53.64,online,,ujb_dashboard_scrape,540,4c2da49151f59140073e94846398e7821931e49e,VALID,
2026-09-26,10:16:12,2026,9,HEAD_TRUCK,179,81.76,online,,ujb_dashboard_scrape,541,1a675ccd662dcc428f4cabccd02a491096d537d5,VALID,
2026-09-26,10:14:15,2026,9,KEND_OPS,RANGGA 02,29.05,online,,ujb_dashboard_scrape,542,14bec175307132e3fc698f398732a50263e2d5a2,VALID,
2026-09-26,10:09:51,2026,9,HEAD_TRUCK,149,71.59,online,,ujb_dashboard_scrape,543,6308ed797e71da4f5441f3e74309e5fbd415d735,VALID,
2026-09-26,10:08:12,2026,9,HEAD_TRUCK,199,70.27,online,,ujb_dashboard_scrape,544,85871c2b28f95dd50ab486a759fcf366d1e29a4f,VALID,
2026-09-26,10:06:11,2026,9,HEAD_TRUCK,188,61.76,online,,ujb_dashboard_scrape,545,4e8f5217cbd61f314e620eac645d956274b6eed0,VALID,
2026-09-26,10:03:55,2026,9,HEAD_TRUCK,214,81.4,online,,ujb_dashboard_scrape,546,c7e11917a80293d95090db20c8a329b8610d0bf8,VALID,
2026-09-26,10:00:29,2026,9,HEAD_TRUCK,134,76.54,online,,ujb_dashboard_scrape,547,37fef969b31fca62b0efc9801bfb249614d838a4,VALID,
2026-09-26,09:52:47,2026,9,HEAD_TRUCK,159,72.55,online,,ujb_dashboard_scrape,548,4ba9864bdd38c2874d26a93ac892ad6938e87516,VALID,
2026-09-26,09:50:27,2026,9,HEAD_TRUCK,142,59.49,online,,ujb_dashboard_scrape,549,303480e5a84bcd6db74a49edfb87fa1d6cd9c160,VALID,
2026-09-26,09:47:01,2026,9,HEAD_TRUCK,203,83.27,online,,ujb_dashboard_scrape,550,c46b891157453cb7b8b51015b90bb22dd3332398,VALID,
2026-09-26,09:42:47,2026,9,HEAD_TRUCK,175,62.74,online,,ujb_dashboard_scrape,551,27c8ee75f80de58d212a321aa352da6355a7b5ac,VALID,
2026-09-26,09:40:34,2026,9,HEAD_TRUCK,144,90.98,online,,ujb_dashboard_scrape,552,b141508590063ea563faee56cf7433c262f6ea72,VALID,
2026-09-26,09:37:17,2026,9,HEAD_TRUCK,208,61.52,online,,ujb_dashboard_scrape,553,a627d48d271cce0d930cf9cf5eaca3d322f9c9b7,VALID,
2026-09-26,09:35:03,2026,9,HEAD_TRUCK,171,52.72,online,,ujb_dashboard_scrape,554,130eb5c559e697efa0e47ee55086c6279edb6a2b,VALID,
2026-09-26,09:34:34,2026,9,HEAD_TRUCK,156,98.72,online,,ujb_dashboard_scrape,555,7ae106ed5ce4fc603db9b4a0ff2a7bb2914cbdcf,VALID,
2026-09-26,09:32:09,2026,9,HEAD_TRUCK,138,76.85,online,,ujb_dashboard_scrape,556,2e99ba9d3bf278957837f1879b20c3e785253fe7,VALID,
2026-09-26,09:31:08,2026,9,HEAD_TRUCK,155,87.16,online,,ujb_dashboard_scrape,557,26c1ef11f585e929747b1836c0bbf6c0e4d825aa,VALID,
2026-09-26,09:28:41,2026,9,HEAD_TRUCK,206,90.24,online,,ujb_dashboard_scrape,558,7f3d71faf6e28d441679a220cbdc3711aefb1040,VALID,
2026-09-26,09:26:36,2026,9,HEAD_TRUCK,154,91.73,online,,ujb_dashboard_scrape,559,a959f571ffa781c7bb80b5a98cd693dd8bbdf837,VALID,
2026-09-26,09:26:22,2026,9,KEND_OPS,RANGGA 04,38.65,online,,ujb_dashboard_scrape,560,556128959b2169a654c287b30bd051c66518ddad,VALID,
2026-09-26,09:23:30,2026,9,HEAD_TRUCK,133,67.02,online,,ujb_dashboard_scrape,561,0512aa193cedb7a31baa5ef1999fd645ed0f8255,VALID,
2026-09-26,09:22:55,2026,9,HEAD_TRUCK,166,88.06,online,,ujb_dashboard_scrape,562,100e62924ed700fa86c227e4b15e47c703d60b00,VALID,
2026-09-26,09:20:58,2026,9,HEAD_TRUCK,164,92.74,online,,ujb_dashboard_scrape,563,ff1e608569c4775b62066702062680a1ae016648,VALID,
2026-09-26,09:18:47,2026,9,HEAD_TRUCK,209,90.44,online,,ujb_dashboard_scrape,564,3a723c1242705ce54ecd0e3546ec271e21b07086,VALID,
2026-09-26,09:16:41,2026,9,HEAD_TRUCK,158,100.15,online,,ujb_dashboard_scrape,565,549d12ff71994f7a90ab68006503861791c9a5c9,VALID,
2026-09-26,09:15:54,2026,9,KEND_OPS,RANGGA 05,39.9,online,,ujb_dashboard_scrape,566,580ebc1a8d90b1b1bdb86cdc0c65f62e9abf2f7d,VALID,
2026-09-26,09:13:48,2026,9,HEAD_TRUCK,139,74.97,online,,ujb_dashboard_scrape,567,d2ae5af50fe844b83fca8860eb1efb436bea14b5,VALID,
2026-09-26,09:13:26,2026,9,HEAD_TRUCK,194,73.9,online,,ujb_dashboard_scrape,568,4a85c027fbe9504aefaab70c8fcc6817e4af0e7c,VALID,
2026-09-26,09:11:37,2026,9,HEAD_TRUCK,210,90.16,online,,ujb_dashboard_scrape,569,68bd646d639e9a0757d2ce36b36886d56947b9f7,VALID,
2026-09-26,09:11:02,2026,9,KEND_OPS,RANGGA 13,39.74,online,,ujb_dashboard_scrape,570,a3f43e790455091f1d18fba9cdbb74fcc3795556,VALID,
2026-09-26,09:07:25,2026,9,HEAD_TRUCK,137,103.87,online,,ujb_dashboard_scrape,571,66f744a6cbf6f57c9889c6c7773773f86a266819,VALID,
2026-09-26,09:05:25,2026,9,HEAD_TRUCK,136,71.34,online,,ujb_dashboard_scrape,572,327bb7d0d0cf1227440a0bb03d7345f7911b104c,VALID,
2026-09-26,09:02:42,2026,9,HEAD_TRUCK,148,95.87,online,,ujb_dashboard_scrape,573,9fd529bdcfe571a303f2e9aa291711d4e675eceb,VALID,
2026-09-26,09:00:22,2026,9,HEAD_TRUCK,15,73.28,online,,ujb_dashboard_scrape,574,3a4caf05eadc84c223ddf8a50b7fca0b36e15103,VALID,
2026-09-26,09:00:06,2026,9,HEAD_TRUCK,215,103.14,online,,ujb_dashboard_scrape,575,42a1bd8665c80d34a3707a23de93d1ecd8455206,VALID,
2026-09-26,08:55:39,2026,9,HEAD_TRUCK,204,97.95,online,,ujb_dashboard_scrape,576,eee327e710aed78339be7b2fe3df3c97b008af52,VALID,
2026-09-26,08:54:47,2026,9,HEAD_TRUCK,195,89.31,online,,ujb_dashboard_scrape,577,bbb54f2ebaf2387f5dd8bbeff11b4312b22597c8,VALID,
2026-09-26,08:53:15,2026,9,HEAD_TRUCK,128,89.82,online,,ujb_dashboard_scrape,578,c68ee4c70478327b0b0c0c758352dd0bb378b860,VALID,
2026-09-26,08:51:24,2026,9,HEAD_TRUCK,128,3.23,online,,ujb_dashboard_scrape,579,4e256bebe4fb6a68a5ba64a77a90dc5679cba287,VALID,
2026-09-26,08:51:00,2026,9,HEAD_TRUCK,174,69.62,online,,ujb_dashboard_scrape,580,523f691f93827dab94a05ba7d4f930bcea6a678e,VALID,
2026-09-26,08:49:54,2026,9,HEAD_TRUCK,153,76.72,online,,ujb_dashboard_scrape,581,a83b8440a030cab650f9350c2451d3425541f83b,VALID,
2026-09-26,08:49:19,2026,9,HEAD_TRUCK,197,75.21,online,,ujb_dashboard_scrape,582,b9a7a87b0decbb016efb499739effc34166b4262,VALID,
2026-09-26,08:47:12,2026,9,HEAD_TRUCK,140,86.27,online,,ujb_dashboard_scrape,583,c06694e4b4f4608a32414b9b721c7b11723adc42,VALID,
2026-09-26,08:46:07,2026,9,FORKLIFT,28,18.07,online,,ujb_dashboard_scrape,584,420303e0d5c7ec2338103606ba510e9e6d0b1bce,VALID,
2026-09-26,08:44:35,2026,9,HEAD_TRUCK,152,89.09,online,,ujb_dashboard_scrape,585,9d4590f31e33bbfc46959339505d533a976d9f39,VALID,
2026-09-26,08:44:30,2026,9,HEAD_TRUCK,186,85.26,online,,ujb_dashboard_scrape,586,9a91469dbae368ef2de090e81b791e88b66f1e58,VALID,
2026-09-26,08:41:44,2026,9,HEAD_TRUCK,151,71.8,online,,ujb_dashboard_scrape,587,f3c331015a9ed8a458a6214845217fbbb7ac620e,VALID,
2026-09-26,08:41:19,2026,9,HEAD_TRUCK,196,80.78,online,,ujb_dashboard_scrape,588,9e3d9f0ee0a4256ad06be11bfe11001de1863dc0,VALID,
2026-09-26,08:38:17,2026,9,HEAD_TRUCK,170,87.57,online,,ujb_dashboard_scrape,589,8bcb89f7924b8cbeec5cba586c98753e03e5739c,VALID,
2026-09-26,08:36:27,2026,9,HEAD_TRUCK,198,77.28,online,,ujb_dashboard_scrape,590,718e1a2ee007c2aa0745d2339f01c87554f5b4a5,VALID,
2026-09-26,08:35:24,2026,9,ELF,03,35.0,online,,ujb_dashboard_scrape,591,e49d172223d52a3095a8cdfb6d45479855c9c171,VALID,
2026-09-26,08:34:20,2026,9,HEAD_TRUCK,177,27.11,online,,ujb_dashboard_scrape,592,b40f962558148f1bf2ed76dd70a15d6c3f2ab9b3,VALID,
2026-09-26,08:32:24,2026,9,HEAD_TRUCK,183,75.46,online,,ujb_dashboard_scrape,593,646bf528bf5631c6750943a6155144e48bff0ec0,VALID,
2026-09-26,08:32:04,2026,9,HEAD_TRUCK,205,90.89,online,,ujb_dashboard_scrape,594,4210d32bba28783bbc2b29ac33aa1af833b05020,VALID,
2026-09-26,08:29:52,2026,9,HEAD_TRUCK,182,78.52,online,,ujb_dashboard_scrape,595,f95541a5e624ac9ca15d01ab6b2391aba0e7aadd,VALID,
2026-09-26,08:29:10,2026,9,ELF,02,35.0,online,,ujb_dashboard_scrape,596,bbd9309cb36d94dcad7b4242903402249a96f032,VALID,
2026-09-26,08:26:59,2026,9,HEAD_TRUCK,135,64.5,online,,ujb_dashboard_scrape,597,8796279e34aa00a52f85ea547254c2b83ec7b3c8,VALID,
2026-09-26,08:25:42,2026,9,HEAD_TRUCK,207,68.66,online,,ujb_dashboard_scrape,598,20e4ed1305e9f9d194b857fa97e342908b93f02c,VALID,
2026-09-26,08:23:56,2026,9,HEAD_TRUCK,178,81.0,online,,ujb_dashboard_scrape,599,b36175dbb8a3c82b97acc4bdc35780d49f5e6cc3,VALID,
2026-09-26,08:23:02,2026,9,HEAD_TRUCK,216,93.5,online,,ujb_dashboard_scrape,600,6997b1b2d15c2bcaf1f0b91885d7f9e2e325c238,VALID,
2026-09-26,08:20:03,2026,9,HEAD_TRUCK,192,84.71,online,,ujb_dashboard_scrape,601,657af1d808ad6e9e3011e7a722cb90a81815bb13,VALID,
2026-09-26,08:19:16,2026,9,ELF,01,35.0,online,,ujb_dashboard_scrape,602,c03339481a72c9b430757da168ec178af38cd38c,VALID,
2026-09-26,08:17:08,2026,9,HEAD_TRUCK,212,82.87,online,,ujb_dashboard_scrape,603,fb9ec8772391b6f9fa3761b44451936c44f4b3af,VALID,
2026-09-26,08:16:10,2026,9,HEAD_TRUCK,141,88.56,online,,ujb_dashboard_scrape,604,b4d1dc9883c7da2775619e0274bfff3abb71ac4e,VALID,
2026-09-26,08:13:47,2026,9,HEAD_TRUCK,150,96.9,online,,ujb_dashboard_scrape,605,cdc4af361b6b899402f4b3f4d8e01142d543cfe6,VALID,
2026-09-26,08:12:18,2026,9,HEAD_TRUCK,132,82.73,online,,ujb_dashboard_scrape,606,82c1d6777833473af085918868f0a63adce1c865,VALID,
2026-09-26,08:09:57,2026,9,HEAD_TRUCK,213,73.64,online,,ujb_dashboard_scrape,607,609cb410a81c066be299af2df0e7d99627ae0c5d,VALID,
2026-09-26,08:09:35,2026,9,HEAD_TRUCK,168,99.36,online,,ujb_dashboard_scrape,608,9002a6294712ee76dc5ec530c848706caee0c826,VALID,
2026-09-26,08:06:37,2026,9,HEAD_TRUCK,167,94.43,online,,ujb_dashboard_scrape,609,e61cf01fd68de146296807038e1a3234bf7df76d,VALID,
2026-09-25,14:37:42,2026,9,HEAD_TRUCK,169,106.15,online,,ujb_dashboard_scrape,523,61ea11a141b593111965692538e25d4ef18b0968,VALID,
2026-09-25,14:29:06,2026,9,BUS,03,55.0,online,,ujb_dashboard_scrape,524,0bc5a1408dcfb6580e3b415d855568803b92a11b,VALID,
2026-09-25,14:21:11,2026,9,KEND_OPS,TRAGA,38.07,online,,ujb_dashboard_scrape,525,f4288a99f8a36c81dc0b503aa48c7e6e52bbf5f3,VALID,
2026-09-25,14:18:38,2026,9,HEAD_TRUCK,135,104.17,online,,ujb_dashboard_scrape,526,0031f46a86c50e136440381672fa79f2c4e4e6bc,VALID,
2026-09-25,14:15:23,2026,9,HEAD_TRUCK,151,113.67,online,,ujb_dashboard_scrape,527,1f8c8b2fba28a3d8cb06ea778ee1dc9995439a19,VALID,
2026-09-25,14:12:28,2026,9,KEND_OPS,HILUX 02,40.0,online,,ujb_dashboard_scrape,528,ab9e67bd9383774ead80ac8b427cf4b0ac8d308e,VALID,
2026-09-25,14:05:34,2026,9,FORKLIFT,30,19.66,online,,ujb_dashboard_scrape,529,1eb70d5199dc8af48edd6da1b2ad162517f03cda,VALID,
2026-09-25,13:55:18,2026,9,HEAD_TRUCK,162,75.16,online,,ujb_dashboard_scrape,530,6e09885d051905614629565e8aa20c5e6ef84597,VALID,
2026-09-25,13:30:34,2026,9,HEAD_TRUCK,161,88.49,online,,ujb_dashboard_scrape,531,fa8730c39dd2a3b1079981ef2e55662ffbd57fe8,VALID,
2026-09-25,13:28:28,2026,9,BUS,02,55.0,online,,ujb_dashboard_scrape,532,9fa0516312833359dbbd0dcfadd9f7af5104a28f,VALID,
2026-09-25,13:21:08,2026,9,BUS,01,50.33,online,,ujb_dashboard_scrape,533,481946f58cd55a6bc9e39ee668def68b57fa1cfc,VALID,
2026-09-25,11:10:13,2026,9,HEAD_TRUCK,193,101.34,online,,ujb_dashboard_scrape,534,754ee88dac86e6ec78f72e61be9e1782fc272d3e,VALID,
2026-09-25,10:55:52,2026,9,HEAD_TRUCK,181,104.53,online,,ujb_dashboard_scrape,535,fca0c380aae686c5108c8ec121ba06c5bbe63206,VALID,
2026-09-25,10:53:54,2026,9,HEAD_TRUCK,134,95.71,online,,ujb_dashboard_scrape,536,2246d0cc6363d69746b6667c3e291b3183da39fe,VALID,
2026-09-25,10:51:11,2026,9,HEAD_TRUCK,164,57.28,online,,ujb_dashboard_scrape,537,83220fff9a785811e9e58a23ec4b72f889bbb1c2,VALID,
2026-09-25,10:48:55,2026,9,HEAD_TRUCK,136,70.9,online,,ujb_dashboard_scrape,538,ec8a0a85666ad91647608d3cb455a2473d9f030b,VALID,
2026-09-25,10:46:36,2026,9,HEAD_TRUCK,157,86.21,online,,ujb_dashboard_scrape,539,03b156178de86f0de570b11298ccc538beb55f98,VALID,
2026-09-25,10:43:51,2026,9,HEAD_TRUCK,213,88.7,online,,ujb_dashboard_scrape,540,c62a9dacdd6fa1fda173de3860a0a0b00a31fad6,VALID,
2026-09-25,10:42:49,2026,9,HEAD_TRUCK,192,9.13,online,,ujb_dashboard_scrape,541,6ee2b5347aef6f5be890e905ca15adc9a6b7a2d2,VALID,
2026-09-25,10:40:54,2026,9,HEAD_TRUCK,149,84.11,online,,ujb_dashboard_scrape,542,ab493b0c15eb1ad9ce0283a7b883077ae43072ac,VALID,
2026-09-25,10:40:08,2026,9,HEAD_TRUCK,177,96.87,online,,ujb_dashboard_scrape,543,c4f6cdf084e00ca11b61fedbd9561b833d438847,VALID,
2026-09-25,10:37:03,2026,9,HEAD_TRUCK,158,96.62,online,,ujb_dashboard_scrape,544,70cce185226e61e71d54f015a848122533e4ecfe,VALID,
2026-09-25,10:36:39,2026,9,KEND_OPS,RANGGA 06,38.8,online,,ujb_dashboard_scrape,545,a5ee8f09a03df6b2ca304acc516371525e3dffc2,VALID,
2026-09-25,10:34:12,2026,9,HEAD_TRUCK,143,104.26,online,,ujb_dashboard_scrape,546,2c68951667e0553761f701e37d7757bd4764c5d1,VALID,
2026-09-25,10:31:56,2026,9,HEAD_TRUCK,179,93.53,online,,ujb_dashboard_scrape,547,5a497a289e5eeb1b02ae83f917fbb955b59baad4,VALID,
2026-09-25,10:30:50,2026,9,HEAD_TRUCK,150,103.93,online,,ujb_dashboard_scrape,548,393b0ce5c0f82d7d1a1b6184b98e5eccd6ffc8c0,VALID,
2026-09-25,10:23:32,2026,9,HEAD_TRUCK,199,69.83,online,,ujb_dashboard_scrape,549,43d94aba08cccc98cca02c671975a4c78aa9bd6b,VALID,
2026-09-25,10:20:32,2026,9,HEAD_TRUCK,182,88.88,online,,ujb_dashboard_scrape,550,7d90568bf90da962d31b27a2aff885f52fdee93f,VALID,
2026-09-25,10:20:26,2026,9,HEAD_TRUCK,206,110.47,online,,ujb_dashboard_scrape,551,b7e533964f69d42b8ae5cd54c7168abe5b459b21,VALID,
2026-09-25,10:15:20,2026,9,HEAD_TRUCK,202,80.8,online,,ujb_dashboard_scrape,552,73b377a7fa4630fe49eee179e377b2dad8a78fb5,VALID,
2026-09-25,10:10:37,2026,9,HEAD_TRUCK,174,74.42,online,,ujb_dashboard_scrape,553,7e1feed0d02110983fb3a6ec687eb3140bccb94d,VALID,
2026-09-25,10:10:18,2026,9,HEAD_TRUCK,138,114.31,online,,ujb_dashboard_scrape,554,9b0e075446d9c5c9ec89cd41c956908ab9087cfc,VALID,
2026-09-25,10:06:25,2026,9,HEAD_TRUCK,198,80.89,online,,ujb_dashboard_scrape,555,99f9f574392368c754346600ed7b92d302073b64,VALID,
2026-09-25,10:06:17,2026,9,HEAD_TRUCK,142,107.08,online,,ujb_dashboard_scrape,556,2af7374cc840fad0f4a1dd728f645c40f621b3ad,VALID,
2026-09-25,10:02:40,2026,9,HEAD_TRUCK,196,85.97,online,,ujb_dashboard_scrape,557,6d947ca11394c35b5575954656014fdfa84976ba,VALID,
2026-09-25,09:59:49,2026,9,HEAD_TRUCK,165,87.25,online,,ujb_dashboard_scrape,558,4ed2d02d066970f812254929c1d2fc894922d4b3,VALID,
2026-09-25,09:51:26,2026,9,HEAD_TRUCK,216,75.52,online,,ujb_dashboard_scrape,559,3d1a0a66d8459eb1009b4d7ce80f9fb64bb5f678,VALID,
2026-09-25,09:49:11,2026,9,HEAD_TRUCK,216,19.9,online,,ujb_dashboard_scrape,560,179ce00de4f608af4698830301adb742c50e4c26,VALID,
2026-09-25,09:48:09,2026,9,HEAD_TRUCK,204,64.26,online,,ujb_dashboard_scrape,561,5fb1e41213d778bdad1fd4bd455f22221d8d560d,VALID,
2026-09-25,09:46:25,2026,9,HEAD_TRUCK,208,69.35,online,,ujb_dashboard_scrape,562,5005b9912dcb25bec48ce3521940e27ec0719214,VALID,
2026-09-25,09:44:23,2026,9,HEAD_TRUCK,155,107.74,online,,ujb_dashboard_scrape,563,b5129f0f2cb35263423df2d75f456d375d7e37a0,VALID,
2026-09-25,09:36:51,2026,9,HEAD_TRUCK,205,65.55,online,,ujb_dashboard_scrape,564,68e80fddf5b42ffe5ca7e636a899c8259d8d69f1,VALID,
2026-09-25,09:36:18,2026,9,HEAD_TRUCK,201,88.25,online,,ujb_dashboard_scrape,565,75d3c07dcf96556a1e98094bb36d6041c9fad4ef,VALID,
2026-09-25,09:35:01,2026,9,HEAD_TRUCK,214,98.19,online,,ujb_dashboard_scrape,566,d18f54be9b7f2cd9ab31b506b09fb4d335e13a60,VALID,
2026-09-25,09:27:49,2026,9,HEAD_TRUCK,212,84.41,online,,ujb_dashboard_scrape,567,447d2946c0cd34491c650732c8a4ab86b3343177,VALID,
2026-09-25,09:26:05,2026,9,HEAD_TRUCK,148,70.54,online,,ujb_dashboard_scrape,568,6772e1548330f0ad0f442410b44073f0b00b30c2,VALID,
2026-09-25,09:24:22,2026,9,HEAD_TRUCK,137,71.37,online,,ujb_dashboard_scrape,569,bd7bbfd3d24e938e47dde4d702847efc0a3d28c7,VALID,
2026-09-25,09:21:55,2026,9,HEAD_TRUCK,128,91.63,online,,ujb_dashboard_scrape,570,50bba5480edd4f1380137c55739f34d36b3a6682,VALID,
2026-09-25,09:20:02,2026,9,HEAD_TRUCK,207,72.13,online,,ujb_dashboard_scrape,571,285c40ce44199215c2071ac70c96a7201f337e15,VALID,
2026-09-25,09:16:56,2026,9,HEAD_TRUCK,207,5.76,online,,ujb_dashboard_scrape,572,2a12631901b7bb29f98f08a2df8c3e68788b6a8a,VALID,
2026-09-25,09:14:07,2026,9,HEAD_TRUCK,210,77.94,online,,ujb_dashboard_scrape,573,0e63d03b2c43ed915083b29608c0143a1bba76a8,VALID,
2026-09-25,09:13:47,2026,9,FORKLIFT,28,34.17,online,,ujb_dashboard_scrape,574,521227d8bfb2ca52ed9f5cdb44f1caea0c7c4ac7,VALID,
2026-09-25,09:11:07,2026,9,KEND_OPS,RANGGA 15,25.27,online,,ujb_dashboard_scrape,575,a347a8047917ed1ff8de513c11368a8ca21e38e1,VALID,
2026-09-25,09:10:17,2026,9,HEAD_TRUCK,147,94.05,online,,ujb_dashboard_scrape,576,31b024abb76a76fae0e40e3a54d49f646ed88f65,VALID,
2026-09-25,09:06:59,2026,9,HEAD_TRUCK,209,134.29,online,,ujb_dashboard_scrape,577,e4501a1ea52ce5c6a0548a4f776f780f4ba151bd,VALID,
2026-09-25,09:01:15,2026,9,HEAD_TRUCK,140,113.65,online,,ujb_dashboard_scrape,578,baeb442f6e764c443fbb29b3573084a083c979b1,VALID,
2026-09-25,08:58:26,2026,9,HEAD_TRUCK,141,117.59,online,,ujb_dashboard_scrape,579,bf3ac1d1e1cc80f82d73206d697d02612f5cef95,VALID,
2026-09-25,08:57:47,2026,9,HEAD_TRUCK,188,82.54,online,,ujb_dashboard_scrape,580,8fc3ceae73287c1f4e890142d6501e7e60ec22fe,VALID,
2026-09-25,08:55:18,2026,9,HEAD_TRUCK,163,75.54,online,,ujb_dashboard_scrape,581,8f1b5a0bdebd01e281e52a719210caf6ab301e66,VALID,
2026-09-25,08:54:34,2026,9,HEAD_TRUCK,195,87.84,online,,ujb_dashboard_scrape,582,561b84cf01f6e0db21d7b994ebc1c834f0f98e21,VALID,
2026-09-25,08:52:39,2026,9,ELF,03,35.0,online,,ujb_dashboard_scrape,583,6bec18e8d603472a96e0ee3831e014a2bd076357,VALID,
2026-09-25,08:50:28,2026,9,HEAD_TRUCK,175,65.59,online,,ujb_dashboard_scrape,584,bb2a9dbc6ad651f5607c16570152bfc17eafde6a,VALID,
2026-09-25,08:49:27,2026,9,HEAD_TRUCK,154,71.84,online,,ujb_dashboard_scrape,585,384cb375ccf62aca0c15132880a012250160e6b5,VALID,
2026-09-25,08:47:43,2026,9,HEAD_TRUCK,203,79.12,online,,ujb_dashboard_scrape,586,9aa38a977c7919e04bffe0c0bb428085d679be88,VALID,
2026-09-25,08:46:47,2026,9,HEAD_TRUCK,215,112.12,online,,ujb_dashboard_scrape,587,d94d223a0a30f18239cac6cf1d69de5877eeb8b7,VALID,
2026-09-25,08:44:15,2026,9,HEAD_TRUCK,171,55.98,online,,ujb_dashboard_scrape,588,8402f5ba09656924d08568ffb2c28afa54f06050,VALID,
2026-09-25,08:43:50,2026,9,HEAD_TRUCK,191,53.77,online,,ujb_dashboard_scrape,589,35973c8999f6766fba9701690fc1bf615245b63e,VALID,
2026-09-25,08:41:25,2026,9,HEAD_TRUCK,197,98.09,online,,ujb_dashboard_scrape,590,e4a094f679055b4847b8ebb07abebb7c0a1b76c7,VALID,
2026-09-25,08:40:58,2026,9,HEAD_TRUCK,170,106.12,online,,ujb_dashboard_scrape,591,e8c4e2d4b97744f87b2bb8e1ee4c97ff9507fa67,VALID,
2026-09-25,08:37:54,2026,9,HEAD_TRUCK,183,94.82,online,,ujb_dashboard_scrape,592,4f53ad09cdfc85f3870336083e3d8909cc26e378,VALID,
2026-09-25,08:36:30,2026,9,HEAD_TRUCK,211,94.39,online,,ujb_dashboard_scrape,593,bda8f826f9a2a644e4a7c54edf142a028a0d6add,VALID,
2026-09-25,08:34:03,2026,9,HEAD_TRUCK,153,83.29,online,,ujb_dashboard_scrape,594,7451cbed82f5c60a6d8f4d54fcbb8b16e385dd42,VALID,
2026-09-25,08:31:09,2026,9,HEAD_TRUCK,166,71.96,online,,ujb_dashboard_scrape,595,00a1b0b759c88ab18a887f38947091647e22e251,VALID,
2026-09-25,08:29:00,2026,9,HEAD_TRUCK,194,70.14,online,,ujb_dashboard_scrape,596,4f7e2f66c900e6cc21b244dd2eb11e87d832e710,VALID,
2026-09-25,08:28:16,2026,9,HEAD_TRUCK,133,111.77,online,,ujb_dashboard_scrape,597,a791c7ace8d8418c985f6190e63acc868db9619c,VALID,
2026-09-25,08:25:59,2026,9,HEAD_TRUCK,186,60.8,online,,ujb_dashboard_scrape,598,e8b94c05eae1a54676b83f34aee6511d6e3fb992,VALID,
2026-09-25,08:25:28,2026,9,HEAD_TRUCK,139,85.37,online,,ujb_dashboard_scrape,599,78a843a0874ff7ebef786410e5c7a90f1bf5890b,VALID,
2026-09-25,08:22:51,2026,9,HEAD_TRUCK,167,99.82,online,,ujb_dashboard_scrape,600,c97f28d7c45c15912c3c9a176d2a918e844c5322,VALID,
2026-09-25,08:22:10,2026,9,ELF,02,35.0,online,,ujb_dashboard_scrape,601,821efe0dcd40199922eb46b96763fafbc019edba,VALID,
2026-09-25,08:19:50,2026,9,HEAD_TRUCK,144,67.07,online,,ujb_dashboard_scrape,602,6b04d44f9161737a8f2f6e1b1a8a65cc083b07fb,VALID,
2026-09-25,08:18:24,2026,9,ELF,01,35.0,online,,ujb_dashboard_scrape,603,6313f0cf6fd66ad651629ac5f29b8fe15d7870f7,VALID,
2026-09-25,08:16:25,2026,9,HEAD_TRUCK,152,91.41,online,,ujb_dashboard_scrape,604,ddc70bf071e2e40c33aaade4380296b152f38f34,VALID,
2026-09-25,08:15:54,2026,9,HEAD_TRUCK,159,83.25,online,,ujb_dashboard_scrape,605,12a4838ec4f88c7438e60f03ee6bb2b7dfceb85a,VALID,
2026-09-25,08:13:05,2026,9,HEAD_TRUCK,156,106.94,online,,ujb_dashboard_scrape,606,2a34d14269da0cbb37af243b890c1b949337879d,VALID,
2026-09-25,08:12:06,2026,9,HEAD_TRUCK,178,91.28,online,,ujb_dashboard_scrape,607,6f33ba0eff4de01457a8659c30048f96299a9d0a,VALID,
2026-09-25,08:09:35,2026,9,HEAD_TRUCK,185,71.84,online,,ujb_dashboard_scrape,608,406673ea3ac1a627a3651d7f3d96f4beb6bfa9e6,VALID,
2026-09-25,08:08:42,2026,9,HEAD_TRUCK,132,81.58,online,,ujb_dashboard_scrape,609,5f0519ca17c66c0bb4720e11e43142ac2e6932e8,VALID,
2026-09-24,14:54:24,2026,9,KEND_OPS,TRAGA,34.15,online,,ujb_dashboard_scrape,520,81b071befc32635ed2ac5db57d7101fad4ff762a,VALID,
2026-09-24,14:28:58,2026,9,BUS,03,55.0,online,,ujb_dashboard_scrape,521,bc797c10392eac8d54f57ade230874fa61855ee0,VALID,
2026-09-24,13:46:18,2026,9,KEND_OPS,RANGGA 04,20.46,online,,ujb_dashboard_scrape,522,33d27b941f8288657904703cad77749d303d614f,VALID,
2026-09-24,13:41:10,2026,9,HEAD_TRUCK,192,65.64,online,,ujb_dashboard_scrape,523,50ed622c1900bfd66366b15f49c3c02f5c3f81b1,VALID,
2026-09-24,13:31:22,2026,9,HEAD_TRUCK,159,102.0,online,,ujb_dashboard_scrape,524,eaecd95264af9ae31083e5c49eab203d46c487fa,VALID,
2026-09-24,13:28:29,2026,9,KEND_OPS,RANGGA 03,32.98,online,,ujb_dashboard_scrape,525,fb181fea7da1087cbda349f2ba6ac7621955f47a,VALID,
2026-09-24,13:25:02,2026,9,HEAD_TRUCK,149,88.61,online,,ujb_dashboard_scrape,526,424bf0c166e6ec2324f505c673d254edb840af83,VALID,
2026-09-24,13:22:28,2026,9,HEAD_TRUCK,179,110.83,online,,ujb_dashboard_scrape,527,cb99db079a8f184025ad36dae78e5b6731eb3d9a,VALID,
2026-09-24,13:15:41,2026,9,HEAD_TRUCK,195,69.58,online,,ujb_dashboard_scrape,528,d4f461109da2351138074a249a614136391d6492,VALID,
2026-09-24,13:12:31,2026,9,HEAD_TRUCK,137,127.76,online,,ujb_dashboard_scrape,529,a95612dddcc504ff02322002da124e7b2573919f,VALID,
2026-09-24,13:08:42,2026,9,HEAD_TRUCK,164,89.23,online,,ujb_dashboard_scrape,530,78aa9e668216a3fe547e423c55774f2c48fd2199,VALID,
2026-09-24,11:26:58,2026,9,HEAD_TRUCK,139,83.22,online,,ujb_dashboard_scrape,531,0b0fbbd1a583e0f852d35aba97949f57d0084278,VALID,
2026-09-24,11:24:36,2026,9,BUS,02,50.27,online,,ujb_dashboard_scrape,532,50f8fa4f5a747c3ab71ff83ce066cb5dec0bb3ab,VALID,
2026-09-24,11:19:13,2026,9,HEAD_TRUCK,171,105.01,online,,ujb_dashboard_scrape,533,5870d23d3fae3fb8702cc56c0f6314026d86847e,VALID,
2026-09-24,11:12:11,2026,9,HEAD_TRUCK,136,76.21,online,,ujb_dashboard_scrape,534,ff153002640722f92a1dd36ebd2dccf63537a34e,VALID,
2026-09-24,10:57:59,2026,9,HEAD_TRUCK,186,67.28,online,,ujb_dashboard_scrape,535,ccf2388c48bfbe5de844e0fc3726a5ebbb260d40,VALID,
2026-09-24,10:45:30,2026,9,HEAD_TRUCK,209,63.09,online,,ujb_dashboard_scrape,536,12af86a65a2238b6d97fb3c567371b0fe926f88a,VALID,
2026-09-24,10:43:34,2026,9,HEAD_TRUCK,198,63.1,online,,ujb_dashboard_scrape,537,66150961ca60f8469100e089ccf0ab40f4ca9a85,VALID,
2026-09-24,10:41:45,2026,9,HEAD_TRUCK,174,137.98,online,,ujb_dashboard_scrape,538,94a6634e3c728a70e184f421ebe802ac3198da23,VALID,
2026-09-24,10:38:55,2026,9,HEAD_TRUCK,194,61.29,online,,ujb_dashboard_scrape,539,88237d572a5607f98d7f2f0eeef7fc758fada5e9,VALID,
2026-09-24,10:33:55,2026,9,HEAD_TRUCK,205,81.84,online,,ujb_dashboard_scrape,540,1505a6c6957973709083f3ae9cc382a65e92b9f8,VALID,
2026-09-24,10:29:39,2026,9,HEAD_TRUCK,211,79.29,online,,ujb_dashboard_scrape,541,9f99dbe54ccf434a886f75547b541b0835cff533,VALID,
2026-09-24,10:26:15,2026,9,HEAD_TRUCK,144,60.5,online,,ujb_dashboard_scrape,542,156cee8be0565c636250455c9edf4a53c730405c,VALID,
2026-09-24,10:23:17,2026,9,HEAD_TRUCK,163,95.22,online,,ujb_dashboard_scrape,543,be9d0c9db6b0ea95db797cea80eb3bdffe47f9d4,VALID,
2026-09-24,10:22:19,2026,9,HEAD_TRUCK,148,96.85,online,,ujb_dashboard_scrape,544,617b6d6506954a35a64b420badda033dcae3514a,VALID,
2026-09-24,10:19:58,2026,9,HEAD_TRUCK,216,63.76,online,,ujb_dashboard_scrape,545,99c252d603200335143d9d27f8988dc26ae0813b,VALID,
2026-09-24,10:19:33,2026,9,HEAD_TRUCK,199,70.33,online,,ujb_dashboard_scrape,546,887a0d767a1498ee5b6ef35bafe58ea06014518d,VALID,
2026-09-24,10:17:47,2026,9,HEAD_TRUCK,157,99.23,online,,ujb_dashboard_scrape,547,a2856c112bb564eea1d5f21c8fc5545f1fdb4277,VALID,
2026-09-24,10:15:21,2026,9,HEAD_TRUCK,132,78.08,online,,ujb_dashboard_scrape,548,ab1269cffa288338dd2b5c1912c934a7e5694989,VALID,
2026-09-24,10:13:03,2026,9,ELF,03,35.0,online,,ujb_dashboard_scrape,549,2921218e3a268ad2cee3005dc026a9316e085069,VALID,
2026-09-24,10:11:08,2026,9,HEAD_TRUCK,173,89.25,online,,ujb_dashboard_scrape,550,28b69b8c3e28590bdc3a18c35f7f8e013ef60419,VALID,
2026-09-24,10:09:15,2026,9,HEAD_TRUCK,215,83.98,online,,ujb_dashboard_scrape,551,259328f731c0ddfbd03e5b55ef2fdc1729627a14,VALID,
2026-09-24,10:07:20,2026,9,HEAD_TRUCK,175,65.45,online,,ujb_dashboard_scrape,552,ddc974c4f85f2c77b6a2330a3129445cab476de9,VALID,
2026-09-24,10:06:22,2026,9,HEAD_TRUCK,167,59.18,online,,ujb_dashboard_scrape,553,b48a2606209c06feb734e223949c516718f649cf,VALID,
2026-09-24,10:04:14,2026,9,HEAD_TRUCK,188,71.55,online,,ujb_dashboard_scrape,554,bdc80c01e168f8c5ef82195ac4f3611753ab916a,VALID,
2026-09-24,10:03:41,2026,9,HEAD_TRUCK,170,89.98,online,,ujb_dashboard_scrape,555,20fa0ec1d2160f44d471e14b55288c71d41a0d89,VALID,
2026-09-24,10:01:48,2026,9,HEAD_TRUCK,185,73.55,online,,ujb_dashboard_scrape,556,804832ac9098774148dc0b62944edd09e5e5c86a,VALID,
2026-09-24,10:01:09,2026,9,HEAD_TRUCK,165,77.77,online,,ujb_dashboard_scrape,557,1fd320f50de8f12e8d65cb33a4f1c294bdf4799b,VALID,
2026-09-24,09:59:41,2026,9,HEAD_TRUCK,202,68.47,online,,ujb_dashboard_scrape,558,b90d63b01c0e6cd841b6547cb56a9ba7910b0387,VALID,
2026-09-24,09:58:48,2026,9,HEAD_TRUCK,161,46.53,online,,ujb_dashboard_scrape,559,37531f0123da6c59c0ae6d5bb72429e92b943476,VALID,
2026-09-24,09:56:53,2026,9,HEAD_TRUCK,206,105.46,online,,ujb_dashboard_scrape,560,7d57953c2ba17fe708e9e83670b917d1a4c92c18,VALID,
2026-09-24,09:56:08,2026,9,ELF,02,35.0,online,,ujb_dashboard_scrape,561,e1f088dd451064174f494f668651bf63cd7ae4da,VALID,
2026-09-24,09:54:17,2026,9,HEAD_TRUCK,208,74.55,online,,ujb_dashboard_scrape,562,814a6a37949adcdf5b11d2d119325bf6f88afc35,VALID,
2026-09-24,09:51:29,2026,9,HEAD_TRUCK,142,75.09,online,,ujb_dashboard_scrape,563,3bad99091eb1ac64a9eb104350ad1eab3b336276,VALID,
2026-09-24,09:51:00,2026,9,HEAD_TRUCK,147,99.43,online,,ujb_dashboard_scrape,564,bbe95893348ca623f80c04b0bd88efdc231513c5,VALID,
2026-09-24,09:48:34,2026,9,BUS,01,55.0,online,,ujb_dashboard_scrape,565,a8477514fee939a40aaeae1b8cf5efce9c6de80c,VALID,
2026-09-24,09:46:28,2026,9,HEAD_TRUCK,193,80.06,online,,ujb_dashboard_scrape,566,05ddd12648448458b719285903063cfebfed2823,VALID,
2026-09-24,09:31:16,2026,9,HEAD_TRUCK,140,98.65,online,,ujb_dashboard_scrape,567,134d46a10922b5c9beedaf8bda2cf1ffcc497ac3,VALID,
2026-09-24,09:30:30,2026,9,HEAD_TRUCK,196,94.69,online,,ujb_dashboard_scrape,568,77425661c85d123c829a6a8c86e8becad7136105,VALID,
2026-09-24,09:27:47,2026,9,HEAD_TRUCK,135,87.99,online,,ujb_dashboard_scrape,569,4ee5d328b9790f8c2d5818ca8e494ccda6387bb2,VALID,
2026-09-24,09:13:40,2026,9,HEAD_TRUCK,204,66.56,online,,ujb_dashboard_scrape,570,10efcf59062df36e9946db8d5f2a3cc9190b866c,VALID,
2026-09-24,09:07:47,2026,9,HEAD_TRUCK,204,11.81,online,,ujb_dashboard_scrape,571,66ef99365ae7b7eeb1712762ab85430ff525c718,VALID,
2026-09-24,09:06:48,2026,9,KEND_OPS,RANGGA 04,25.07,online,,ujb_dashboard_scrape,572,ea510846d73048cc40c8aaac570ec9d17d595f53,VALID,
2026-09-24,09:03:13,2026,9,HEAD_TRUCK,214,85.38,online,,ujb_dashboard_scrape,573,090da246170d00c09c280734f4dc2b2a788ad9c4,VALID,
2026-09-24,09:01:02,2026,9,HEAD_TRUCK,154,92.3,online,,ujb_dashboard_scrape,574,9c24f38bc877e3db00f80791ea34402e30261e22,VALID,
2026-09-24,08:58:56,2026,9,HEAD_TRUCK,134,69.89,online,,ujb_dashboard_scrape,575,4c477eae4010575d51e90f59342986544c9e192a,VALID,
2026-09-24,08:56:30,2026,9,HEAD_TRUCK,166,90.43,online,,ujb_dashboard_scrape,576,08bd6653d5ef746b41987d317d3850913cd083fe,VALID,
2026-09-24,08:54:06,2026,9,HEAD_TRUCK,141,85.39,online,,ujb_dashboard_scrape,577,cfe0e501daf79e2e0edd039f41168b0cb16abeeb,VALID,
2026-09-24,08:53:00,2026,9,HEAD_TRUCK,201,72.35,online,,ujb_dashboard_scrape,578,cd1935d1c7262147ff8d0e876f17591b4587ab0e,VALID,
2026-09-24,08:50:55,2026,9,HEAD_TRUCK,162,73.28,online,,ujb_dashboard_scrape,579,da59ead798268ddf9fc3ceba51d31033cc05ee7c,VALID,
2026-09-24,08:50:20,2026,9,HEAD_TRUCK,203,78.96,online,,ujb_dashboard_scrape,580,6b3ec718140902be0d9f026edf075c4a5eeaa7e5,VALID,
2026-09-24,08:48:34,2026,9,HEAD_TRUCK,210,76.82,online,,ujb_dashboard_scrape,581,e185d5580024b0ea6419c57b53cb72d2d93f1b14,VALID,
2026-09-24,08:45:31,2026,9,HEAD_TRUCK,138,86.43,online,,ujb_dashboard_scrape,582,9a87e448fa72989bc30a1b904a5ecf912dd6a8bf,VALID,
2026-09-24,08:39:42,2026,9,HEAD_TRUCK,212,79.9,online,,ujb_dashboard_scrape,583,fceb4ba13867978f6376ca04928b08a0c980cc92,VALID,
2026-09-24,08:37:27,2026,9,HEAD_TRUCK,156,91.12,online,,ujb_dashboard_scrape,584,0041b88962b6896b99bbf6be71969bce8dc2ae74,VALID,
2026-09-24,08:35:15,2026,9,HEAD_TRUCK,151,73.55,online,,ujb_dashboard_scrape,585,e5c38271abf45bea6efb919666bc66f819b9391f,VALID,
2026-09-24,08:33:30,2026,9,HEAD_TRUCK,143,71.81,online,,ujb_dashboard_scrape,586,170ac3aea744736af42e2c3411243bc0759ee5f8,VALID,
2026-09-24,08:27:06,2026,9,HEAD_TRUCK,182,62.61,online,,ujb_dashboard_scrape,587,a85e14ea0d0d3c3d6524d4d8c44ae06b8ecd33fd,VALID,
2026-09-24,08:26:25,2026,9,HEAD_TRUCK,204,69.16,online,,ujb_dashboard_scrape,588,f0b146d65d4ce2b524e475817307a7b8a237466a,VALID,
2026-09-24,08:24:50,2026,9,HEAD_TRUCK,191,72.05,online,,ujb_dashboard_scrape,589,4958ecda79bd9bdb6c84c8ac3be5513b71eba84a,VALID,
2026-09-24,08:24:03,2026,9,FORKLIFT,20,40.0,online,,ujb_dashboard_scrape,590,eb4608f64cf2cde933017031c5e375397befbedc,VALID,
2026-09-24,08:22:35,2026,9,HEAD_TRUCK,197,66.23,online,,ujb_dashboard_scrape,591,55897161f41f43b4d19e46124a8b45f531d45c85,VALID,
2026-09-24,08:21:52,2026,9,HEAD_TRUCK,152,81.27,online,,ujb_dashboard_scrape,592,2788eef3c5e1200ec24377e8dfd1ae6c2d5d5ef2,VALID,
2026-09-24,08:19:39,2026,9,HEAD_TRUCK,128,91.77,online,,ujb_dashboard_scrape,593,eea4b9495581effb41c777047d43d3fbae5f474e,VALID,
2026-09-24,08:19:05,2026,9,HEAD_TRUCK,153,81.88,online,,ujb_dashboard_scrape,594,0d2ce1a33d25fede0b189223bc909eec1f6ee16d,VALID,
2026-09-24,08:15:49,2026,9,HEAD_TRUCK,150,99.83,online,,ujb_dashboard_scrape,595,ab2d8e9da8b6ca37148ed15f573a442b71c06190,VALID,
2026-09-24,08:13:26,2026,9,ELF,01,35.0,online,,ujb_dashboard_scrape,596,8604a41b3c55142c50c8ab6096d93c2dd24fca71,VALID,
2026-09-24,08:11:11,2026,9,HEAD_TRUCK,133,80.55,online,,ujb_dashboard_scrape,597,fb9f5f302d9e36dd64b9f6fe3c660fab9b149874,VALID,
2026-09-24,08:08:32,2026,9,HEAD_TRUCK,145,77.02,online,,ujb_dashboard_scrape,598,2c106e3dbcf972a713cddf4d8e17c303620e27e6,VALID,
2026-09-24,08:06:52,2026,9,HEAD_TRUCK,213,71.69,online,,ujb_dashboard_scrape,599,69525967753ee29ce9a180eb7cce1299cb127dd2,VALID,
2026-09-24,08:06:05,2026,9,HEAD_TRUCK,181,88.08,online,,ujb_dashboard_scrape,600,e00f2043ef477583f25fab52f3ff9dbe4d5451a1,VALID,
2026-09-24,08:03:53,2026,9,HEAD_TRUCK,169,88.29,online,,ujb_dashboard_scrape,601,5ae5faf0747d56f09625c61ba9f6c49b525e2406,VALID,
2026-09-23,15:02:21,2026,9,KEND_OPS,RANGGA 04,25.51,online,,ujb_dashboard_scrape,514,579136c278ef4afc09c3ffe67d38885f0d694b1c,VALID,
2026-09-23,14:59:28,2026,9,MOBIL,AIR,40.0,online,,ujb_dashboard_scrape,515,b4f836f1661c59b9db5ee80c7df426911be7bf43,VALID,
2026-09-23,14:33:13,2026,9,KEND_OPS,HILUX 03,32.33,online,,ujb_dashboard_scrape,516,53c718e5fb1370699b2aea5a81e606590504dbf6,VALID,
2026-09-23,14:29:35,2026,9,HEAD_TRUCK,212,82.03,online,,ujb_dashboard_scrape,517,26bdae83f83cf622f8279c1d0772198778976976,VALID,
2026-09-23,14:09:00,2026,9,HEAD_TRUCK,195,146.94,online,,ujb_dashboard_scrape,518,b2d9a7b8d49734ce8231478e2e80a59133fb0a36,VALID,
2026-09-23,13:56:56,2026,9,HEAD_TRUCK,134,88.84,online,,ujb_dashboard_scrape,519,e41c2e10008bdbb115b6537ad660a53fd6bd5689,VALID,
2026-09-23,13:51:40,2026,9,HEAD_TRUCK,152,76.19,online,,ujb_dashboard_scrape,520,54232da50c278f8014c64bd2fda54bea565513ac,VALID,
2026-09-23,13:49:48,2026,9,HEAD_TRUCK,198,84.05,online,,ujb_dashboard_scrape,521,47e2b54d17b28d7ba9e92ff10fb2267a94aa61cf,VALID,
2026-09-23,13:42:37,2026,9,FORKLIFT,2,40.0,online,,ujb_dashboard_scrape,522,1ff9603c7b579a096af7200d6d81c5b8152d9b1e,VALID,
2026-09-23,13:35:11,2026,9,HEAD_TRUCK,211,80.62,online,,ujb_dashboard_scrape,523,bd97ecf2a7225003574aa04624dd3672b55c66ab,VALID,
2026-09-23,13:33:07,2026,9,HEAD_TRUCK,184,42.32,online,,ujb_dashboard_scrape,524,dfd4bd1a4263d859176b458fe4c3d6ed268e2f6f,VALID,
2026-09-23,13:31:09,2026,9,HEAD_TRUCK,95,112.78,online,,ujb_dashboard_scrape,525,237b78e3ab3f428b3e673b885bf4cad0aa6c2124,VALID,
2026-09-23,13:28:24,2026,9,HEAD_TRUCK,209,122.39,online,,ujb_dashboard_scrape,526,db6202060f7ceb4f9bedc695ed56d14fd8616f1e,VALID,
2026-09-23,13:25:14,2026,9,HEAD_TRUCK,143,117.48,online,,ujb_dashboard_scrape,527,01d778fb08e363f01179a56cf54c8ad9fc95ba10,VALID,
2026-09-23,13:22:24,2026,9,HEAD_TRUCK,171,64.7,online,,ujb_dashboard_scrape,528,07ca351234cc47093c5e5f43e85ca7d5751d6ee9,VALID,
2026-09-23,13:17:07,2026,9,HEAD_TRUCK,149,97.02,online,,ujb_dashboard_scrape,529,33aa95d1fe8d11dc89bad116f48a3501e8ada7da,VALID,
2026-09-23,13:07:12,2026,9,HEAD_TRUCK,132,81.0,online,,ujb_dashboard_scrape,530,24aa7e73192837047ab5fe47698eefc7980a7932,VALID,
2026-09-23,13:04:51,2026,9,HEAD_TRUCK,165,115.9,online,,ujb_dashboard_scrape,531,3b8297505ed75f97b3869da6dc24914c8d6d9972,VALID,
2026-09-23,11:22:51,2026,9,HEAD_TRUCK,188,87.82,online,,ujb_dashboard_scrape,532,f5c4fb0e2ef034d79e05c43d8b1d6132ec09fd82,VALID,
2026-09-23,11:16:31,2026,9,HEAD_TRUCK,208,56.16,online,,ujb_dashboard_scrape,533,805565485f21d479b4b71b3a3fcd65a670cceb80,VALID,
2026-09-23,11:07:58,2026,9,HEAD_TRUCK,194,75.12,online,,ujb_dashboard_scrape,534,1fc697c9a3ab1ebe2606013ec1bb04a50c60a226,VALID,
2026-09-23,11:05:46,2026,9,HEAD_TRUCK,179,60.89,online,,ujb_dashboard_scrape,535,3466fa68b8721f938e8fbaa76cbcc90cfcef3fa8,VALID,
2026-09-23,11:04:07,2026,9,BUS,03,54.09,online,,ujb_dashboard_scrape,536,876434cf6dabf26c4c2a31ba453d66e0260b176f,VALID,
2026-09-23,11:02:58,2026,9,HEAD_TRUCK,207,82.45,online,,ujb_dashboard_scrape,537,f2ff80f5cd130b3ff6c788375b0dbbc89b2096b5,VALID,
2026-09-23,10:59:21,2026,9,HEAD_TRUCK,148,72.54,online,,ujb_dashboard_scrape,538,d4477c587010ef0a39dd66e4bc45f8fa907fd41f,VALID,
2026-09-23,10:58:34,2026,9,HEAD_TRUCK,201,100.49,online,,ujb_dashboard_scrape,539,d64744c00a0536116e8e85de445e7c1f667bb31d,VALID,
2026-09-23,10:55:40,2026,9,HEAD_TRUCK,204,72.15,online,,ujb_dashboard_scrape,540,082a90179a9926a014dd9e80170633b88d95ae72,VALID,
2026-09-23,10:50:24,2026,9,HEAD_TRUCK,206,88.12,online,,ujb_dashboard_scrape,541,72d8642223da367de534f9338a3802a1a8c4b485,VALID,
2026-09-23,10:46:28,2026,9,HEAD_TRUCK,135,104.53,online,,ujb_dashboard_scrape,542,786ee680c281585d571c70363364564b4efcf62b,VALID,
2026-09-23,10:42:51,2026,9,HEAD_TRUCK,145,129.82,online,,ujb_dashboard_scrape,543,78963edf975e126d92c5bd86fc4035866a56fc95,VALID,
2026-09-23,10:40:06,2026,9,HEAD_TRUCK,175,72.77,online,,ujb_dashboard_scrape,544,79cbdc5a3375a91e256931dbdfe88eff9f201f9d,VALID,
2026-09-23,10:37:44,2026,9,HEAD_TRUCK,215,91.78,online,,ujb_dashboard_scrape,545,e96f1ed1780e271a4af27eee804387d1e97263a5,VALID,
2026-09-23,10:35:34,2026,9,HEAD_TRUCK,156,110.08,online,,ujb_dashboard_scrape,546,9dfb40befc2cacf1a2244c54a08ded5c40b9d551,VALID,
2026-09-23,10:35:09,2026,9,HEAD_TRUCK,185,102.06,online,,ujb_dashboard_scrape,547,e16668d2794b987909783531d1e14e5e960dedc0,VALID,
2026-09-23,10:32:16,2026,9,HEAD_TRUCK,213,85.87,online,,ujb_dashboard_scrape,548,c89752bc60c9e862260cc0e42bdef043d7b0730e,VALID,
2026-09-23,10:21:12,2026,9,HEAD_TRUCK,205,104.95,online,,ujb_dashboard_scrape,549,13d59eee421c63371a5dda855f95af40eb011839,VALID,
2026-09-23,10:18:25,2026,9,AD,8137OH,40.0,online,,ujb_dashboard_scrape,550,ead5be12cdc1917c40076f523ceb23492b82d68c,VALID,
2026-09-23,10:16:19,2026,9,HEAD_TRUCK,157,98.07,online,,ujb_dashboard_scrape,551,52ce9e5bb94a9ec288b64db5857d8947482a4cac,VALID,
2026-09-23,10:14:16,2026,9,HEAD_TRUCK,140,105.87,online,,ujb_dashboard_scrape,552,1c92d9ea8df890bde5cb640ff0f1323abe963c02,VALID,
2026-09-23,10:10:04,2026,9,HEAD_TRUCK,203,70.18,online,,ujb_dashboard_scrape,553,5da2a2b556023042fec8d8e23e6a4c61c21b1f69,VALID,
2026-09-23,10:08:16,2026,9,HEAD_TRUCK,216,103.59,online,,ujb_dashboard_scrape,554,618cd0d73c1b36d53ffcce0f48bffe5f605b6183,VALID,
2026-09-23,10:07:21,2026,9,HEAD_TRUCK,142,79.39,online,,ujb_dashboard_scrape,555,5494755bc0afbdaf78f035f61f5c2e3b681d891d,VALID,
2026-09-23,10:04:40,2026,9,HEAD_TRUCK,137,83.02,online,,ujb_dashboard_scrape,556,27d3c05cf118da79ec1991be38e905b06e7edfad,VALID,
2026-09-23,10:04:35,2026,9,HEAD_TRUCK,151,96.47,online,,ujb_dashboard_scrape,557,c37dc327266152d21b7ef5202d1ce4c023e05828,VALID,
2026-09-23,10:01:30,2026,9,HEAD_TRUCK,147,121.63,online,,ujb_dashboard_scrape,558,cfcae3a004033bb7c1be736d143bfafddf2f2302,VALID,
2026-09-23,10:01:23,2026,9,HEAD_TRUCK,168,101.3,online,,ujb_dashboard_scrape,559,40c03713cccd6ad1427ad8ad13300fdd124a268d,VALID,
2026-09-23,09:57:44,2026,9,HEAD_TRUCK,153,93.6,online,,ujb_dashboard_scrape,560,32a8c1a05e39df836a6868c1d2f062a977369209,VALID,
2026-09-23,09:57:10,2026,9,HEAD_TRUCK,144,76.4,online,,ujb_dashboard_scrape,561,a0ce5f5be1f1213e36e72d31362a42d1d3700927,VALID,
2026-09-23,09:54:42,2026,9,HEAD_TRUCK,163,126.75,online,,ujb_dashboard_scrape,562,2d9ca3442810e4fab4a99b6a6c246e1703666db6,VALID,
2026-09-23,09:54:05,2026,9,HEAD_TRUCK,186,66.72,online,,ujb_dashboard_scrape,563,95e16f23319924b3037803dc6e1710f4ef8cea1d,VALID,
2026-09-23,09:51:14,2026,9,HEAD_TRUCK,210,86.57,online,,ujb_dashboard_scrape,564,092ec4256b00c57f213cf6c62c1a54ebf84a8300,VALID,
2026-09-23,09:50:45,2026,9,HEAD_TRUCK,199,66.83,online,,ujb_dashboard_scrape,565,ab744a530f4ae777478dcd70e2db375d46297082,VALID,
2026-09-23,09:48:17,2026,9,HEAD_TRUCK,133,95.35,online,,ujb_dashboard_scrape,566,588eec1009e29be5b2fe588e162fc990bf028fde,VALID,
2026-09-23,09:48:06,2026,9,HEAD_TRUCK,183,98.02,online,,ujb_dashboard_scrape,567,7039a09c9fe471c5a0ad0031140471c03dabdd5f,VALID,
2026-09-23,09:45:10,2026,9,HEAD_TRUCK,154,91.9,online,,ujb_dashboard_scrape,568,2d380d9ccd997434bcfcc3cdbb4286caa12f2574,VALID,
2026-09-23,09:43:45,2026,9,HEAD_TRUCK,162,86.42,online,,ujb_dashboard_scrape,569,bed8508e59420e7804a0f2dab4e9cf944c9b61e0,VALID,
2026-09-23,09:41:08,2026,9,HEAD_TRUCK,141,118.13,online,,ujb_dashboard_scrape,570,52c79579736a8ee6ef58cb100f5a6954779f9a19,VALID,
2026-09-23,09:40:51,2026,9,HEAD_TRUCK,191,75.37,online,,ujb_dashboard_scrape,571,1d77f7800d4670ce4e1c148c71c88568992ddc70,VALID,
2026-09-23,09:37:00,2026,9,FORKLIFT,26,13.34,online,,ujb_dashboard_scrape,572,518acd5f74a33e0a3c1a2e607c5c4a9a55cd3da9,VALID,
2026-09-23,09:36:42,2026,9,HEAD_TRUCK,150,97.52,online,,ujb_dashboard_scrape,573,7a47a8658b30db3186cc10abfca32364d0fca214,VALID,
2026-09-23,09:34:08,2026,9,HEAD_TRUCK,155,95.43,online,,ujb_dashboard_scrape,574,f0977c832770abdb47f48e8bb1852dd5958929f2,VALID,
2026-09-23,09:33:26,2026,9,HEAD_TRUCK,197,95.19,online,,ujb_dashboard_scrape,575,b662ffba6c75d7afe5b8253866a3526447aad06f,VALID,
2026-09-23,09:31:30,2026,9,HEAD_TRUCK,164,78.2,online,,ujb_dashboard_scrape,576,269b34958bb08e8b28364bcf45ecbefc964bc3d5,VALID,
2026-09-23,09:29:47,2026,9,HEAD_TRUCK,182,63.18,online,,ujb_dashboard_scrape,577,d651c36fd79dd27dce1d58b8e2c370d93dbaa04a,VALID,
2026-09-23,09:28:52,2026,9,ELF,03,35.0,online,,ujb_dashboard_scrape,578,8ffe2ceeac7c39e9ecdf5ea442f643d591a8f6b9,VALID,
2026-09-23,09:27:28,2026,9,HEAD_TRUCK,192,72.8,online,,ujb_dashboard_scrape,579,4041440a85ab35c58055b2968dcebecde8a66b99,VALID,
2026-09-23,09:26:57,2026,9,HEAD_TRUCK,167,91.89,online,,ujb_dashboard_scrape,580,fe2687a973326d06fc3f36cf18580b7ba0268dc7,VALID,
2026-09-23,09:20:56,2026,9,HEAD_TRUCK,166,83.75,online,,ujb_dashboard_scrape,581,109bc8a2c8ecf7d9a310cde93fa1e31767a95e8d,VALID,
2026-09-23,09:18:14,2026,9,HEAD_TRUCK,158,95.89,online,,ujb_dashboard_scrape,582,03a2004d8e66b1f594e3ab0d8ead8ea79ed7de02,VALID,
2026-09-23,09:17:55,2026,9,HEAD_TRUCK,170,98.55,online,,ujb_dashboard_scrape,583,c2d39886a7b725e8ac6765521feedf5880549e81,VALID,
2026-09-23,09:14:01,2026,9,HEAD_TRUCK,193,94.54,online,,ujb_dashboard_scrape,584,ca0b492e9fdf76d6a0bb20928ef2b1cf28e560f9,VALID,
2026-09-23,09:11:40,2026,9,ELF,02,35.0,online,,ujb_dashboard_scrape,585,70f7b952af396fc9d7589f24f1b50149de4efba4,VALID,
2026-09-23,09:07:16,2026,9,HEAD_TRUCK,196,56.91,online,,ujb_dashboard_scrape,586,a9001448cdfe3344e47bcdc0c7cca418f5a3be36,VALID,
2026-09-23,09:05:27,2026,9,HEAD_TRUCK,178,66.1,online,,ujb_dashboard_scrape,587,06a091f589e7e94c030abe01813850874b9ce8e9,VALID,
2026-09-23,09:05:25,2026,9,BUS,02,48.19,online,,ujb_dashboard_scrape,588,877c3eea1f55950f6831c3ce7dcbf32d1e8d6238,VALID,
2026-09-23,09:02:10,2026,9,HEAD_TRUCK,214,79.56,online,,ujb_dashboard_scrape,589,a2bb18320cfcb011754f13dc7ab29a130210dc5a,VALID,
2026-09-23,08:53:47,2026,9,HEAD_TRUCK,139,10.57,online,,ujb_dashboard_scrape,590,2cf1a64fd1c00607502f39d01a178b3c55cc42f0,VALID,
2026-09-23,08:43:35,2026,9,HEAD_TRUCK,181,118.69,online,,ujb_dashboard_scrape,591,12c2aae2a78d5c3c11a52c494311ce0cbf0ba356,VALID,
2026-09-23,08:41:05,2026,9,HEAD_TRUCK,138,90.64,online,,ujb_dashboard_scrape,592,4e0e649d9aad234bcf4b6427db684e828a18db45,VALID,
2026-09-23,08:38:52,2026,9,HEAD_TRUCK,136,76.7,online,,ujb_dashboard_scrape,593,e188144affb1eb1d25ddc4b26bfccce5cb2fc363,VALID,
2026-09-23,08:38:31,2026,9,KEND_OPS,RANGGA 11,29.06,online,,ujb_dashboard_scrape,594,3b4801c956f2903ea17c0d6e2ce46ca9e3c91443,VALID,
2026-09-23,08:36:15,2026,9,ELF,01,35.0,online,,ujb_dashboard_scrape,595,d922b5103826313bc25c4481929571e1e6b2ce1d,VALID,
2026-09-23,08:35:58,2026,9,HEAD_TRUCK,202,72.42,online,,ujb_dashboard_scrape,596,0e2e724d9edf28655a3d85fbf4abeeeaa5c625f9,VALID,
2026-09-23,08:31:18,2026,9,KEND_OPS,RANGGA 16,16.24,online,,ujb_dashboard_scrape,597,e033fd327914ce9d85c9cccc04b2250a615b1ed3,VALID,
2026-09-23,08:30:34,2026,9,HEAD_TRUCK,161,106.11,online,,ujb_dashboard_scrape,598,d13dd33adc353d35056f4cb42ba918140b68fd10,VALID,
2026-09-23,08:29:45,2026,9,KEND_OPS,RANGGA 15,30.25,online,,ujb_dashboard_scrape,599,57d46afa585706cb13b5fb3e37a0499b00375aeb,VALID,
2026-09-23,08:27:46,2026,9,BUS,01,46.93,online,,ujb_dashboard_scrape,600,05622c6b5b6dcddcd10f8624a96be8a8ca3b563c,VALID,
2026-09-23,08:11:20,2026,9,HEAD_TRUCK,169,107.72,online,,ujb_dashboard_scrape,601,8ebfb8541abaa17e2e54933cf36c3bac9ce48889,VALID,
2026-09-23,08:07:41,2026,9,HEAD_TRUCK,128,93.31,online,,ujb_dashboard_scrape,602,316c2ec748823050d0287492a119897e3c75a36e,VALID,
2026-09-23,08:05:22,2026,9,HEAD_TRUCK,159,92.48,online,,ujb_dashboard_scrape,603,f432f5ed981197e3a7963bff733449e91d4ffe74,VALID,
2026-09-22,14:50:37,2026,9,HEAD_TRUCK,210,84.02,online,,ujb_dashboard_scrape,520,cb0380c89e1f9d0d9f6a817b090ef1af2918de28,VALID,
2026-09-22,14:23:29,2026,9,FORKLIFT,28,37.59,online,,ujb_dashboard_scrape,521,8c5253304973a54f4c71ba3f944431c1fa7048f1,VALID,
2026-09-22,14:13:23,2026,9,KEND_OPS,RANGGA 01,31.21,online,,ujb_dashboard_scrape,522,0d9318ccb7679b57815214e8e7c26955c44d51a4,VALID,
2026-09-22,14:07:23,2026,9,HEAD_TRUCK,132,77.6,online,,ujb_dashboard_scrape,523,2172146cae8a0d45f104dd57b09b2403d0408d97,VALID,
2026-09-22,13:56:39,2026,9,HEAD_TRUCK,178,135.86,online,,ujb_dashboard_scrape,524,6df18f1f6aeee1f08482b523a6f546f294a8637c,VALID,
2026-09-22,13:36:18,2026,9,HEAD_TRUCK,199,83.32,online,,ujb_dashboard_scrape,525,7d6a451c284d50fa0b02771a3f78831118c0ca7f,VALID,
2026-09-22,13:25:27,2026,9,KEND_OPS,B 9015 UBE,40.0,online,,ujb_dashboard_scrape,526,4b85b562a04d8d971ee68abb1553917c33c8bbaf,VALID,
2026-09-22,13:17:34,2026,9,HEAD_TRUCK,203,100.5,online,,ujb_dashboard_scrape,527,0cf4a5f28c814542d2a76d1673a6c16a309711cb,VALID,
2026-09-22,13:14:41,2026,9,KEND_OPS,RANGGA 06,40.0,online,,ujb_dashboard_scrape,528,918d34785333a6c326cbe1034270f3d248bdbfe4,VALID,
2026-09-22,13:08:43,2026,9,HEAD_TRUCK,196,85.88,online,,ujb_dashboard_scrape,529,a141c29952f041fd51991b2e16f5b86418881006,VALID,
2026-09-22,13:06:17,2026,9,HEAD_TRUCK,186,94.13,online,,ujb_dashboard_scrape,530,95e36f1a8a89406b111aeaa927a946de45d164ba,VALID,
2026-09-22,11:09:02,2026,9,HEAD_TRUCK,204,63.55,online,,ujb_dashboard_scrape,531,dd015339d69c5660888075ef260a37510f7d4031,VALID,
2026-09-22,10:59:24,2026,9,BUS,03,55.0,online,,ujb_dashboard_scrape,532,bf65b37120b35c287fb2853772a980f5429e754a,VALID,
2026-09-22,10:53:21,2026,9,HEAD_TRUCK,205,79.59,online,,ujb_dashboard_scrape,533,2196f7d550f08e97f5f01db46cc69f71d9d03553,VALID,
2026-09-22,10:51:29,2026,9,HEAD_TRUCK,191,92.85,online,,ujb_dashboard_scrape,534,12d5042c29494b668c3fd87adf4d7247ca941bb1,VALID,
2026-09-22,10:41:13,2026,9,HEAD_TRUCK,170,100.0,online,,ujb_dashboard_scrape,535,805a55a76233ba2dda1b82035c39144892f0f917,VALID,
2026-09-22,10:38:36,2026,9,HEAD_TRUCK,209,93.03,online,,ujb_dashboard_scrape,536,d16f84022ab4c39a676f0460e3add0c1ea45ce6c,VALID,
2026-09-22,10:35:51,2026,9,HEAD_TRUCK,206,97.57,online,,ujb_dashboard_scrape,537,e7f330d97292ac81f913f5e2e79d4f47ead42b32,VALID,
2026-09-22,10:33:27,2026,9,HEAD_TRUCK,164,83.82,online,,ujb_dashboard_scrape,538,45e3ab63b36a6ef374cb988f197a03a8c8d492f8,VALID,
2026-09-22,10:26:23,2026,9,HEAD_TRUCK,182,74.88,online,,ujb_dashboard_scrape,539,4117d4540fe1030047c1d4e5eee0d5fe2498889a,VALID,
2026-09-22,10:24:01,2026,9,HEAD_TRUCK,214,68.07,online,,ujb_dashboard_scrape,540,407eb2b20c4bbbf4acf342435984a59cec832e38,VALID,
2026-09-22,10:21:16,2026,9,HEAD_TRUCK,151,69.91,online,,ujb_dashboard_scrape,541,8424c3b5b4a1b118995b4dd11084d2297d101e99,VALID,
2026-09-22,10:20:22,2026,9,HEAD_TRUCK,198,80.78,online,,ujb_dashboard_scrape,542,b385b7a22bc17e66c4f8de542d8b599819f26c92,VALID,
2026-09-22,10:17:55,2026,9,HEAD_TRUCK,133,96.21,online,,ujb_dashboard_scrape,543,36fe93df45a58814ac069898565d5f2da2cc36d1,VALID,
2026-09-22,10:15:28,2026,9,HEAD_TRUCK,148,89.88,online,,ujb_dashboard_scrape,544,9bcf41dc1ccebb11c28930eeb79a171fbbc5c939,VALID,
2026-09-22,10:13:26,2026,9,HEAD_TRUCK,166,75.44,online,,ujb_dashboard_scrape,545,5b3f4eb4259d4edf7581e6d22733b9dae7db3bc9,VALID,
2026-09-22,10:11:18,2026,9,HEAD_TRUCK,212,86.99,online,,ujb_dashboard_scrape,546,f59d2f8806ae32fd548e52e0c0cf40b9bf9f0fcb,VALID,
2026-09-22,10:08:57,2026,9,HEAD_TRUCK,134,92.07,online,,ujb_dashboard_scrape,547,2c7b1bc0de4dbc85b5af5b4f259c8f0eced5d7ae,VALID,
2026-09-22,10:06:50,2026,9,HEAD_TRUCK,188,64.61,online,,ujb_dashboard_scrape,548,493ce9fdcfc27888fb398f44dbe5a351dd788ea7,VALID,
2026-09-22,10:05:54,2026,9,HEAD_TRUCK,213,85.34,online,,ujb_dashboard_scrape,549,be15c15016ce1abbc4a77e6054889c0bff1b4c49,VALID,
2026-09-22,10:03:18,2026,9,HEAD_TRUCK,144,77.36,online,,ujb_dashboard_scrape,550,fdc326a9a0ee908ba4b8ba7864ff86df44377a42,VALID,
2026-09-22,10:01:10,2026,9,HEAD_TRUCK,149,82.03,online,,ujb_dashboard_scrape,551,128d672cb51bebb29ac11d64cec97dedf3d553ad,VALID,
2026-09-22,09:59:00,2026,9,HEAD_TRUCK,141,93.97,online,,ujb_dashboard_scrape,552,07fdf16315bf5a8d049f0f749c8c2337a7023f3b,VALID,
2026-09-22,09:56:30,2026,9,HEAD_TRUCK,128,111.49,online,,ujb_dashboard_scrape,553,09cfaece985898dca74758d523810ac57a78dd5e,VALID,
2026-09-22,09:54:01,2026,9,HEAD_TRUCK,167,90.99,online,,ujb_dashboard_scrape,554,a53c6ea86f0aa4192a8f2fafe30483d1d4da40f3,VALID,
2026-09-22,09:51:44,2026,9,HEAD_TRUCK,152,91.81,online,,ujb_dashboard_scrape,555,d3c50745f69fd5354f8725c63ea9533326569f5f,VALID,
2026-09-22,09:49:26,2026,9,B,9786 BAZ,22.23,online,,ujb_dashboard_scrape,556,f464ac9471a079d2458bdcddce3b2853d14c910d,VALID,
2026-09-22,09:45:33,2026,9,HEAD_TRUCK,208,73.14,online,,ujb_dashboard_scrape,557,779e6d137ad2ddeca0c05d10235cc0260a6a36bd,VALID,
2026-09-22,09:43:35,2026,9,HEAD_TRUCK,150,101.49,online,,ujb_dashboard_scrape,558,753ed536b6f829980f104128106f1ce29a2b9490,VALID,
2026-09-22,09:41:24,2026,9,HEAD_TRUCK,192,88.5,online,,ujb_dashboard_scrape,559,3ffcb389c105de6e45ecdebbc2e834564c6504ec,VALID,
2026-09-22,09:39:21,2026,9,FORKLIFT,26,11.01,online,,ujb_dashboard_scrape,560,20d077a1612b3c103321affa5088b3378c015178,VALID,
2026-09-22,09:36:54,2026,9,KEND_OPS,RANGGA 04,22.32,online,,ujb_dashboard_scrape,561,2a8d91213434c21bb4cf6bfcfca3c37b9d79fa5b,VALID,
2026-09-22,09:34:37,2026,9,HEAD_TRUCK,168,83.25,online,,ujb_dashboard_scrape,562,899d3196b16b0de98baa764a47154b5f4d59ce1b,VALID,
2026-09-22,09:32:03,2026,9,HEAD_TRUCK,156,86.53,online,,ujb_dashboard_scrape,563,9c11d0ae02298165821fa0822bfc04951bf7dc23,VALID,
2026-09-22,09:29:57,2026,9,FORKLIFT,17,39.87,online,,ujb_dashboard_scrape,564,b534cc6a193d09e7d2407ce4fafbae7111b06128,VALID,
2026-09-22,09:29:39,2026,9,HEAD_TRUCK,142,92.48,online,,ujb_dashboard_scrape,565,bf8f70b11b0a1a33dc6ec4c7b93921b586350c1b,VALID,
2026-09-22,09:26:49,2026,9,HEAD_TRUCK,158,87.91,online,,ujb_dashboard_scrape,566,7e94d0947bed0ef6c83c210aa084b16dace3fc58,VALID,
2026-09-22,09:25:58,2026,9,HEAD_TRUCK,201,79.15,online,,ujb_dashboard_scrape,567,11e20ccc5814fe82f38b961ab9b1a64a83b76756,VALID,
2026-09-22,09:23:32,2026,9,HEAD_TRUCK,165,72.63,online,,ujb_dashboard_scrape,568,8a7a65c2af6ebe1b662e41b2aedba14db3676c53,VALID,
2026-09-22,09:21:19,2026,9,HEAD_TRUCK,211,74.73,online,,ujb_dashboard_scrape,569,2e406f3ca8b9c408932bc9ef86ac4ca654319da0,VALID,
2026-09-22,09:19:00,2026,9,HEAD_TRUCK,137,74.44,online,,ujb_dashboard_scrape,570,cc6e9acdf13a4b0275a7bf0143e696bb2965e546,VALID,
2026-09-22,09:17:14,2026,9,HEAD_TRUCK,183,86.39,online,,ujb_dashboard_scrape,571,a20abc7cc4545d3ec0ffb147af5b94f59aa4c44b,VALID,
2026-09-22,09:16:23,2026,9,HEAD_TRUCK,162,79.3,online,,ujb_dashboard_scrape,572,4fd7cd84259229d772e6c93c5237ab9155e5b446,VALID,
2026-09-22,09:13:13,2026,9,HEAD_TRUCK,155,61.18,online,,ujb_dashboard_scrape,573,538cf91b2bc9c7124d8c5233ea3ece34932b274f,VALID,
2026-09-22,09:10:49,2026,9,HEAD_TRUCK,159,82.28,online,,ujb_dashboard_scrape,574,f08bc3b621f71a1ffdaf7692c9b39f443325b54d,VALID,
2026-09-22,09:09:53,2026,9,HEAD_TRUCK,175,81.85,online,,ujb_dashboard_scrape,575,cf2fdba22af77ff16eb39131e4ac8f3f798bef36,VALID,
2026-09-22,09:08:05,2026,9,HEAD_TRUCK,138,76.47,online,,ujb_dashboard_scrape,576,23150a035fdc780b32325bd4708b581eb2362c32,VALID,
2026-09-22,09:07:15,2026,9,HEAD_TRUCK,193,96.78,online,,ujb_dashboard_scrape,577,8b0485caf6c9bca7b55f438232329a730998bb16,VALID,
2026-09-22,09:04:45,2026,9,HEAD_TRUCK,154,95.43,online,,ujb_dashboard_scrape,578,64aef97e7028e314ec835f6f1b10cb950c874d1e,VALID,
2026-09-22,09:03:42,2026,9,HEAD_TRUCK,184,71.06,online,,ujb_dashboard_scrape,579,9a1da2a7940b90ef928b8dde4ee9c8804dbb960a,VALID,
2026-09-22,09:01:01,2026,9,HEAD_TRUCK,185,82.0,online,,ujb_dashboard_scrape,580,7c3eaf7917acdf9a83576ee70880ba990066a95f,VALID,
2026-09-22,09:00:43,2026,9,BUS,02,55.0,online,,ujb_dashboard_scrape,581,e31bed3f53dc67a5ca74724efdfbbc08a9b77813,VALID,
2026-09-22,08:58:25,2026,9,KEND_OPS,B 9269 UWM,25.94,online,,ujb_dashboard_scrape,582,80a8af953fa6905ab855354d34897aacdc80c36b,VALID,
2026-09-22,08:55:54,2026,9,HEAD_TRUCK,181,66.21,online,,ujb_dashboard_scrape,583,27dd40e416b2316bc35c4fbe9958534ee44101ba,VALID,
2026-09-22,08:55:30,2026,9,HEAD_TRUCK,207,78.03,online,,ujb_dashboard_scrape,584,6c66a986678c7531dcc928908093925a45bb1f9f,VALID,
2026-09-22,08:53:12,2026,9,HEAD_TRUCK,179,74.69,online,,ujb_dashboard_scrape,585,50805d082ea6391a93716831dea75f1ef30d620a,VALID,
2026-09-22,08:53:11,2026,9,HEAD_TRUCK,139,83.97,online,,ujb_dashboard_scrape,586,bcb7bc988c1b0fdfcf3e0ff17231a98e30b0cd3b,VALID,
2026-09-22,08:49:56,2026,9,DM,DM,30.4,online,,ujb_dashboard_scrape,587,4f0adacd25548630930dfbfde415fb5eebce9400,VALID,
2026-09-22,08:49:05,2026,9,HEAD_TRUCK,216,61.58,online,,ujb_dashboard_scrape,588,17834c6beb2d73619d4e3abb78922c38d5c95b14,VALID,
2026-09-22,08:47:00,2026,9,HEAD_TRUCK,216,2.63,online,,ujb_dashboard_scrape,589,73a1dab7adbea30ddf7641a4aca6af34c6f61f4f,VALID,
2026-09-22,08:46:54,2026,9,HEAD_TRUCK,202,61.76,online,,ujb_dashboard_scrape,590,fd6924d0c7b02dd23319eb9b11284a8792d19b9c,VALID,
2026-09-22,08:46:02,2026,9,HEAD_TRUCK,136,79.24,online,,ujb_dashboard_scrape,591,f88b76d9c8a2fde8c77f672ac313db66cca89fef,VALID,
2026-09-22,08:43:43,2026,9,HEAD_TRUCK,147,69.4,online,,ujb_dashboard_scrape,592,f843d5fa90b55678460f4676170d59507f9cd2b4,VALID,
2026-09-22,08:41:14,2026,9,HEAD_TRUCK,215,63.52,online,,ujb_dashboard_scrape,593,f1cf962c2019a16d9f26231ed6dafa333e5f6a51,VALID,
2026-09-22,08:40:32,2026,9,HEAD_TRUCK,194,78.28,online,,ujb_dashboard_scrape,594,96e1a3430ad811499b6dfe8312d257b050ce644f,VALID,
2026-09-22,08:38:07,2026,9,HEAD_TRUCK,143,81.38,online,,ujb_dashboard_scrape,595,e747dd15627871134fe07b0b298eb4306dab6a26,VALID,
2026-09-22,08:37:30,2026,9,ELF,03,34.77,online,,ujb_dashboard_scrape,596,d343d29ba909dca4ae263a79cce13a7ad26788ad,VALID,
2026-09-22,08:35:04,2026,9,HEAD_TRUCK,145,81.03,online,,ujb_dashboard_scrape,597,30de13e5a3e0ffdf0c409306ca0fc041a2a5d367,VALID,
2026-09-22,08:34:18,2026,9,HEAD_TRUCK,161,46.69,online,,ujb_dashboard_scrape,598,47538b4f13f5369bc51887d8767544d72e0928bb,VALID,
2026-09-22,08:32:48,2026,9,HEAD_TRUCK,161,30.0,online,,ujb_dashboard_scrape,599,373c6e6f66f4cefcf88e93f4f0d67cb8a8cd5c4c,VALID,
2026-09-22,08:31:10,2026,9,BUS,01,49.12,online,,ujb_dashboard_scrape,600,8346550253283625d51c30b711149e9e173eec74,VALID,
2026-09-22,08:27:09,2026,9,ELF,02,35.0,online,,ujb_dashboard_scrape,601,91bc22f5b454b0f05df306f87cb3c92523c6bdf9,VALID,
2026-09-22,08:24:48,2026,9,HEAD_TRUCK,95,100.79,online,,ujb_dashboard_scrape,602,584d9521d476882ad142815c8462bab3e5d323c7,VALID,
2026-09-22,08:22:52,2026,9,HEAD_TRUCK,141,61.65,online,,ujb_dashboard_scrape,603,b2aa79ca1d21e71a405cffecb65941d9a5ab169c,VALID,
2026-09-22,08:20:39,2026,9,ELF,01,35.0,online,,ujb_dashboard_scrape,604,570e5def0fdc993da129c22d72d03115dda4bb8e,VALID,
2026-09-22,08:18:49,2026,9,HEAD_TRUCK,169,89.43,online,,ujb_dashboard_scrape,605,8cf951eafd70f396ff9044ccc03ae1da727be695,VALID,
2026-09-22,08:18:03,2026,9,HEAD_TRUCK,195,84.24,online,,ujb_dashboard_scrape,606,a6d0917c3208c0c4595045edf408f7da6915844a,VALID,
2026-09-22,08:16:20,2026,9,HEAD_TRUCK,153,76.26,online,,ujb_dashboard_scrape,607,38f9f6b55d8b95bc707c6aa4f632d203e5d52f92,VALID,
2026-09-22,08:14:44,2026,9,HEAD_TRUCK,177,59.21,online,,ujb_dashboard_scrape,608,93204e4c8b198d5a3b9c2f8aa65469a7c7af5ace,VALID,
2026-09-22,08:13:22,2026,9,HEAD_TRUCK,163,110.96,online,,ujb_dashboard_scrape,609,806117b5b821717242de061a431febee79e18b95,VALID,
2026-09-22,08:11:05,2026,9,HEAD_TRUCK,197,74.38,online,,ujb_dashboard_scrape,610,c561bebfad6d030d271b0c9317e3c97cae0607ef,VALID,
2026-09-22,08:10:05,2026,9,HEAD_TRUCK,135,70.1,online,,ujb_dashboard_scrape,611,9e552ba59f6cb825f09da81349ed7fa103635592,VALID,
2026-09-21,14:58:05,2026,9,BUS,03,55.0,online,,ujb_dashboard_scrape,523,3559b33f013664099815e444aa3a3745a78fa3e8,VALID,
2026-09-21,14:29:05,2026,9,KEND_OPS,RANGGA 07,40.0,online,,ujb_dashboard_scrape,524,4b30dedef5300ba1f26c0026899070fd9da7790d,VALID,
2026-09-21,14:15:54,2026,9,HEAD_TRUCK,151,5.35,online,,ujb_dashboard_scrape,525,92e105da8ecab3f0b57d25e4f97691a395ab128d,VALID,
2026-09-21,11:14:44,2026,9,KEND_OPS,RANGGA 16,37.67,online,,ujb_dashboard_scrape,526,28956042c1a0422b99c70e8f74d88a816e6aefa5,VALID,
2026-09-21,11:01:27,2026,9,HEAD_TRUCK,207,67.01,online,,ujb_dashboard_scrape,527,42813e8fa3489be086111dba39af4ffdecc002d0,VALID,
2026-09-21,11:00:09,2026,9,HEAD_TRUCK,165,72.18,online,,ujb_dashboard_scrape,528,1ce38fe8a658ff0022d46c94cd9f1fad5ab66a65,VALID,
2026-09-21,10:57:51,2026,9,HEAD_TRUCK,209,88.4,online,,ujb_dashboard_scrape,529,4616e60c722a4bc8f84089896fafb2f8df8c34fc,VALID,
2026-09-21,10:55:42,2026,9,HEAD_TRUCK,152,77.75,online,,ujb_dashboard_scrape,530,7cbb9d7d1e95b69b9b610b6032cc3f7f1cdffc90,VALID,
2026-09-21,10:53:05,2026,9,HEAD_TRUCK,134,83.07,online,,ujb_dashboard_scrape,531,2d391f2c348974dd90f57b17a977651b3c2660fe,VALID,
2026-09-21,10:51:59,2026,9,HEAD_TRUCK,199,64.88,online,,ujb_dashboard_scrape,532,8bda1e7e13c3f31e17998f67722fda5dfeb13b67,VALID,
2026-09-21,10:50:00,2026,9,HEAD_TRUCK,149,94.34,online,,ujb_dashboard_scrape,533,30c90760c5f5bb8d789e6823b4cc6bfcc4bd805f,VALID,
2026-09-21,10:48:56,2026,9,HEAD_TRUCK,196,90.29,online,,ujb_dashboard_scrape,534,31185d28a59cc78453383be8b2327aabcf79eaa7,VALID,
2026-09-21,10:45:06,2026,9,HEAD_TRUCK,202,10.14,online,,ujb_dashboard_scrape,535,3207896bc2c18ba4b897b5c91347708050c65b7c,VALID,
2026-09-21,10:45:05,2026,9,HEAD_TRUCK,128,74.65,online,,ujb_dashboard_scrape,536,ed3b0899e4d6d618cdfc06353eee36fac0091355,VALID,
2026-09-21,10:43:01,2026,9,HEAD_TRUCK,179,49.07,online,,ujb_dashboard_scrape,537,3bef9599f8059d8e86719a505cd691729c8ebb88,VALID,
2026-09-21,10:42:27,2026,9,HEAD_TRUCK,214,109.46,online,,ujb_dashboard_scrape,538,0fb9f4c2794bd1b74b2bd77842c5380f1ff69b38,VALID,
2026-09-21,10:38:11,2026,9,KEND_OPS,RANGGA 02,37.05,online,,ujb_dashboard_scrape,539,bc33a03f65986e465e51aad435b3fef5347b42d1,VALID,
2026-09-21,10:35:11,2026,9,HEAD_TRUCK,157,66.96,online,,ujb_dashboard_scrape,540,0674e781f92c5f12b08f83ad672dd67241b2ba0f,VALID,
2026-09-21,10:32:46,2026,9,HEAD_TRUCK,142,78.38,online,,ujb_dashboard_scrape,541,1d13faa05016a56003fa6d5aa1366fa5554e64d9,VALID,
2026-09-21,10:30:05,2026,9,HEAD_TRUCK,132,82.74,online,,ujb_dashboard_scrape,542,e0d0ab6cb9225eae7b86d5ee2fd5ce5724d9357b,VALID,
2026-09-21,10:27:31,2026,9,HEAD_TRUCK,137,97.21,online,,ujb_dashboard_scrape,543,b78033f504a127a8fbafe132b3980421f8e1d8c4,VALID,
2026-09-21,10:19:59,2026,9,KEND_OPS,RANGGA 14,40.0,online,,ujb_dashboard_scrape,544,6a27fc3411d33183e6fe9b4550f0e1ebae23457c,VALID,
2026-09-21,10:18:05,2026,9,KEND_OPS,RANGGA 04,35.47,online,,ujb_dashboard_scrape,545,314f86b1349f7046270975674d082ca845654179,VALID,
2026-09-21,10:15:13,2026,9,HEAD_TRUCK,205,88.09,online,,ujb_dashboard_scrape,546,5485d92a4814d6378ff0d4a80a88eb71a88b0cb4,VALID,
2026-09-21,10:10:30,2026,9,HEAD_TRUCK,206,75.11,online,,ujb_dashboard_scrape,547,f9f5b1d1adc558d78aa573dfb1ecba1bfc91e32d,VALID,
2026-09-21,10:07:48,2026,9,HEAD_TRUCK,151,67.82,online,,ujb_dashboard_scrape,548,058f0963a777e97b6f9d5bcaa387581f695df3a7,VALID,
2026-09-21,10:04:55,2026,9,HEAD_TRUCK,144,71.51,online,,ujb_dashboard_scrape,549,5ef92ef12ea7f50447efc37535159d4a5242e02b,VALID,
2026-09-21,10:02:51,2026,9,KEND_OPS,HILUX 02,40.0,online,,ujb_dashboard_scrape,550,1986605934213859644d786c45d036f4009f1c04,VALID,
2026-09-21,10:00:33,2026,9,HEAD_TRUCK,145,62.89,online,,ujb_dashboard_scrape,551,7e59d12ba024190dbd9ab765ce197220e7ddcadf,VALID,
2026-09-21,09:58:39,2026,9,HEAD_TRUCK,198,75.22,online,,ujb_dashboard_scrape,552,13b03d1cd7780b6e5a4c07c24d56741169552702,VALID,
2026-09-21,09:56:39,2026,9,HEAD_TRUCK,171,97.64,online,,ujb_dashboard_scrape,553,8732f3b8ba98d86535d89fccb8e305e6ea1918d6,VALID,
2026-09-21,09:50:56,2026,9,HEAD_TRUCK,143,90.69,online,,ujb_dashboard_scrape,554,0e15fc155c543ccd16287d90aa222319ebf64899,VALID,
2026-09-21,09:47:52,2026,9,HEAD_TRUCK,183,93.12,online,,ujb_dashboard_scrape,555,159ab34a49cdb82cc6fdbb8459856eb09cafda79,VALID,
2026-09-21,09:46:27,2026,9,HEAD_TRUCK,212,79.05,online,,ujb_dashboard_scrape,556,b6bc05572db758020d19ebb8982ff3e4548139a9,VALID,
2026-09-21,09:44:16,2026,9,HEAD_TRUCK,138,56.0,online,,ujb_dashboard_scrape,557,d76085d5da32051c393f1657b18baf7555285d8b,VALID,
2026-09-21,09:41:51,2026,9,HEAD_TRUCK,95,86.53,online,,ujb_dashboard_scrape,558,7a4852f8a24cb1cc9b7e2bb69024a67a6f0defc9,VALID,
2026-09-21,09:39:00,2026,9,HEAD_TRUCK,161,79.39,online,,ujb_dashboard_scrape,559,68ac39cdb57b8e1a0c9c99a97cdbd3a418585d1f,VALID,
2026-09-21,09:36:58,2026,9,HEAD_TRUCK,147,76.12,online,,ujb_dashboard_scrape,560,b66c488a23c7739d370b1b8f5d036e14d44009f5,VALID,
2026-09-21,09:34:28,2026,9,HEAD_TRUCK,211,70.87,online,,ujb_dashboard_scrape,561,39fa12a9624ad499d313739c4c596a48797aaac4,VALID,
2026-09-21,09:32:36,2026,9,HEAD_TRUCK,167,125.07,online,,ujb_dashboard_scrape,562,3fa33a3bd2e4f8d49b6afa478b2517b627261fb5,VALID,
2026-09-21,09:30:43,2026,9,HEAD_TRUCK,194,87.77,online,,ujb_dashboard_scrape,563,caaecacd96e605fae7dbe8100b93288810c1cf77,VALID,
2026-09-21,09:29:43,2026,9,BUS,02,41.88,online,,ujb_dashboard_scrape,564,09efcbab1971074393308234a5314db4b56e1124,VALID,
2026-09-21,09:26:05,2026,9,HEAD_TRUCK,170,96.03,online,,ujb_dashboard_scrape,565,df76243ff88e7fb461029e4d3562f2a2a5ce02bf,VALID,
2026-09-21,09:23:05,2026,9,HEAD_TRUCK,168,64.65,online,,ujb_dashboard_scrape,566,37033257a20e45c27a51bfdb5a979bddf0a91b49,VALID,
2026-09-21,09:21:19,2026,9,HEAD_TRUCK,164,73.82,online,,ujb_dashboard_scrape,567,b99ba0508ca7a7810b058a6cd42adc851012932e,VALID,
2026-09-21,09:19:16,2026,9,HEAD_TRUCK,185,74.19,online,,ujb_dashboard_scrape,568,dc524338a75199ff8acbc5634dabf37f140d10a8,VALID,
2026-09-21,09:18:33,2026,9,HEAD_TRUCK,141,82.16,online,,ujb_dashboard_scrape,569,fbcf48ec475da1297c8eebe8563a988c6e849a11,VALID,
2026-09-21,09:16:12,2026,9,HEAD_TRUCK,192,71.22,online,,ujb_dashboard_scrape,570,d879c8166fba40722bd24fe5cc5e27081fe2031c,VALID,
2026-09-21,09:16:01,2026,9,HEAD_TRUCK,162,92.62,online,,ujb_dashboard_scrape,571,07de8a1d7c62c8facb59dcdd05185d6aa2f7e01b,VALID,
2026-09-21,09:12:52,2026,9,HEAD_TRUCK,202,65.09,online,,ujb_dashboard_scrape,572,a7952d6642803848f4e0889bb6bff48e49186dc7,VALID,
2026-09-21,09:12:43,2026,9,HEAD_TRUCK,215,107.72,online,,ujb_dashboard_scrape,573,111a6e8622515ebe872bdd18af502f6bedf33a33,VALID,
2026-09-21,09:09:36,2026,9,HEAD_TRUCK,154,68.69,online,,ujb_dashboard_scrape,574,6130dc2bb1cf21094ac66a990e7f1a5c25b6513e,VALID,
2026-09-21,09:07:36,2026,9,HEAD_TRUCK,175,47.44,online,,ujb_dashboard_scrape,575,5304e9cdff35f4de0723bb3e7e559498853b6cb5,VALID,
2026-09-21,09:07:31,2026,9,HEAD_TRUCK,156,98.96,online,,ujb_dashboard_scrape,576,c7eec2e25f089186b1f4dd0003ee3adcfd3fe773,VALID,
2026-09-21,09:04:42,2026,9,BUS,01,48.47,online,,ujb_dashboard_scrape,577,3414071cc909aafc743280a4334bb7577461862a,VALID,
2026-09-21,09:01:30,2026,9,HEAD_TRUCK,178,94.63,online,,ujb_dashboard_scrape,578,e8d792255ec861bbf94a65502dd06a20664aeb97,VALID,
2026-09-21,09:00:15,2026,9,HEAD_TRUCK,158,87.94,online,,ujb_dashboard_scrape,579,e32cb7c47e5e70bb0a9aa4ad49e280b96561bc81,VALID,
2026-09-21,08:58:13,2026,9,HEAD_TRUCK,174,71.88,online,,ujb_dashboard_scrape,580,ad4a1221cb5b36090db79d6997db93afe510c96a,VALID,
2026-09-21,08:57:47,2026,9,HEAD_TRUCK,208,78.19,online,,ujb_dashboard_scrape,581,8c7f5159f698e9658c3efc504c890c2ff1823447,VALID,
2026-09-21,08:55:15,2026,9,HEAD_TRUCK,140,74.39,online,,ujb_dashboard_scrape,582,3afefcc8c389c7e7bfb3e52eb510bd402537dd7f,VALID,
2026-09-21,08:54:54,2026,9,HEAD_TRUCK,201,91.88,online,,ujb_dashboard_scrape,583,97408a38723630bf2d0f30005fba7a748fa29cfc,VALID,
2026-09-21,08:52:27,2026,9,HEAD_TRUCK,216,67.66,online,,ujb_dashboard_scrape,584,4d159f1ec5c33e9389b886726ac48906efa24556,VALID,
2026-09-21,08:49:57,2026,9,FORKLIFT,19,29.41,online,,ujb_dashboard_scrape,585,60c260f268198fcd2daee7362d8d0a02efad2e3f,VALID,
2026-09-21,08:49:54,2026,9,ELF,03,35.0,online,,ujb_dashboard_scrape,586,9a43f6fae9d3df05603ead3bee4ea24baa9302f3,VALID,
2026-09-21,08:47:35,2026,9,HEAD_TRUCK,155,59.57,online,,ujb_dashboard_scrape,587,108545b8d5ac4cd11ec7b94d36097ad75c360ceb,VALID,
2026-09-21,08:45:18,2026,9,HEAD_TRUCK,213,85.13,online,,ujb_dashboard_scrape,588,6271844ab8e7539f63bdb27011d93935ed28ec60,VALID,
2026-09-21,08:43:28,2026,9,KEND_OPS,RANGGA 17,40.0,online,,ujb_dashboard_scrape,589,f4ad0bb2fd3161f7985834d8b5ec0d6d04237b23,VALID,
2026-09-21,08:42:32,2026,9,HEAD_TRUCK,131,83.7,online,,ujb_dashboard_scrape,590,8274fc260dc2cb01afdd017f742bbdd739244305,VALID,
2026-09-21,08:40:39,2026,9,ELF,02,35.0,online,,ujb_dashboard_scrape,591,3c2f807fba029ec59c1bd81a9ce772f407115689,VALID,
2026-09-21,08:40:06,2026,9,HEAD_TRUCK,197,77.64,online,,ujb_dashboard_scrape,592,c9395dfa74dcdb3f9c972d97f91fe72713da997d,VALID,
2026-09-21,08:37:45,2026,9,HEAD_TRUCK,169,85.93,online,,ujb_dashboard_scrape,593,b1fc4443e4414d390d8f4d49151c45b7ca307ed7,VALID,
2026-09-21,08:35:41,2026,9,HEAD_TRUCK,136,79.51,online,,ujb_dashboard_scrape,594,a7bb35a9d7547903c95990318833146676159bd6,VALID,
2026-09-21,08:34:30,2026,9,HEAD_TRUCK,193,113.68,online,,ujb_dashboard_scrape,595,379ef62abc2c9b83830c8ccb123ad2665a98cda3,VALID,
2026-09-21,08:33:00,2026,9,HEAD_TRUCK,150,70.24,online,,ujb_dashboard_scrape,596,f37ae891d6577812838fac579ef615f6dca1184b,VALID,
2026-09-21,08:31:18,2026,9,HEAD_TRUCK,181,76.18,online,,ujb_dashboard_scrape,597,c055f87169be19d78c7a070b4ddf81116b5827b4,VALID,
2026-09-21,08:30:26,2026,9,HEAD_TRUCK,139,73.64,online,,ujb_dashboard_scrape,598,4219511eb546ec6b2e57b1c7fbc287bd3159af72,VALID,
2026-09-21,08:27:25,2026,9,ELF,01,35.0,online,,ujb_dashboard_scrape,599,6e4557aa12ca6216e3db0cafa798562bf1c8fc6a,VALID,
2026-09-21,08:25:17,2026,9,HEAD_TRUCK,153,78.99,online,,ujb_dashboard_scrape,600,74525cebafdfd5bf0a934294d764252127352efb,VALID,
2026-09-21,08:23:30,2026,9,HEAD_TRUCK,177,89.55,online,,ujb_dashboard_scrape,601,9b58a3991b5412b55d1244d3792f46b8a5505043,VALID,
2026-09-21,08:22:40,2026,9,HEAD_TRUCK,159,74.23,online,,ujb_dashboard_scrape,602,3abacc0b1052f4b9d177158e61a2769818364d5e,VALID,
2026-09-21,08:20:24,2026,9,HEAD_TRUCK,195,76.46,online,,ujb_dashboard_scrape,603,3123bd1314a1ebf6f28b3c81d500a90e1bd06799,VALID,
2026-09-21,08:19:53,2026,9,HEAD_TRUCK,166,79.95,online,,ujb_dashboard_scrape,604,b2c8bcc017b3408ee626f6ea4f855955930ff652,VALID,
2026-09-21,08:17:24,2026,9,HEAD_TRUCK,186,63.07,online,,ujb_dashboard_scrape,605,987f82db3556131f79b18f05ff432f3ca9577eab,VALID,
2026-09-21,08:17:10,2026,9,HEAD_TRUCK,210,92.2,online,,ujb_dashboard_scrape,606,8c709734bb2e8db86d6bc1063d0dcb94cc2d69eb,VALID,
2026-09-21,08:14:28,2026,9,HEAD_TRUCK,191,78.54,online,,ujb_dashboard_scrape,607,54c2e3e25a1fe649e3b5ccf5a6a2d58b037f5762,VALID,
2026-09-21,08:14:00,2026,9,HEAD_TRUCK,135,68.68,online,,ujb_dashboard_scrape,608,b14396f6e9461f814e2ef69fae7d7693d394b87a,VALID,
2026-09-21,08:11:01,2026,9,HEAD_TRUCK,203,76.68,online,,ujb_dashboard_scrape,609,8197f9f6533c9024699da1d9ec089df465e26569,VALID,
2026-09-21,08:08:36,2026,9,DAMKAR,DAMKAR,19.07,online,,ujb_dashboard_scrape,610,4c9b7d2ed0f38b34817c45ee0acb509b2817ee86,VALID,
2026-09-21,08:07:43,2026,9,HEAD_TRUCK,184,70.41,online,,ujb_dashboard_scrape,611,20b70d555500f3a34a939437354eb83265e641a0,VALID,
2026-09-21,08:06:34,2026,9,HEAD_TRUCK,148,82.22,online,,ujb_dashboard_scrape,612,16bf54a4c19628a27343c77fb1ea478015228844,VALID,
2026-09-20,14:33:34,2026,9,HEAD_TRUCK,147,62.32,online,,ujb_dashboard_scrape,530,17288f1a86f81217422c1bf3d3866d8a4cc7eb4d,VALID,
2026-09-20,14:24:15,2026,9,BUS,03,55.0,online,,ujb_dashboard_scrape,531,c821e2155cc543aed34523b25c24727e78ebaeb9,VALID,
2026-09-20,14:14:14,2026,9,HEAD_TRUCK,150,67.0,online,,ujb_dashboard_scrape,532,4685e9f0bdbc99e69c6e71bb0203072c0f302482,VALID,
2026-09-20,14:12:02,2026,9,KEND_OPS,RANGGA 05,39.82,online,,ujb_dashboard_scrape,533,09d931ae745e31a8de485b23c54268f05ffed7fc,VALID,
2026-09-20,14:07:59,2026,9,HEAD_TRUCK,199,48.11,online,,ujb_dashboard_scrape,534,2f59d016c2efe8a7de8de30f9c2d79ee6cd1d711,VALID,
2026-09-20,13:56:22,2026,9,BUS,02,55.0,online,,ujb_dashboard_scrape,535,cdb030b96e251bd1bb98b84d1715249e83a535f3,VALID,
2026-09-20,13:52:08,2026,9,HEAD_TRUCK,163,59.42,online,,ujb_dashboard_scrape,536,c7df4c51cdc49c25d36f6f444c727e2565871b57,VALID,
2026-09-20,13:49:19,2026,9,HEAD_TRUCK,202,56.42,online,,ujb_dashboard_scrape,537,fd879add554a9662566b27d1705393dc4e4b16cb,VALID,
2026-09-20,13:40:29,2026,9,HEAD_TRUCK,165,64.97,online,,ujb_dashboard_scrape,538,d487eabd2e8ca3c7822b10b9f6c31cc2c9074773,VALID,
2026-09-20,13:37:26,2026,9,HEAD_TRUCK,175,55.72,online,,ujb_dashboard_scrape,539,ef16a63b3558c9b500ae4c0702a9848c6ab43527,VALID,
2026-09-20,13:34:57,2026,9,BUS,01,55.0,online,,ujb_dashboard_scrape,540,634025d411f0c6098dceaf865ac9991eb716d944,VALID,
2026-09-20,13:31:18,2026,9,HEAD_TRUCK,211,68.22,online,,ujb_dashboard_scrape,541,83f74150d153c7eeb502d6e78abce28f8ed47f1b,VALID,
2026-09-20,13:27:43,2026,9,HEAD_TRUCK,168,57.04,online,,ujb_dashboard_scrape,542,2e2654896b8006cc141c062cd407b8fa65b52dc7,VALID,
2026-09-20,13:25:50,2026,9,KEND_OPS,POLISI,23.11,online,,ujb_dashboard_scrape,543,9cf0ff5e2a3838be3069714a0d7efe2c633107f7,VALID,
2026-09-20,13:22:27,2026,9,HEAD_TRUCK,142,53.34,online,,ujb_dashboard_scrape,544,12759c605bec261ce4fba47e9eb1302b9d1ec55e,VALID,
2026-09-20,13:20:20,2026,9,HEAD_TRUCK,145,44.65,online,,ujb_dashboard_scrape,545,096d43e7e4e238f0ab6455f983785bec20fbfa8c,VALID,
2026-09-20,13:09:44,2026,9,HEAD_TRUCK,215,54.89,online,,ujb_dashboard_scrape,546,db9fccda1f49b0fd1f5a424f93caf52dd47dae13,VALID,
2026-09-20,13:07:15,2026,9,HEAD_TRUCK,151,40.68,online,,ujb_dashboard_scrape,547,819427172829aa6bb64316ac13bb95972097925c,VALID,
2026-09-20,11:30:34,2026,9,HEAD_TRUCK,157,43.51,online,,ujb_dashboard_scrape,548,82a9fd87f2416f33373365e516a932c577f3b129,VALID,
2026-09-20,11:26:25,2026,9,HEAD_TRUCK,169,85.83,online,,ujb_dashboard_scrape,549,2eb88e255722e53212c4783a0bd2d73a747e597b,VALID,
2026-09-20,11:15:01,2026,9,HEAD_TRUCK,95,70.37,online,,ujb_dashboard_scrape,550,64f50b2e5f7654f34809773fb7c014d45847362a,VALID,
2026-09-20,11:09:44,2026,9,HEAD_TRUCK,171,67.06,online,,ujb_dashboard_scrape,551,056693e73d70ce22ba1aaba1d6b286bdeebe8425,VALID,
2026-09-20,11:05:30,2026,9,HEAD_TRUCK,140,40.3,online,,ujb_dashboard_scrape,552,fe255f1d99937cb2454a65173d6af042f858eead,VALID,
2026-09-20,10:57:23,2026,9,HEAD_TRUCK,154,44.33,online,,ujb_dashboard_scrape,553,f53661b836c0c0e73536bae248f19d69439b4548,VALID,
2026-09-20,10:54:54,2026,9,HEAD_TRUCK,161,59.16,online,,ujb_dashboard_scrape,554,ecc7c9cf1fe537eed8aeabd923876ed86ce6db3f,VALID,
2026-09-20,10:50:59,2026,9,HEAD_TRUCK,210,73.66,online,,ujb_dashboard_scrape,555,bf69b46a2de6a54400bf3a448d9e17dbee0b7c7e,VALID,
2026-09-20,10:48:39,2026,9,HEAD_TRUCK,133,40.24,online,,ujb_dashboard_scrape,556,317a43edb525f221a2279d01f6228b6c3427dee6,VALID,
2026-09-20,10:47:24,2026,9,HEAD_TRUCK,203,49.96,online,,ujb_dashboard_scrape,557,3e6e1a079e337a75753c8c87749a985a3c164463,VALID,
2026-09-20,10:38:42,2026,9,HEAD_TRUCK,192,43.62,online,,ujb_dashboard_scrape,558,5e3e20d50556ab95c1a2fb12e9491f5d191b0d6e,VALID,
2026-09-20,10:16:08,2026,9,HEAD_TRUCK,141,54.4,online,,ujb_dashboard_scrape,559,508fd95d7b35189a7000663fbc74f6f0710bd260,VALID,
2026-09-20,10:11:00,2026,9,HEAD_TRUCK,162,42.99,online,,ujb_dashboard_scrape,560,beb84aa7a60306effebbb47f48c09f9e6e654ad6,VALID,
2026-09-20,10:07:47,2026,9,HEAD_TRUCK,206,45.54,online,,ujb_dashboard_scrape,561,527276032e7044cfdd4105111fe12be768c2f30d,VALID,
2026-09-20,10:05:26,2026,9,HEAD_TRUCK,186,43.92,online,,ujb_dashboard_scrape,562,b8d478d1aec9f3f2c79f5a8b9cbd69dbe8bb2694,VALID,
2026-09-20,10:03:44,2026,9,HEAD_TRUCK,213,57.76,online,,ujb_dashboard_scrape,563,9dc0312e4bd8ab3a62a121ce76ddf22d4b8dc526,VALID,
2026-09-20,10:01:50,2026,9,KEND_OPS,HILUX 03,40.0,online,,ujb_dashboard_scrape,564,c0826d5ab71c291949aae1b3b29c9c36854d549f,VALID,
2026-09-20,09:56:54,2026,9,HEAD_TRUCK,207,78.56,online,,ujb_dashboard_scrape,565,e4c3b3fa983d309c0a2d40493a497d4c4c7fcd7c,VALID,
2026-09-20,09:54:45,2026,9,HEAD_TRUCK,131,61.15,online,,ujb_dashboard_scrape,566,75354924a27d5b7e21a820d8d3d6302440205c46,VALID,
2026-09-20,09:47:09,2026,9,HEAD_TRUCK,152,71.0,online,,ujb_dashboard_scrape,567,faf1c51aaacf34498ab5d0b3ca5e0cc55cbfeb90,VALID,
2026-09-20,09:45:20,2026,9,HEAD_TRUCK,209,94.3,online,,ujb_dashboard_scrape,568,80c89d4e8e9d1b8ca76c3324f125c55723927a9f,VALID,
2026-09-20,09:44:01,2026,9,HEAD_TRUCK,194,49.56,online,,ujb_dashboard_scrape,569,9333f1e42436313ebe6f6f0327eb5ef90f8e9332,VALID,
2026-09-20,09:39:59,2026,9,HEAD_TRUCK,212,66.83,online,,ujb_dashboard_scrape,570,616b740972adce1c4b614d23b13d9f3274575848,VALID,
2026-09-20,09:34:55,2026,9,HEAD_TRUCK,196,32.5,online,,ujb_dashboard_scrape,571,4face67688bef3c7e17cbd3e3b2f40ad6eead985,VALID,
2026-09-20,09:32:39,2026,9,HEAD_TRUCK,208,40.98,online,,ujb_dashboard_scrape,572,39542d1ca4da28bad72d55f0c2c38dea42403eac,VALID,
2026-09-20,09:29:41,2026,9,HEAD_TRUCK,201,68.34,online,,ujb_dashboard_scrape,573,74e88b329a6177bf835ffe7af84a5bd9b69d124c,VALID,
2026-09-20,09:26:19,2026,9,HEAD_TRUCK,216,56.65,online,,ujb_dashboard_scrape,574,064713a68df8be6f7fd383e77ecfc5ea60cd4ac5,VALID,
2026-09-20,09:24:44,2026,9,HEAD_TRUCK,166,41.28,online,,ujb_dashboard_scrape,575,3bf11826201c0a1cb064252293cfde9762e3c1a2,VALID,
2026-09-20,09:23:18,2026,9,HEAD_TRUCK,153,42.75,online,,ujb_dashboard_scrape,576,572e3ea1d2105e1a95436f5db2aa84ab5977431d,VALID,
2026-09-20,09:23:05,2026,9,HEAD_TRUCK,181,67.02,online,,ujb_dashboard_scrape,577,e1c3a7a02a56fc6e2d5e7243313ad899cbe54f19,VALID,
2026-09-20,09:20:53,2026,9,HEAD_TRUCK,155,61.37,online,,ujb_dashboard_scrape,578,30da36640954ad7dcf47fd65b1e17035ab763151,VALID,
2026-09-20,09:14:16,2026,9,HEAD_TRUCK,177,107.94,online,,ujb_dashboard_scrape,579,d0e605043d8d765670a6a437d19e94d2a1fbbf33,VALID,
2026-09-20,09:13:50,2026,9,HEAD_TRUCK,135,42.58,online,,ujb_dashboard_scrape,580,edeff7a07bb354e69cdc83891a4b47c0f6595140,VALID,
2026-09-20,09:10:56,2026,9,HEAD_TRUCK,144,51.41,online,,ujb_dashboard_scrape,581,5a2ff682374b1b9c190729fa400f85da62d6ddc9,VALID,
2026-09-20,09:10:24,2026,9,HEAD_TRUCK,188,5.12,online,,ujb_dashboard_scrape,582,46a06f3d4ecb1bceaf471544c04a9af9f5700466,VALID,
2026-09-20,09:04:03,2026,9,HEAD_TRUCK,149,41.1,online,,ujb_dashboard_scrape,583,7efd7ec68fb7d89c016406fb33f9fa4749818915,VALID,
2026-09-20,08:52:23,2026,9,HEAD_TRUCK,198,34.61,online,,ujb_dashboard_scrape,584,f75716f2bd16d3a7c6c3e1790ebd41638f7903fb,VALID,
2026-09-20,08:50:47,2026,9,HEAD_TRUCK,170,73.55,online,,ujb_dashboard_scrape,585,52ea99607fe2eeb756678d4c7b9f0c8532545ada,VALID,
2026-09-20,08:49:05,2026,9,HEAD_TRUCK,197,38.01,online,,ujb_dashboard_scrape,586,05e14e936992c0ea20a83ac13f5956736e5a5c21,VALID,
2026-09-20,08:45:59,2026,9,HEAD_TRUCK,134,45.88,online,,ujb_dashboard_scrape,587,93f3b888ca66d7ba97e7c62af61def0b5c5b529b,VALID,
2026-09-20,08:43:36,2026,9,HEAD_TRUCK,167,17.76,online,,ujb_dashboard_scrape,588,9162c199009110e83065b773f1eb818837c34281,VALID,
2026-09-20,08:40:58,2026,9,HEAD_TRUCK,143,62.26,online,,ujb_dashboard_scrape,589,6b1bfd8ad6c585a87dc7dab1e6d5ea135838fb0a,VALID,
2026-09-20,08:39:52,2026,9,HEAD_TRUCK,214,45.36,online,,ujb_dashboard_scrape,590,6d306aaa4e6aa410987ced29afc936a3cd4f44fe,VALID,
2026-09-20,08:37:49,2026,9,HEAD_TRUCK,164,37.55,online,,ujb_dashboard_scrape,591,0bc35cdf0883d8a9a1618db3e845295e33ad639c,VALID,
2026-09-20,08:37:11,2026,9,HEAD_TRUCK,183,50.4,online,,ujb_dashboard_scrape,592,776a15799bb69962cc984442d60b3fb56dba2824,VALID,
2026-09-20,08:36:14,2026,9,HEAD_TRUCK,158,50.87,online,,ujb_dashboard_scrape,593,f6a6f80648eceadb9ec78980acb7d274faded02d,VALID,
2026-09-20,08:34:33,2026,9,HEAD_TRUCK,138,44.03,online,,ujb_dashboard_scrape,594,d8886a4ea9026e4367d34fc405eed35128185d44,VALID,
2026-09-20,08:34:04,2026,9,HEAD_TRUCK,156,60.21,online,,ujb_dashboard_scrape,595,6eaeb435e15eaf7f9e61de5258e35c19e4d0aa34,VALID,
2026-09-20,08:32:10,2026,9,HEAD_TRUCK,159,87.06,online,,ujb_dashboard_scrape,596,ee9ed53d0bae919706f7821835664d9452daf67c,VALID,
2026-09-20,08:29:11,2026,9,HEAD_TRUCK,205,45.18,online,,ujb_dashboard_scrape,597,2dbbbe248ccebf310a1f896ecfacc0b1c74846a4,VALID,
2026-09-20,08:28:20,2026,9,HEAD_TRUCK,191,37.47,online,,ujb_dashboard_scrape,598,822dd887d53789729bf4af02b1079e6b0f9d3b23,VALID,
2026-09-20,08:26:39,2026,9,HEAD_TRUCK,128,61.13,online,,ujb_dashboard_scrape,599,ad9fadb522c1c226ca1b2e94c69b42234977382f,VALID,
2026-09-20,08:25:25,2026,9,HEAD_TRUCK,195,54.53,online,,ujb_dashboard_scrape,600,5f308f23ab779fb725efdcdc25372127f7f2ff09,VALID,
2026-09-20,08:24:49,2026,9,HEAD_TRUCK,136,56.11,online,,ujb_dashboard_scrape,601,7f6d866c0ebf5c8e78e5a8031677b64f19d4f3a2,VALID,
2026-09-20,08:23:45,2026,9,KEND_OPS,RANGGA 11,36.64,online,,ujb_dashboard_scrape,602,7b6a9de02cd670b1b989502a4995783001ff3ff3,VALID,
2026-09-20,08:21:19,2026,9,ELF,03,35.0,online,,ujb_dashboard_scrape,603,caf875ec0593e9f07e44a812ae62520f6ca1e11b,VALID,
2026-09-20,08:20:54,2026,9,HEAD_TRUCK,185,55.04,online,,ujb_dashboard_scrape,604,b3d460889c1030d8d2322b8b57a60418260da1de,VALID,
2026-09-20,08:19:47,2026,9,HEAD_TRUCK,148,52.36,online,,ujb_dashboard_scrape,605,5e8f42baff71e94011dd62f82cc3e8f38da3aaa5,VALID,
2026-09-20,08:18:40,2026,9,HEAD_TRUCK,174,42.35,online,,ujb_dashboard_scrape,606,36285c47fbc51453cd4a4f2faced42616121f3c8,VALID,
2026-09-20,08:17:11,2026,9,HEAD_TRUCK,132,67.46,online,,ujb_dashboard_scrape,607,3c7d69d4a97e21152e38e873a6901e0f31d2693f,VALID,
2026-09-20,08:16:37,2026,9,HEAD_TRUCK,179,30.18,online,,ujb_dashboard_scrape,608,2390c0401c79d53cf3bfc34ecb189a24d7d158bc,VALID,
2026-09-20,08:14:37,2026,9,ELF,02,35.0,online,,ujb_dashboard_scrape,609,6f6d69f7c68147d97840173b991efa5bfa324484,VALID,
2026-09-20,08:13:33,2026,9,HEAD_TRUCK,193,53.16,online,,ujb_dashboard_scrape,610,be09f02b742dc9290a688a43638dd51a3e88f4a3,VALID,
2026-09-20,08:12:02,2026,9,ELF,01,35.0,online,,ujb_dashboard_scrape,611,0c9daa6ed08a1de1691ac0c06e93b0a1c01083ae,VALID,
2026-09-20,08:10:12,2026,9,HEAD_TRUCK,178,118.43,online,,ujb_dashboard_scrape,612,f6bd5c4756069d76fc7bb41f9ca4b46af78392f7,VALID,
2026-09-20,08:08:23,2026,9,HEAD_TRUCK,139,41.15,online,,ujb_dashboard_scrape,613,cb611927e13b2b86855e08dc6375f9d30defa4dd,VALID,
2026-09-19,14:25:08,2026,9,HEAD_TRUCK,179,119.03,online,,ujb_dashboard_scrape,526,a391b224059252010375a00d23c18c369e84bc87,VALID,
2026-09-19,13:59:52,2026,9,BUS,03,55.0,online,,ujb_dashboard_scrape,527,ea70abe5be91ca6a73841e532c7d4356ff964115,VALID,
2026-09-19,13:31:08,2026,9,HEAD_TRUCK,196,25.22,online,,ujb_dashboard_scrape,528,9081eb27a5c8baad2b75cbd1e08068497ac70b02,VALID,
2026-09-19,13:27:45,2026,9,HEAD_TRUCK,202,87.71,online,,ujb_dashboard_scrape,529,c0f9dcfb32d37c74537fd4df96ba3f38f90ce5dc,VALID,
2026-09-19,13:24:14,2026,9,HEAD_TRUCK,151,103.29,online,,ujb_dashboard_scrape,530,e8d29eaa0e92cbb1627ef9530df52158e1a76587,VALID,
2026-09-19,13:21:12,2026,9,HEAD_TRUCK,140,103.38,online,,ujb_dashboard_scrape,531,a93cc0a9397c524979051add1e9a6bcc1b0f9302,VALID,
2026-09-19,13:18:28,2026,9,HEAD_TRUCK,211,102.83,online,,ujb_dashboard_scrape,532,7760d67b0377977ab2dc75c7beb1f256fb5ef3a2,VALID,
2026-09-19,13:16:12,2026,9,HEAD_TRUCK,199,79.77,online,,ujb_dashboard_scrape,533,121f67fac76c807ed5277fb0bac8e15efde07a55,VALID,
2026-09-19,13:13:52,2026,9,HEAD_TRUCK,184,73.8,online,,ujb_dashboard_scrape,534,883b18accbcf9e09273132fc8766a9b288c04a91,VALID,
2026-09-19,13:07:44,2026,9,HEAD_TRUCK,142,117.97,online,,ujb_dashboard_scrape,535,9a88ce0d7d13e2fd71030d052d09dfa239eca13a,VALID,
2026-09-19,13:04:04,2026,9,HEAD_TRUCK,163,101.34,online,,ujb_dashboard_scrape,536,7b1d3a61d9bce298a3dbffb8b1718538251fb871,VALID,
2026-09-19,13:00:59,2026,9,BUS,02,55.0,online,,ujb_dashboard_scrape,537,c44592a8921b050fcfa72fb417f33ae4e9c53785,VALID,
2026-09-19,12:56:07,2026,9,HEAD_TRUCK,162,76.71,online,,ujb_dashboard_scrape,538,3bb5cad4519d5121ddb85a95ad5847dda08ed3c0,VALID,
2026-09-19,11:13:36,2026,9,KEND_OPS,RANGGA 04,38.7,online,,ujb_dashboard_scrape,539,3cb1bbc18569a0914ec19a607c3aebe5ae4ecce2,VALID,
2026-09-19,11:09:06,2026,9,FORKLIFT,FRK,18.22,online,,ujb_dashboard_scrape,540,88474b98f5b543a3bdcbeb61a1d114a660d398ae,VALID,
2026-09-19,11:05:57,2026,9,HEAD_TRUCK,197,79.62,online,,ujb_dashboard_scrape,541,a3925f792eae6988b33d6a91c6ecac5e84c1c590,VALID,
2026-09-19,11:00:34,2026,9,KEND_OPS,B 9656 UAU,25.35,online,,ujb_dashboard_scrape,542,112dfaceb336f14d9f3bcc45f67f6b8d6efe026f,VALID,
2026-09-19,10:57:02,2026,9,HEAD_TRUCK,183,136.88,online,,ujb_dashboard_scrape,543,7c05d7b96aa359127a7ff3d34ad6ba7facf0b08e,VALID,
2026-09-19,10:54:18,2026,9,HEAD_TRUCK,171,76.56,online,,ujb_dashboard_scrape,544,4ad3b77c92cf60ce44a6fd9edc8054c0d6180880,VALID,
2026-09-19,10:35:32,2026,9,HEAD_TRUCK,148,92.23,online,,ujb_dashboard_scrape,545,752e3e7ee935a0b196f5890f2a11c75943d49ac6,VALID,
2026-09-19,10:31:16,2026,9,BUS,01,55.0,online,,ujb_dashboard_scrape,546,305c6c9b72601283f7411892809978dcd83dff3b,VALID,
2026-09-19,10:29:38,2026,9,HEAD_TRUCK,182,92.66,online,,ujb_dashboard_scrape,547,be293d07ed63eac14cd16745857db7ac88469ed2,VALID,
2026-09-19,10:28:26,2026,9,HEAD_TRUCK,153,75.11,online,,ujb_dashboard_scrape,548,bb8c9329b3257fd137aac4bac748c64c146c1d10,VALID,
2026-09-19,10:25:35,2026,9,HEAD_TRUCK,175,70.68,online,,ujb_dashboard_scrape,549,250b706c733eedf99541ddc18a02d78b752c35cc,VALID,
2026-09-19,10:19:49,2026,9,HEAD_TRUCK,213,77.02,online,,ujb_dashboard_scrape,550,260f07d0d976df98ba19a51951b19fe6db69d9f9,VALID,
2026-09-19,10:16:46,2026,9,KEND_OPS,AMBULANCE,21.8,online,,ujb_dashboard_scrape,551,26af52d8ee8dfef3d339932dafa9fdfcd067cb02,VALID,
2026-09-19,10:13:09,2026,9,HEAD_TRUCK,147,79.15,online,,ujb_dashboard_scrape,552,b65cdae9c388295cd5419e3e7ad137e647142af4,VALID,
2026-09-19,10:10:46,2026,9,HEAD_TRUCK,212,73.76,online,,ujb_dashboard_scrape,553,bcfe73fbd9b7a522d71a4df17d5e4d95cf10240d,VALID,
2026-09-19,10:07:01,2026,9,KEND_OPS,RANGGA 03,26.29,online,,ujb_dashboard_scrape,554,da89500edb3eea2fe7356f104aed63b1562ff2eb,VALID,
2026-09-19,10:04:57,2026,9,HEAD_TRUCK,150,97.4,online,,ujb_dashboard_scrape,555,d3be9082b5572b0174f71dea93df98d25fc2ea37,VALID,
2026-09-19,10:00:54,2026,9,HEAD_TRUCK,132,85.56,online,,ujb_dashboard_scrape,556,eed44694a5b4f12386c78947ae183968db9ba24b,VALID,
2026-09-19,09:58:14,2026,9,HEAD_TRUCK,149,78.2,online,,ujb_dashboard_scrape,557,568f13d1b0635b80c645ff8ca98bc187e15d5d72,VALID,
2026-09-19,09:55:18,2026,9,HEAD_TRUCK,143,80.93,online,,ujb_dashboard_scrape,558,57db8307abae187b97b23b3b79e445ad22bf7ce5,VALID,
2026-09-19,09:54:31,2026,9,HEAD_TRUCK,193,73.62,online,,ujb_dashboard_scrape,559,25adeebb8c6bacee6c21b855b69aeed78e5aa47b,VALID,
2026-09-19,09:52:26,2026,9,KEND_OPS,B 9786 BAZ,24.13,online,,ujb_dashboard_scrape,560,24b737395fc4f1fbc2279dee072294b29e3621ce,VALID,
2026-09-19,09:51:42,2026,9,HEAD_TRUCK,128,76.51,online,,ujb_dashboard_scrape,561,4edbb8d73562047d2461450b640e405bda36a0f9,VALID,
2026-09-19,09:49:13,2026,9,HEAD_TRUCK,154,80.98,online,,ujb_dashboard_scrape,562,2a517a8f5880f9c5d854384fe848e7fa71c73c2b,VALID,
2026-09-19,09:44:04,2026,9,HEAD_TRUCK,164,75.19,online,,ujb_dashboard_scrape,563,def43fb4c860cf81d9bb88d2c406b2b2fdb1f7c2,VALID,
2026-09-19,09:41:39,2026,9,HEAD_TRUCK,165,73.98,online,,ujb_dashboard_scrape,564,0aa5f298b4817e012c8d880012f4562a5b4a9a82,VALID,
2026-09-19,09:39:32,2026,9,HEAD_TRUCK,216,80.13,online,,ujb_dashboard_scrape,565,e8144af4e4d5a4dd4cc980b24d2f54ea9dd0b7b3,VALID,
2026-09-19,09:38:31,2026,9,HEAD_TRUCK,203,70.18,online,,ujb_dashboard_scrape,566,de7444c6aa3d20732e58fcc04346cb315ec0b09b,VALID,
2026-09-19,09:37:31,2026,9,HEAD_TRUCK,95,121.01,online,,ujb_dashboard_scrape,567,a638c58a16dab86d1b83abe29394b7fb3dd0cc6f,VALID,
2026-09-19,09:34:40,2026,9,HEAD_TRUCK,209,95.03,online,,ujb_dashboard_scrape,568,319243de14ce32fdb095c2c7010129c58142410f,VALID,
2026-09-19,09:32:33,2026,9,HEAD_TRUCK,195,64.94,online,,ujb_dashboard_scrape,569,94971abcd8c1a8bfd2977ff9f292e7bf47064e5b,VALID,
2026-09-19,09:32:07,2026,9,HEAD_TRUCK,135,22.54,online,,ujb_dashboard_scrape,570,fe94aa8ce3baad31a9a87e571f4d87727ee17129,VALID,
2026-09-19,09:30:36,2026,9,HEAD_TRUCK,210,91.6,online,,ujb_dashboard_scrape,571,1b92f2102cb1387092c49610d53ec38a8ee55a49,VALID,
2026-09-19,09:26:29,2026,9,HEAD_TRUCK,157,76.47,online,,ujb_dashboard_scrape,572,771b90a130a99a2c7e8b1821af705303892f85de,VALID,
2026-09-19,09:23:35,2026,9,HEAD_TRUCK,139,72.66,online,,ujb_dashboard_scrape,573,5550239bc5e87a40a6205089ef05d7bc72598bd5,VALID,
2026-09-19,09:21:59,2026,9,HEAD_TRUCK,206,84.3,online,,ujb_dashboard_scrape,574,ce31ccce48d4c13deea8ff98937a69f24b92e484,VALID,
2026-09-19,09:19:56,2026,9,HEAD_TRUCK,161,67.62,online,,ujb_dashboard_scrape,575,4df18ebb8468e9cb75e2e1bb69b614a8b40937ed,VALID,
2026-09-19,09:17:21,2026,9,HEAD_TRUCK,144,72.78,online,,ujb_dashboard_scrape,576,af4c3bfa0ff8decc94d9a93ce1b0545b6c90532a,VALID,
2026-09-19,09:16:49,2026,9,HEAD_TRUCK,174,66.4,online,,ujb_dashboard_scrape,577,925c05654f0bb870ed378fd0c618ddb031120410,VALID,
2026-09-19,09:13:19,2026,9,HEAD_TRUCK,166,138.15,online,,ujb_dashboard_scrape,578,7db34a002916c9be1b9e600cb5dcc18385816c12,VALID,
2026-09-19,09:11:32,2026,9,HEAD_TRUCK,166,84.23,online,,ujb_dashboard_scrape,579,84fa745c1d3d1fefe7d19e618af73ee6b8b2d7c9,VALID,
2026-09-19,09:09:57,2026,9,HEAD_TRUCK,191,74.54,online,,ujb_dashboard_scrape,580,5b85177a87612330067728a5ce25a32a0a30ffa1,VALID,
2026-09-19,09:07:31,2026,9,HEAD_TRUCK,133,112.62,online,,ujb_dashboard_scrape,581,ccb0e654a65cbcd4d27fe21682990139e08d9d78,VALID,
2026-09-19,09:07:02,2026,9,HEAD_TRUCK,167,94.06,online,,ujb_dashboard_scrape,582,1c2ed53bf5b0d307a9c55f7258a3825cbaa8f8ca,VALID,
2026-09-19,09:03:57,2026,9,HEAD_TRUCK,205,85.42,online,,ujb_dashboard_scrape,583,bb0d628ec00da0e8313adf30ac5e257f6398a974,VALID,
2026-09-19,09:03:14,2026,9,KEND_OPS,RANGGA 15,37.99,online,,ujb_dashboard_scrape,584,55217ee057f0292280bac2db9598498889ea10ba,VALID,
2026-09-19,09:01:32,2026,9,HEAD_TRUCK,168,77.31,online,,ujb_dashboard_scrape,585,562999bd1a60d523c5b20f50ff21a30dcbf3fd8a,VALID,
2026-09-19,08:58:55,2026,9,HEAD_TRUCK,170,74.62,online,,ujb_dashboard_scrape,586,7611a960bc985f9745151915c4fa2c5ded8bef5b,VALID,
2026-09-19,08:54:03,2026,9,HEAD_TRUCK,131,71.32,online,,ujb_dashboard_scrape,587,da7b8ab69aa863dc27357a7fc38ec2cc04c1c291,VALID,
2026-09-19,08:53:33,2026,9,HEAD_TRUCK,185,57.83,online,,ujb_dashboard_scrape,588,e9b959f65457cb297af304575ae6fbb7a39646cc,VALID,
2026-09-19,08:51:04,2026,9,HEAD_TRUCK,198,63.37,online,,ujb_dashboard_scrape,589,e9e1aa4ea05d0a6b028766c940ccd1b9f3bbdf14,VALID,
2026-09-19,08:46:37,2026,9,HEAD_TRUCK,136,72.24,online,,ujb_dashboard_scrape,590,75410c70eb53284ddf8b4c707034dbc499f2ed76,VALID,
2026-09-19,08:44:24,2026,9,HEAD_TRUCK,207,82.88,online,,ujb_dashboard_scrape,591,c6394ac23d648fc7aca4befcad81b8ffea318057,VALID,
2026-09-19,08:41:47,2026,9,HEAD_TRUCK,180,96.3,online,,ujb_dashboard_scrape,592,0f8489c703f014c57f0e0b76f2c8443960140a3d,VALID,
2026-09-19,08:34:58,2026,9,HEAD_TRUCK,156,73.21,online,,ujb_dashboard_scrape,593,c3f072dd2703fe0281a0d1f16a498446c4b905ca,VALID,
2026-09-19,08:33:05,2026,9,HEAD_TRUCK,155,100.01,online,,ujb_dashboard_scrape,594,9853cfa04bebc8a3a33932754502af6b100b1193,VALID,
2026-09-19,08:30:38,2026,9,HEAD_TRUCK,145,84.83,online,,ujb_dashboard_scrape,595,3e811d44ca0d18b30e0a9bc7ac1ac7754676dcd3,VALID,
2026-09-19,08:28:04,2026,9,HEAD_TRUCK,208,65.78,online,,ujb_dashboard_scrape,596,e0061163a2316e02144df5c446b2c61a399bfae1,VALID,
2026-09-19,08:27:59,2026,9,ELF,03,34.87,online,,ujb_dashboard_scrape,597,16efc5df8f435e22f679f24faecc570e056957ff,VALID,
2026-09-19,08:25:48,2026,9,HEAD_TRUCK,152,62.48,online,,ujb_dashboard_scrape,598,4300e0d73627664edc4cf928499ef6432c1b81d6,VALID,
2026-09-19,08:23:55,2026,9,HEAD_TRUCK,214,76.43,online,,ujb_dashboard_scrape,599,ae040f566c60c44084258bd6775638eedf85a35d,VALID,
2026-09-19,08:21:35,2026,9,HEAD_TRUCK,181,94.92,online,,ujb_dashboard_scrape,600,a256a1129525fe34c37b9d7141acb5ad72d6a0b9,VALID,
2026-09-19,08:21:28,2026,9,HEAD_TRUCK,134,75.89,online,,ujb_dashboard_scrape,601,4fd6c183f9506e396a4043383059e0af6a87d301,VALID,
2026-09-19,08:18:20,2026,9,HEAD_TRUCK,188,64.9,online,,ujb_dashboard_scrape,602,2108cc8ffe55fe981649b33eebab4115794fcfdb,VALID,
2026-09-19,08:18:17,2026,9,ELF,02,35.0,online,,ujb_dashboard_scrape,603,df4864e44ee4424a678e0dc1db3ce0e18dadb3d0,VALID,
2026-09-19,08:15:46,2026,9,ELF,01,35.0,online,,ujb_dashboard_scrape,604,f843f8a7892faf361e13bcdad1bb14e06f66bdee,VALID,
2026-09-19,08:13:48,2026,9,HEAD_TRUCK,192,132.36,online,,ujb_dashboard_scrape,605,32de6374b7db7f6ca53b351dd06cbdff1fbd353a,VALID,
2026-09-19,08:12:57,2026,9,HEAD_TRUCK,141,80.63,online,,ujb_dashboard_scrape,606,9f38f9874bcad9fb74df277a25ec5edd7dff45d8,VALID,
2026-09-19,08:10:24,2026,9,HEAD_TRUCK,201,79.56,online,,ujb_dashboard_scrape,607,be83cbe244ea4563cd9da247eab4f2d7d032e2b7,VALID,
2026-09-19,08:09:45,2026,9,HEAD_TRUCK,215,93.9,online,,ujb_dashboard_scrape,608,31074b51ae582c85d7c51924a9001761782a5d7e,VALID,
2026-09-19,08:06:31,2026,9,HEAD_TRUCK,186,66.22,online,,ujb_dashboard_scrape,609,c6afb8c8981314984424d1627d61d5d3b0fe5cc1,VALID,
2026-09-19,08:05:51,2026,9,HEAD_TRUCK,159,71.02,online,,ujb_dashboard_scrape,610,c3e6ca69b948e0e330ead556b047157d9851d270,VALID,
2026-09-19,08:03:27,2026,9,HEAD_TRUCK,138,73.34,online,,ujb_dashboard_scrape,611,2f496948d41afebc9addf1881b41dc89478fc614,VALID,
2026-09-19,08:02:58,2026,9,HEAD_TRUCK,169,96.7,online,,ujb_dashboard_scrape,612,6072c63d99961cee1562f2914c23a59d10048e91,VALID,
2026-09-18,14:04:27,2026,9,FORKLIFT,30,25.29,online,,ujb_dashboard_scrape,526,3e753ee59d74e18023fa88f4aa743632f4621b4f,VALID,
2026-09-18,14:02:20,2026,9,FORKLIFT,32,40.0,online,,ujb_dashboard_scrape,527,75d97a0397c4fc70b04a1d79f842c6c117e872bc,VALID,
2026-09-18,13:46:33,2026,9,HEAD_TRUCK,174,6.98,online,,ujb_dashboard_scrape,528,a6196e5ecec27d172603ddd7a77c2233725eebdc,VALID,
2026-09-18,13:40:56,2026,9,FORKLIFT,28,29.88,online,,ujb_dashboard_scrape,529,6adf8bd1b4e88a63308560b3734b4a87e83826d2,VALID,
2026-09-18,13:37:43,2026,9,KEND_OPS,RANGGA 13,39.9,online,,ujb_dashboard_scrape,530,27db5265b16e41601c16727af327b0b27fa8d485,VALID,
2026-09-18,13:33:16,2026,9,FORKLIFT,26,16.43,online,,ujb_dashboard_scrape,531,9b7b1ac8827da734a52f9fe2d68c7edf6a6c8f49,VALID,
2026-09-18,13:30:48,2026,9,HEAD_TRUCK,161,71.42,online,,ujb_dashboard_scrape,532,1dace093f89896af1eb729a5b1599aacbc0c7e84,VALID,
2026-09-18,13:25:16,2026,9,KEND_OPS,RANGGA 05,39.9,online,,ujb_dashboard_scrape,533,4ee30ff28be6eb39c82b5e09c32131b9f89f5eeb,VALID,
2026-09-18,13:08:58,2026,9,HEAD_TRUCK,193,134.91,online,,ujb_dashboard_scrape,534,422030ee8d64e63418ec3d858d7fbba28cb31192,VALID,
2026-09-18,10:56:19,2026,9,KEND_OPS,B 9118 SO,59.22,online,,ujb_dashboard_scrape,535,be3df2ea8f99051fe88c6ab9ebd5e9efcd678cb8,VALID,
2026-09-18,10:43:12,2026,9,HEAD_TRUCK,201,75.3,online,,ujb_dashboard_scrape,536,7158c61fbea9734a444d8590e86a4de9cd160d18,VALID,
2026-09-18,10:40:40,2026,9,HEAD_TRUCK,139,59.09,online,,ujb_dashboard_scrape,537,02345725b8cd97d17e2f9e996b7f99367474f275,VALID,
2026-09-18,10:38:20,2026,9,HEAD_TRUCK,145,62.71,online,,ujb_dashboard_scrape,538,2fe2ffd39f62e0df6f9b8de838b81e26b8c03c1b,VALID,
2026-09-18,10:35:31,2026,9,HEAD_TRUCK,162,48.34,online,,ujb_dashboard_scrape,539,195cd518c7906f0fdb76515f314d1024f7ac6203,VALID,
2026-09-18,10:33:16,2026,9,HEAD_TRUCK,136,75.3,online,,ujb_dashboard_scrape,540,be72dabda376bbadd89556c639b3032d58f1bdb1,VALID,
2026-09-18,10:27:32,2026,9,HEAD_TRUCK,147,81.03,online,,ujb_dashboard_scrape,541,c3de95cddc1dded789ddafbd490789b5f91716db,VALID,
2026-09-18,10:27:20,2026,9,BUS,03,55.0,online,,ujb_dashboard_scrape,542,34aaf16f33ed5efd14f6296e6dd7cb3755c75e97,VALID,
2026-09-18,10:24:58,2026,9,HEAD_TRUCK,143,86.25,online,,ujb_dashboard_scrape,543,a5b92499a2fbbf8b81596d7b0e4188d2548f2a7d,VALID,
2026-09-18,10:13:18,2026,9,HEAD_TRUCK,171,65.11,online,,ujb_dashboard_scrape,544,fecdc9315ae125b185637b6bd86808ee96ebe8fc,VALID,
2026-09-18,10:12:35,2026,9,HEAD_TRUCK,201,68.6,online,,ujb_dashboard_scrape,545,8a2bb0268a49920e6ea974f3439ca4bae8fde601,VALID,
2026-09-18,10:10:12,2026,9,HEAD_TRUCK,138,70.12,online,,ujb_dashboard_scrape,546,e0c9456b5fa5cd8f1e547787ab6ee3c6d54b0760,VALID,
2026-09-18,10:10:05,2026,9,HEAD_TRUCK,158,78.97,online,,ujb_dashboard_scrape,547,18599ad2e7f79043d61a826e4deabe605e242a50,VALID,
2026-09-18,10:07:16,2026,9,HEAD_TRUCK,212,75.77,online,,ujb_dashboard_scrape,548,8da75dfde21a475f165377e6b47188feb63267c9,VALID,
2026-09-18,10:06:09,2026,9,HEAD_TRUCK,208,62.69,online,,ujb_dashboard_scrape,549,b243436317ead7335fefa0bd874eb64aaec4148d,VALID,
2026-09-18,10:03:41,2026,9,HEAD_TRUCK,199,64.26,online,,ujb_dashboard_scrape,550,3bd04b5977accc84f5b944e84897bd102995ccba,VALID,
2026-09-18,10:03:24,2026,9,HEAD_TRUCK,210,83.55,online,,ujb_dashboard_scrape,551,ffc70d9ad22c6c070c182aa157dabaed9b4bce8d,VALID,
2026-09-18,10:00:11,2026,9,HEAD_TRUCK,149,64.99,online,,ujb_dashboard_scrape,552,e9df2ca451dc2084d711ad76746a230fab2a5e4c,VALID,
2026-09-18,09:58:08,2026,9,HEAD_TRUCK,170,69.94,online,,ujb_dashboard_scrape,553,ef3d864273c115b064dcd883d6c79cb9cdc5766f,VALID,
2026-09-18,09:56:55,2026,9,HEAD_TRUCK,178,65.44,online,,ujb_dashboard_scrape,554,b3318c11d5cb81973d10bd8cffb2e174595065d1,VALID,
2026-09-18,09:55:50,2026,9,HEAD_TRUCK,131,89.52,online,,ujb_dashboard_scrape,555,7d8de3df958d1c1a584f3a40e11b81e0c71ffb1a,VALID,
2026-09-18,09:53:56,2026,9,HEAD_TRUCK,195,58.17,online,,ujb_dashboard_scrape,556,5a5c6dd608b93a2f924ca982162899b71bd5f1e2,VALID,
2026-09-18,09:53:24,2026,9,HEAD_TRUCK,206,62.33,online,,ujb_dashboard_scrape,557,6ead17f77d6f1fadcd200f77d464e057a4946a05,VALID,
2026-09-18,09:50:40,2026,9,HEAD_TRUCK,157,51.83,online,,ujb_dashboard_scrape,558,2d7c87dd5243a326e848ba5cc0eaee1ec63fbe05,VALID,
2026-09-18,09:48:35,2026,9,HEAD_TRUCK,211,72.54,online,,ujb_dashboard_scrape,559,3d2ce807e0e524b9b51f148f495cc2fc495055f7,VALID,
2026-09-18,09:47:38,2026,9,HEAD_TRUCK,185,56.11,online,,ujb_dashboard_scrape,560,7b22292f73ac60540b70f91b9bbf48477499e73f,VALID,
2026-09-18,09:46:02,2026,9,HEAD_TRUCK,140,55.21,online,,ujb_dashboard_scrape,561,6caff7927d7454089377c38c78035a8ed61b9a8c,VALID,
2026-09-18,09:45:33,2026,9,HEAD_TRUCK,203,74.96,online,,ujb_dashboard_scrape,562,c335db5ffa7f76aaf7f2490963fa3bba71f4dc84,VALID,
2026-09-18,09:43:04,2026,9,HEAD_TRUCK,142,78.37,online,,ujb_dashboard_scrape,563,db3d3dcfa915da3fa558beb667bdace2b648669b,VALID,
2026-09-18,09:40:42,2026,9,HEAD_TRUCK,167,60.7,online,,ujb_dashboard_scrape,564,c75fe25014c6ce8c57daa276b57e80dca321214a,VALID,
2026-09-18,09:39:07,2026,9,HEAD_TRUCK,156,68.86,online,,ujb_dashboard_scrape,565,7b5317f5113acb97c9207159b07cedec42048f13,VALID,
2026-09-18,09:35:44,2026,9,HEAD_TRUCK,154,98.89,online,,ujb_dashboard_scrape,566,b016685e48612d86458a32f4acd922aace054d43,VALID,
2026-09-18,09:34:39,2026,9,HEAD_TRUCK,181,83.5,online,,ujb_dashboard_scrape,567,7e7a143e8125109dcf2184eb3e2333ffab30c250,VALID,
2026-09-18,09:33:13,2026,9,HEAD_TRUCK,148,78.75,online,,ujb_dashboard_scrape,568,d97870046e3a9a3a12184c62dc2a22eb979bc14a,VALID,
2026-09-18,09:32:10,2026,9,HEAD_TRUCK,181,0.7,online,,ujb_dashboard_scrape,569,801d8f22e998b6df0840066692a07bf4c50aefde,VALID,
2026-09-18,09:29:44,2026,9,HEAD_TRUCK,188,55.31,online,,ujb_dashboard_scrape,570,5fd2e4a36c6daa91a1d4f60a513eb6499aaf9f63,VALID,
2026-09-18,09:29:32,2026,9,BUS,02,34.7,online,,ujb_dashboard_scrape,571,c270ed3c2489b55e60c33d8816226fa3f6f3939e,VALID,
2026-09-18,09:26:49,2026,9,HEAD_TRUCK,133,52.6,online,,ujb_dashboard_scrape,572,a8bc6d1a52d3986299fc94e6e458358ed6defd92,VALID,
2026-09-18,09:25:06,2026,9,HEAD_TRUCK,153,71.79,online,,ujb_dashboard_scrape,573,92acd44c7a429acd8f62ab9d0f03e93ac4d68b58,VALID,
2026-09-18,09:23:02,2026,9,HEAD_TRUCK,159,80.6,online,,ujb_dashboard_scrape,574,63354eb9f2c6d3bfe649567284c182b666ef539a,VALID,
2026-09-18,09:20:50,2026,9,HEAD_TRUCK,95,105.12,online,,ujb_dashboard_scrape,575,37088f4a5edc669015f9a20a3bec5a297e4e73a0,VALID,
2026-09-18,09:17:48,2026,9,HEAD_TRUCK,214,66.82,online,,ujb_dashboard_scrape,576,6f688d95205984e5fcaf7c7a490e5aed515315de,VALID,
2026-09-18,09:13:36,2026,9,HEAD_TRUCK,204,83.71,online,,ujb_dashboard_scrape,577,2bcfcb92bd37a665178733bb4b65f03c2dd1b87c,VALID,
2026-09-18,09:10:19,2026,9,HEAD_TRUCK,164,52.48,online,,ujb_dashboard_scrape,578,c2b7a0100c89c1a45daea30ff4cb6b3440b43a42,VALID,
2026-09-18,09:08:04,2026,9,HEAD_TRUCK,141,77.25,online,,ujb_dashboard_scrape,579,00284da5f2aa10a497c77f2def7878047a027f53,VALID,
2026-09-18,09:05:32,2026,9,HEAD_TRUCK,137,64.57,online,,ujb_dashboard_scrape,580,732d33ef640d66f2a1d5173a502c8e10669a1bef,VALID,
2026-09-18,09:03:38,2026,9,HEAD_TRUCK,151,83.43,online,,ujb_dashboard_scrape,581,31c76f8909f80e78bf6a63a2d11bc69fbfde30fd,VALID,
2026-09-18,09:01:24,2026,9,HEAD_TRUCK,134,79.65,online,,ujb_dashboard_scrape,582,dba7e1c12f398c2c4ae542b82908ec9ac44c48dc,VALID,
2026-09-18,09:00:02,2026,9,HEAD_TRUCK,199,51.55,online,,ujb_dashboard_scrape,583,8abffe740993d34ebd29ea51dee571c294a3fbd0,VALID,
2026-09-18,08:59:27,2026,9,HEAD_TRUCK,152,50.71,online,,ujb_dashboard_scrape,584,184efb9c9e99d487706c1073883a74392faab1d6,VALID,
2026-09-18,08:58:00,2026,9,HEAD_TRUCK,196,55.93,online,,ujb_dashboard_scrape,585,7e6635c55e078fecd9e6af294035d99a2d92f385,VALID,
2026-09-18,08:57:32,2026,9,HEAD_TRUCK,163,80.01,online,,ujb_dashboard_scrape,586,332288c45eddefb1a73776a3c3d4d33972e52e9e,VALID,
2026-09-18,08:56:00,2026,9,HEAD_TRUCK,197,74.55,online,,ujb_dashboard_scrape,587,2dea53e7eb899d94fac13333117cd7d42831a756,VALID,
2026-09-18,08:55:06,2026,9,HEAD_TRUCK,205,82.7,online,,ujb_dashboard_scrape,588,5b7c0d0a8299e7092ada10ac4c90c64396657f5b,VALID,
2026-09-18,08:52:33,2026,9,HEAD_TRUCK,169,116.19,online,,ujb_dashboard_scrape,589,f2874cb9fe302cba8a4ff57acdccc93b3c1cbffd,VALID,
2026-09-18,08:52:32,2026,9,HEAD_TRUCK,175,49.62,online,,ujb_dashboard_scrape,590,aa44150c57e861f7d8a0c51cb2f7998c9102f7b1,VALID,
2026-09-18,08:50:14,2026,9,HEAD_TRUCK,190,37.33,online,,ujb_dashboard_scrape,591,4cdcce180e589ecc1eeb24a2d8cbd93dd578c7e4,VALID,
2026-09-18,08:48:44,2026,9,HEAD_TRUCK,132,65.15,online,,ujb_dashboard_scrape,592,19c0709359602b45c19c54881b2dfa96e860f53f,VALID,
2026-09-18,08:48:27,2026,9,HEAD_TRUCK,182,73.1,online,,ujb_dashboard_scrape,593,1fae9ce7ea168906c1c385b236b3b2cd14252549,VALID,
2026-09-18,08:46:05,2026,9,KEND_OPS,RANGGA 12,39.52,online,,ujb_dashboard_scrape,594,ebe061a4ad10ed74cec5ab881ff22270e1db4f73,VALID,
2026-09-18,08:46:02,2026,9,HEAD_TRUCK,128,80.0,online,,ujb_dashboard_scrape,595,d1f9fc0bb20adf97b3a9d300be7b42e02ec69f78,VALID,
2026-09-18,08:43:52,2026,9,ELF,03,35.0,online,,ujb_dashboard_scrape,596,70b44f402626362c73b042f03113058db7ab0a52,VALID,
2026-09-18,08:42:44,2026,9,HEAD_TRUCK,215,74.72,online,,ujb_dashboard_scrape,597,e132be64ea73a689fbb40fc3595743e2f961b2a7,VALID,
2026-09-18,08:39:42,2026,9,HEAD_TRUCK,216,20.42,online,,ujb_dashboard_scrape,598,362959544bc7ee613be33d9d0f6c21ffd9fc3047,VALID,
2026-09-18,08:37:33,2026,9,HEAD_TRUCK,209,112.04,online,,ujb_dashboard_scrape,599,ac6e5656550d1e811502342fafc03e3fdd2b06e0,VALID,
2026-09-18,08:34:41,2026,9,HEAD_TRUCK,207,78.98,online,,ujb_dashboard_scrape,600,8a2b4b819068351bcd53ef936f5820093bd76fdb,VALID,
2026-09-18,08:34:27,2026,9,HEAD_TRUCK,184,61.71,online,,ujb_dashboard_scrape,601,6d0d3e60734c80ae30dd6bf21238df4da6df905f,VALID,
2026-09-18,08:31:53,2026,9,BUS,01,54.19,online,,ujb_dashboard_scrape,602,706b66d3a60bee3cf45c6d7321475d0da10ac846,VALID,
2026-09-18,08:29:51,2026,9,HEAD_TRUCK,202,53.9,online,,ujb_dashboard_scrape,603,c6e88f65eca10966bf16e3e0fd8cb367ce45fb4b,VALID,
2026-09-18,08:29:47,2026,9,HEAD_TRUCK,155,78.45,online,,ujb_dashboard_scrape,604,a175218dd2413be03b53d4333e73a2528c6245dd,VALID,
2026-09-18,08:27:36,2026,9,HEAD_TRUCK,198,56.85,online,,ujb_dashboard_scrape,605,e59253049081507a5e57f23af01a8777a6a5b15f,VALID,
2026-09-18,08:26:52,2026,9,ELF,02,34.73,online,,ujb_dashboard_scrape,606,eba0d1d2d691ca1ecfc068790e9b0ff1256d42bd,VALID,
2026-09-18,08:25:17,2026,9,HEAD_TRUCK,183,85.81,online,,ujb_dashboard_scrape,607,8d1e8bd91e4e9a8d5ce4ea6dcf821f11d13603cc,VALID,
2026-09-18,08:24:55,2026,9,ELF,01,35.0,online,,ujb_dashboard_scrape,608,ee0802599d2eef515a7b91130e60e23d0cd3b3c8,VALID,
2026-09-18,08:22:48,2026,9,HEAD_TRUCK,213,67.8,online,,ujb_dashboard_scrape,609,aed203c7026c5f3bdfccac17c41d16be619de5f0,VALID,
2026-09-18,08:22:16,2026,9,KEND_OPS,RANGGA 04,39.39,online,,ujb_dashboard_scrape,610,93d59035b1a2336099af8a509c1ea5f65c1e5964,VALID,
2026-09-18,08:20:18,2026,9,HEAD_TRUCK,150,95.27,online,,ujb_dashboard_scrape,611,3aff35e050e31120004b0e0419831783d2c2fe3c,VALID,
2026-09-18,08:17:43,2026,9,HEAD_TRUCK,179,101.03,online,,ujb_dashboard_scrape,612,e0573ff0055cdef51956e83d10470753ef5022a3,VALID,
2026-09-18,08:17:19,2026,9,KEND_OPS,B 8137 OH,39.78,online,,ujb_dashboard_scrape,613,74a7b27386ebd0716c6acb4d9fb61822ef289f90,VALID,
2026-09-18,08:14:56,2026,9,HEAD_TRUCK,144,56.81,online,,ujb_dashboard_scrape,614,1fa0abb87ecd2a419219cab0e30f2ffbfe428678,VALID,
2026-09-18,08:14:00,2026,9,HEAD_TRUCK,194,99.19,online,,ujb_dashboard_scrape,615,f87eeaae8bf603ebd6fe035899d0f82e5ab282b5,VALID,
2026-09-18,08:12:23,2026,9,HEAD_TRUCK,168,72.42,online,,ujb_dashboard_scrape,616,24df5c274ea1c4c1212c907db8ecb949a3d54c8b,VALID,
2026-09-18,08:09:58,2026,9,HEAD_TRUCK,192,80.56,online,,ujb_dashboard_scrape,617,647cfd9c1769e702b82be5ef7ac2c309ad1d9d5c,VALID,
2026-09-18,08:09:51,2026,9,HEAD_TRUCK,165,73.84,online,,ujb_dashboard_scrape,618,a1c2b70f3962f72cab058851fa488ad2cd4ea892,VALID,
2026-09-17,13:43:28,2026,9,HEAD_TRUCK,161,101.57,online,,ujb_dashboard_scrape,537,3a1205cab257f8a846a5385bc47cdaa18ccf1868,VALID,
2026-09-17,13:40:06,2026,9,HEAD_TRUCK,171,103.84,online,,ujb_dashboard_scrape,538,273b38d478eecbb655d9e6465a1ef079de3010f4,VALID,
2026-09-17,13:20:36,2026,9,HEAD_TRUCK,185,65.55,online,,ujb_dashboard_scrape,539,584505e3cd693cdf0ac0ad0e75c98aee3e23e5b2,VALID,
2026-09-17,13:16:05,2026,9,BUS,02,43.23,online,,ujb_dashboard_scrape,540,7ba104b964186e023b5c4df63622f2f5d32f9daa,VALID,
2026-09-17,13:10:34,2026,9,HEAD_TRUCK,181,60.12,online,,ujb_dashboard_scrape,541,d47007489187914c39d17010970952028151d21b,VALID,
2026-09-17,13:09:45,2026,9,HEAD_TRUCK,149,89.17,online,,ujb_dashboard_scrape,542,5b3714e8b76b30b15eb30edf5aef593b9a2ba062,VALID,
2026-09-17,11:19:51,2026,9,HEAD_TRUCK,208,72.56,online,,ujb_dashboard_scrape,543,c64551ea83ff797c186f42c22d8afd9aaa3b211c,VALID,
2026-09-17,11:17:02,2026,9,HEAD_TRUCK,162,60.82,online,,ujb_dashboard_scrape,544,262bb1713d1f82b7962de50356e6008b8578199a,VALID,
2026-09-17,11:14:17,2026,9,HEAD_TRUCK,157,61.62,online,,ujb_dashboard_scrape,545,0616c4aea31e02e399bcd5916d348f1553d730e0,VALID,
2026-09-17,11:10:50,2026,9,HEAD_TRUCK,190,51.61,online,,ujb_dashboard_scrape,546,bc5fde817266d7ec63f3cb223afe4a685b8fe9fa,VALID,
2026-09-17,11:07:53,2026,9,HEAD_TRUCK,201,90.87,online,,ujb_dashboard_scrape,547,8a97ce74c6053388b7ef00b048fe6e61935e14c7,VALID,
2026-09-17,11:06:35,2026,9,HEAD_TRUCK,139,81.49,online,,ujb_dashboard_scrape,548,eceaffd740f822d0827e42820d199a1c472063e4,VALID,
2026-09-17,11:04:11,2026,9,HEAD_TRUCK,156,77.4,online,,ujb_dashboard_scrape,549,e47d71a0bcd7ca092bdb198898a24a84d4634f22,VALID,
2026-09-17,11:02:58,2026,9,HEAD_TRUCK,144,76.36,online,,ujb_dashboard_scrape,550,175f8ee91bdd435c5940bcd40cd3b3800ed3901a,VALID,
2026-09-17,11:00:09,2026,9,HEAD_TRUCK,140,87.26,online,,ujb_dashboard_scrape,551,6f41fb3499942713dec69480df30a589425d4b5e,VALID,
2026-09-17,10:57:29,2026,9,HEAD_TRUCK,211,87.41,online,,ujb_dashboard_scrape,552,17c671aa2415104a9af8e19d219da62de9dc9745,VALID,
2026-09-17,10:54:53,2026,9,KEND_OPS,RANGGA 01,29.99,online,,ujb_dashboard_scrape,553,02fe9e98e2903fd71f989e8e00171067209937a2,VALID,
2026-09-17,10:50:56,2026,9,HEAD_TRUCK,132,86.22,online,,ujb_dashboard_scrape,554,7015d77ad91108a2358c4d0819a934bedf390b8c,VALID,
2026-09-17,10:48:18,2026,9,HEAD_TRUCK,191,95.29,online,,ujb_dashboard_scrape,555,ad26b1acb4d1165807204c1281347e3a7533839a,VALID,
2026-09-17,10:47:04,2026,9,HEAD_TRUCK,138,71.11,online,,ujb_dashboard_scrape,556,b7da47ced1f2b66da74f6442a173d34e5d94d131,VALID,
2026-09-17,10:44:23,2026,9,KEND_OPS,RANGGA 16,32.72,online,,ujb_dashboard_scrape,557,190fa69bac96ed0c8f58ddd621698b8c23dbbe54,VALID,
2026-09-17,10:40:13,2026,9,HEAD_TRUCK,166,85.86,online,,ujb_dashboard_scrape,558,309e9c859dc246a6c190f4b55db8d8509d6076c3,VALID,
2026-09-17,10:36:46,2026,9,HEAD_TRUCK,202,83.72,online,,ujb_dashboard_scrape,559,a8dbbc6c72e4c62c390bfe9485f03fe167f6cfaf,VALID,
2026-09-17,10:34:40,2026,9,ELF,03,35.0,online,,ujb_dashboard_scrape,560,8b0f4f773b4bf750a17771809c6ea91396b58650,VALID,
2026-09-17,10:22:52,2026,9,HEAD_TRUCK,143,81.49,online,,ujb_dashboard_scrape,561,e047d9d4fe50bb46abd722990ec9e6d61356fe18,VALID,
2026-09-17,10:20:39,2026,9,HEAD_TRUCK,131,75.23,online,,ujb_dashboard_scrape,562,9f668162b1a8cc40600113662908c4e2844dbf87,VALID,
2026-09-17,10:18:29,2026,9,HEAD_TRUCK,148,99.0,online,,ujb_dashboard_scrape,563,cb65c4d213f8fdb9c68f8eb2b73acf55bdd6132c,VALID,
2026-09-17,10:08:19,2026,9,HEAD_TRUCK,214,106.17,online,,ujb_dashboard_scrape,564,8c320ea4f2a873bacfc9198d7d6d984b4bfb9a93,VALID,
2026-09-17,10:05:13,2026,9,HEAD_TRUCK,145,91.04,online,,ujb_dashboard_scrape,565,2e5f6678ea0a92b187d0ad29c9dff74b3624b13f,VALID,
2026-09-17,10:02:46,2026,9,HEAD_TRUCK,204,71.49,online,,ujb_dashboard_scrape,566,0002638859d77e9f2d1388971b6f6a57d797e207,VALID,
2026-09-17,10:00:30,2026,9,BUS,02,55.0,online,,ujb_dashboard_scrape,567,6ed16ab49eeead661e22104ad0875d69427d972e,VALID,
2026-09-17,09:59:58,2026,9,HEAD_TRUCK,178,92.53,online,,ujb_dashboard_scrape,568,420a44e06559da2d1a3e5ade12c6a508fd3a6ffb,VALID,
2026-09-17,09:57:02,2026,9,HEAD_TRUCK,159,76.95,online,,ujb_dashboard_scrape,569,e681729a2cb38c92afc25e4047d9e3f3341e612b,VALID,
2026-09-17,09:54:59,2026,9,HEAD_TRUCK,158,87.58,online,,ujb_dashboard_scrape,570,052febd7ffc4f232063f834fe6232efc673b390e,VALID,
2026-09-17,09:53:50,2026,9,HEAD_TRUCK,198,76.69,online,,ujb_dashboard_scrape,571,8682dab75cc154a78878bf7026b99de2b099a10f,VALID,
2026-09-17,09:52:33,2026,9,HEAD_TRUCK,206,109.45,online,,ujb_dashboard_scrape,572,f7956660daa6084c293a8058a0896794e3eb69cd,VALID,
2026-09-17,09:51:07,2026,9,HEAD_TRUCK,199,77.21,online,,ujb_dashboard_scrape,573,6819f4e035c43dfd0ad127def5728ee3274923ef,VALID,
2026-09-17,09:49:04,2026,9,BUS,01,55.0,online,,ujb_dashboard_scrape,574,a882dfed38317c53115a7a28e1b26b7e32bd215f,VALID,
2026-09-17,09:46:27,2026,9,HEAD_TRUCK,184,64.28,online,,ujb_dashboard_scrape,575,56e1e171780a8018cdf24ec955f30d44e58a9977,VALID,
2026-09-17,09:42:35,2026,9,HEAD_TRUCK,195,63.33,online,,ujb_dashboard_scrape,576,2c1db514b9ed76931991aabc0e4149ff7a5f3340,VALID,
2026-09-17,09:40:21,2026,9,HEAD_TRUCK,196,88.67,online,,ujb_dashboard_scrape,577,36c3f94ca82c108f7d8002c8c0f25634d8eb49c2,VALID,
2026-09-17,09:37:24,2026,9,HEAD_TRUCK,197,50.43,online,,ujb_dashboard_scrape,578,45ec724f3acdf1d5b9969d0aa165573408efc5f5,VALID,
2026-09-17,09:32:44,2026,9,HEAD_TRUCK,216,69.51,online,,ujb_dashboard_scrape,579,3dd74ebb672b7d7e9de49172e3779da9ca0eb2b6,VALID,
2026-09-17,09:26:07,2026,9,HEAD_TRUCK,151,119.63,online,,ujb_dashboard_scrape,580,60465accc750540ad243d3b942fe41eabaab59d1,VALID,
2026-09-17,09:22:54,2026,9,HEAD_TRUCK,203,82.54,online,,ujb_dashboard_scrape,581,2605e1a7aa2993b5d258d986aa50fd69b9fe2195,VALID,
2026-09-17,09:20:55,2026,9,HEAD_TRUCK,170,102.24,online,,ujb_dashboard_scrape,582,55e53d1ff8f6123704790274c4779d4b96c96a43,VALID,
2026-09-17,09:18:08,2026,9,HEAD_TRUCK,164,74.66,online,,ujb_dashboard_scrape,583,7c3e5505c9925bf5436ef243151c666b557669a5,VALID,
2026-09-17,09:15:31,2026,9,HEAD_TRUCK,205,90.54,online,,ujb_dashboard_scrape,584,1fdd9d99091c1248e3d74955ffad363dbc5acc10,VALID,
2026-09-17,09:14:30,2026,9,HEAD_TRUCK,175,72.85,online,,ujb_dashboard_scrape,585,feacbc02f7192a05aa9eeac32e998f39098a872f,VALID,
2026-09-17,09:13:15,2026,9,HEAD_TRUCK,155,86.51,online,,ujb_dashboard_scrape,586,e665ef714cdc7142cc9f92a1eb6e5cd94cf0b6f8,VALID,
2026-09-17,09:10:34,2026,9,HEAD_TRUCK,207,69.94,online,,ujb_dashboard_scrape,587,3d984d46bb158876f635da67c4a4f36fe8f58a20,VALID,
2026-09-17,09:08:21,2026,9,HEAD_TRUCK,215,94.42,online,,ujb_dashboard_scrape,588,89dfe14482d2287888fe7200c07b593caac31912,VALID,
2026-09-17,09:08:06,2026,9,HEAD_TRUCK,188,22.3,online,,ujb_dashboard_scrape,589,0d96df5ba397a18d465558e1e99b7aea20f807b7,VALID,
2026-09-17,09:05:11,2026,9,HEAD_TRUCK,95,64.94,online,,ujb_dashboard_scrape,590,04c4fcb12818e801d75eb45af72e7ca42cbd984c,VALID,
2026-09-17,09:04:08,2026,9,HEAD_TRUCK,134,90.24,online,,ujb_dashboard_scrape,591,d9bd5b6dd4c6658dfbfd8592f6c2bf1b5ae6b447,VALID,
2026-09-17,09:00:53,2026,9,HEAD_TRUCK,213,70.01,online,,ujb_dashboard_scrape,592,c82e2967044371c877a52684f863cbc6eeb2c1ed,VALID,
2026-09-17,08:59:57,2026,9,HEAD_TRUCK,152,98.79,online,,ujb_dashboard_scrape,593,e0b58f849652922161f376bbf10a279e6f223dd7,VALID,
2026-09-17,08:57:01,2026,9,HEAD_TRUCK,186,60.67,online,,ujb_dashboard_scrape,594,6c3aed392b3ae74e50c86f48b03ca596446c5fbe,VALID,
2026-09-17,08:56:53,2026,9,HEAD_TRUCK,141,87.68,online,,ujb_dashboard_scrape,595,8d6efd59bc422d5da161179a284c1e5500db6af4,VALID,
2026-09-17,08:54:21,2026,9,KEND_OPS,TRAGA,37.87,online,,ujb_dashboard_scrape,596,54e799151ed887c559b339e3a1973c335952fe55,VALID,
2026-09-17,08:53:45,2026,9,HEAD_TRUCK,210,89.44,online,,ujb_dashboard_scrape,597,90e389b131bd3e171322e6267301e34141c3f376,VALID,
2026-09-17,08:50:43,2026,9,KEND_OPS,RANGGA 06,33.14,online,,ujb_dashboard_scrape,598,1ca8d2c88bdc0cc32b48971f3e88c71edfa534b5,VALID,
2026-09-17,08:50:39,2026,9,ELF,02,35.0,online,,ujb_dashboard_scrape,599,440aa304ed9aaaf77adad9d669143697f9d8a305,VALID,
2026-09-17,08:48:11,2026,9,HEAD_TRUCK,133,105.12,online,,ujb_dashboard_scrape,600,a066ddf1fca0582e03fac1906fd85d6cda2a2d31,VALID,
2026-09-17,08:45:06,2026,9,HEAD_TRUCK,142,81.14,online,,ujb_dashboard_scrape,601,2d3cc9dd033323305bda2091b6b713ce80d367dd,VALID,
2026-09-17,08:42:43,2026,9,HEAD_TRUCK,147,65.55,online,,ujb_dashboard_scrape,602,ad00c29a96009c3da2989b999a55a27018237b1a,VALID,
2026-09-17,08:42:12,2026,9,HEAD_TRUCK,174,84.36,online,,ujb_dashboard_scrape,603,00c70357cb5bd8cc18e60a109c9b328c9402d52a,VALID,
2026-09-17,08:40:49,2026,9,HEAD_TRUCK,150,79.03,online,,ujb_dashboard_scrape,604,a41a0033ceeaef7e0398d15cb75f8de5fdbfa549,VALID,
2026-09-17,08:38:01,2026,9,HEAD_TRUCK,167,85.52,online,,ujb_dashboard_scrape,605,6ff35a25e9412a55813ea2f19385ed413592e0b6,VALID,
2026-09-17,08:35:39,2026,9,HEAD_TRUCK,128,85.55,online,,ujb_dashboard_scrape,606,061bbcda2ffb74cd09dced716c3c64c6e6a10a92,VALID,
2026-09-17,08:33:22,2026,9,HEAD_TRUCK,136,80.51,online,,ujb_dashboard_scrape,607,4afcfd3ca6d9a655200446966c89cf67f4161a12,VALID,
2026-09-17,08:31:11,2026,9,HEAD_TRUCK,209,79.25,online,,ujb_dashboard_scrape,608,5f9591f3613ef9647cb60bb8a972d864d687f150,VALID,
2026-09-17,08:28:53,2026,9,HEAD_TRUCK,153,82.87,online,,ujb_dashboard_scrape,609,ed2a84645e63b026179a4f1b9d48f4a6c735a9f8,VALID,
2026-09-17,08:26:24,2026,9,HEAD_TRUCK,137,78.49,online,,ujb_dashboard_scrape,610,316a3e638440c02beeea8913bf2ea80f096da4eb,VALID,
2026-09-17,08:24:15,2026,9,ELF,01,35.0,online,,ujb_dashboard_scrape,611,7f30dd384a8da57039a31b3e72d93e663d3cb5b5,VALID,
2026-09-17,08:22:31,2026,9,HEAD_TRUCK,154,80.55,online,,ujb_dashboard_scrape,612,f42d0312d32f951e17b9b167636a16a443f69bcb,VALID,
2026-09-17,08:19:58,2026,9,HEAD_TRUCK,212,96.94,online,,ujb_dashboard_scrape,613,5dd47e1a21418c0018910886b39c33de9d49fd86,VALID,
2026-09-17,08:17:27,2026,9,HEAD_TRUCK,163,71.71,online,,ujb_dashboard_scrape,614,a89112d09b3cbe6303a546e552df903ee0bde5cf,VALID,
2026-09-17,08:16:36,2026,9,HEAD_TRUCK,182,71.05,online,,ujb_dashboard_scrape,615,48e8030c442faedaef195f29fb5d2558c5a162c1,VALID,
2026-09-17,08:14:48,2026,9,HEAD_TRUCK,165,66.52,online,,ujb_dashboard_scrape,616,e9edd0cf00310d5b54088105b604f96c3c9b1132,VALID,
2026-09-17,08:13:11,2026,9,HEAD_TRUCK,179,91.28,online,,ujb_dashboard_scrape,617,f3fdb869523fb244c3548063f3fd8a324d2ab066,VALID,
2026-09-17,08:12:02,2026,9,HEAD_TRUCK,169,73.63,online,,ujb_dashboard_scrape,618,a45c7dea347bc87a85e0463b8406a20f4a7725af,VALID,
2026-09-17,08:10:14,2026,9,HEAD_TRUCK,183,100.36,online,,ujb_dashboard_scrape,619,5b6ed553169a52cac4b96694ac915953704a2f8f,VALID,
2026-09-17,08:08:52,2026,9,HEAD_TRUCK,168,79.62,online,,ujb_dashboard_scrape,620,f13f1d09d521b7d786fc75c415b5d2fdd2f8b696,VALID,
2026-09-16,14:32:50,2026,9,HEAD_TRUCK,195,91.61,online,,ujb_dashboard_scrape,531,17607e6b1fcb6fae95e62fcbd1cedeadf8cbb1a1,VALID,
2026-09-16,14:08:34,2026,9,HEAD_TRUCK,138,75.99,online,,ujb_dashboard_scrape,532,188694cee446eb60fc151ee41b7c00e7fcf94f00,VALID,
2026-09-16,14:06:03,2026,9,KEND_OPS,RANGGA 04,39.8,online,,ujb_dashboard_scrape,533,a98ae60ad0113a37ab954e1215d8c6133862f6d7,VALID,
2026-09-16,13:29:44,2026,9,HEAD_TRUCK,188,67.67,online,,ujb_dashboard_scrape,534,dcb73c067907d0c98574e46c17a3859be7bf469c,VALID,
2026-09-16,13:26:22,2026,9,HEAD_TRUCK,147,31.62,online,,ujb_dashboard_scrape,535,2e4966160de519b4d71cd8bec58d8608a2654135,VALID,
2026-09-16,13:23:59,2026,9,HEAD_TRUCK,159,108.08,online,,ujb_dashboard_scrape,536,509f55cb6120947f72b3d1d4d61721d43e76034e,VALID,
2026-09-16,13:19:16,2026,9,HEAD_TRUCK,211,87.55,online,,ujb_dashboard_scrape,537,184bdcdde6dd4f58cde327ac6f34d98db22af4f6,VALID,
2026-09-16,13:16:19,2026,9,HEAD_TRUCK,157,96.37,online,,ujb_dashboard_scrape,538,99d2bdc150c948263b614379da2c6025b347b180,VALID,
2026-09-16,13:13:29,2026,9,KEND_OPS,RANGGA 11,31.35,online,,ujb_dashboard_scrape,539,03bf337a04f976a5f7f2b15d5cfcd08dba91a249,VALID,
2026-09-16,13:10:12,2026,9,HEAD_TRUCK,165,101.19,online,,ujb_dashboard_scrape,540,41115032671076d4a8102d3c244ac491f6bc557d,VALID,
2026-09-16,13:07:00,2026,9,HEAD_TRUCK,213,111.19,online,,ujb_dashboard_scrape,541,43841fd7a8f0cd028a3b9311b01727b752a9bfe3,VALID,
2026-09-16,11:24:47,2026,9,KEND_OPS,RANGGA 05,25.8,online,,ujb_dashboard_scrape,542,5430ad61ac50b3723426ed48fbe1a1059a9c25aa,VALID,
2026-09-16,11:14:14,2026,9,HEAD_TRUCK,132,69.01,online,,ujb_dashboard_scrape,543,a3ca23c91b6c1b82085f9348ec16f2e8808af708,VALID,
2026-09-16,11:08:12,2026,9,HEAD_TRUCK,147,92.49,online,,ujb_dashboard_scrape,544,ec675b59ea7100af48819271bdd4c625a45b891e,VALID,
2026-09-16,11:00:54,2026,9,KEND_OPS,GALMON 08,66.6,online,,ujb_dashboard_scrape,545,9c5e24e790f8bb6aa50c628cb82dc9527df82d90,VALID,
2026-09-16,10:59:34,2026,9,KEND_OPS,HILUX,40.0,online,,ujb_dashboard_scrape,546,2e600cbfe23c90a058785bd9df90fbbe8a784a1b,VALID,
2026-09-16,10:50:54,2026,9,HEAD_TRUCK,149,88.57,online,,ujb_dashboard_scrape,547,9e50e6982ef07dd1dbb94e3adf3cf174ab345cb9,VALID,
2026-09-16,10:34:53,2026,9,HEAD_TRUCK,197,21.15,online,,ujb_dashboard_scrape,548,abbebc8ae1e55c6c525e7f0d8e7b1f8f8ac44aae,VALID,
2026-09-16,10:31:02,2026,9,HEAD_TRUCK,205,105.68,online,,ujb_dashboard_scrape,549,efe09c2837b4fbb403599273c44ebf34203e1e3c,VALID,
2026-09-16,10:28:02,2026,9,HEAD_TRUCK,216,92.78,online,,ujb_dashboard_scrape,550,e212f63f9eb7597b3b01e809593aa781a8446411,VALID,
2026-09-16,10:25:17,2026,9,HEAD_TRUCK,212,105.71,online,,ujb_dashboard_scrape,551,61820ff6b8ca03a627ffd377386d7f46ffb422a6,VALID,
2026-09-16,10:22:11,2026,9,HEAD_TRUCK,128,92.97,online,,ujb_dashboard_scrape,552,790ad482469c38d7d649c405b60f838a0f34cfaf,VALID,
2026-09-16,10:19:22,2026,9,HEAD_TRUCK,215,104.91,online,,ujb_dashboard_scrape,553,c1258b5eef6d8ec70365f9a6a1dbb6ac0428df58,VALID,
2026-09-16,10:17:32,2026,9,HEAD_TRUCK,137,103.62,online,,ujb_dashboard_scrape,554,69ce5c0806c54ad78cab6218f1c8cb3381f5384f,VALID,
2026-09-16,10:14:40,2026,9,BUS,03,50.18,online,,ujb_dashboard_scrape,555,38392171d1b042e460e651bbb66a7ea254c2f96c,VALID,
2026-09-16,10:10:38,2026,9,HEAD_TRUCK,155,102.15,online,,ujb_dashboard_scrape,556,c6b163b7f53617861a9c3e30ee11a6a26a8884ca,VALID,
2026-09-16,10:09:28,2026,9,HEAD_TRUCK,198,86.91,online,,ujb_dashboard_scrape,557,1120ead20d9d41dd5439c3e976c1d8f2fa5e45d5,VALID,
2026-09-16,10:07:49,2026,9,KEND_OPS,GALMON 05,61.38,online,,ujb_dashboard_scrape,558,cff9f44c7228b07e2ae04caa60fba24192b2d2b4,VALID,
2026-09-16,10:04:15,2026,9,HEAD_TRUCK,164,79.28,online,,ujb_dashboard_scrape,559,a32d41995274fa1a9ddcd4ebbeea2b613cc324fc,VALID,
2026-09-16,10:02:36,2026,9,KEND_OPS,TRAGA,33.1,online,,ujb_dashboard_scrape,560,91adf2da1f1ec0a782037620a01189b5edd1c39c,VALID,
2026-09-16,10:00:36,2026,9,HEAD_TRUCK,214,69.12,online,,ujb_dashboard_scrape,561,f57c40a99fd0d91b571d7347587afdecef9eb9b5,VALID,
2026-09-16,09:59:55,2026,9,HEAD_TRUCK,186,73.65,online,,ujb_dashboard_scrape,562,6d884754a57be8564ff2f3ca98d975f90888a2e4,VALID,
2026-09-16,09:57:36,2026,9,HEAD_TRUCK,141,91.45,online,,ujb_dashboard_scrape,563,c0a35636d4752a30e8f3b26678cee5bf1f288d7e,VALID,
2026-09-16,09:54:52,2026,9,ELF,03,35.0,online,,ujb_dashboard_scrape,564,dacac516c9a04d32502b32ea87a3a77e6dfa1487,VALID,
2026-09-16,09:52:42,2026,9,HEAD_TRUCK,204,84.53,online,,ujb_dashboard_scrape,565,d7cb7bdf118cf58d2b85fa8b8f334499f8efa2a4,VALID,
2026-09-16,09:51:08,2026,9,HEAD_TRUCK,139,85.28,online,,ujb_dashboard_scrape,566,af62e76557b8baf7683245a0cb4926bcb9510b7a,VALID,
2026-09-16,09:47:43,2026,9,HEAD_TRUCK,154,75.95,online,,ujb_dashboard_scrape,567,ca11742c10ed0efd721cf322097d8219517ef926,VALID,
2026-09-16,09:46:54,2026,9,HEAD_TRUCK,182,85.1,online,,ujb_dashboard_scrape,568,640f56927879746bb4d8b995db68ee67fceea2ed,VALID,
2026-09-16,09:44:53,2026,9,ELF,02,35.0,online,,ujb_dashboard_scrape,569,a5d0f3bb0e7aae9e7f345af1909b7b22fe4edaf4,VALID,
2026-09-16,09:43:11,2026,9,HEAD_TRUCK,196,86.27,online,,ujb_dashboard_scrape,570,820648a8e8138b790a72f699ea01c200a84d98e4,VALID,
2026-09-16,09:42:08,2026,9,HEAD_TRUCK,171,82.52,online,,ujb_dashboard_scrape,571,d7b47a73c8295523ded1fbace01a29745e62219d,VALID,
2026-09-16,09:39:18,2026,9,ELF,01,35.0,online,,ujb_dashboard_scrape,572,217dfc456347413d8a9fdaa6fbcf28e739b2032f,VALID,
2026-09-16,09:39:15,2026,9,HEAD_TRUCK,175,68.73,online,,ujb_dashboard_scrape,573,fd5f7a758f1bae2dd98c144dff197cdfb5c065e8,VALID,
2026-09-16,09:35:57,2026,9,HEAD_TRUCK,145,105.71,online,,ujb_dashboard_scrape,574,6d4f115093b8ca9a22be56120be8b3c833d8045e,VALID,
2026-09-16,09:34:18,2026,9,HEAD_TRUCK,170,108.05,online,,ujb_dashboard_scrape,575,43da2c556ab21b06352f772d326a8a32c3053e34,VALID,
2026-09-16,09:30:56,2026,9,HEAD_TRUCK,144,76.08,online,,ujb_dashboard_scrape,576,256f10242f6cb29c5d90d27a0c77a1aa0996164d,VALID,
2026-09-16,09:29:51,2026,9,HEAD_TRUCK,134,78.7,online,,ujb_dashboard_scrape,577,5c50a25c6aa0c87815a09a94bd45d747cc840139,VALID,
2026-09-16,09:27:23,2026,9,HEAD_TRUCK,142,56.23,online,,ujb_dashboard_scrape,578,d437861e0df4d7f2cecc98099d5788d5c9982f98,VALID,
2026-09-16,09:26:36,2026,9,HEAD_TRUCK,150,89.71,online,,ujb_dashboard_scrape,579,7bce2d8afdedbacfce05c426ed43a445d62f1118,VALID,
2026-09-16,09:24:19,2026,9,HEAD_TRUCK,166,80.2,online,,ujb_dashboard_scrape,580,65c7faa3a1663020a991f34f88736f9647805485,VALID,
2026-09-16,09:23:13,2026,9,HEAD_TRUCK,193,106.49,online,,ujb_dashboard_scrape,581,b9367a2ddb4fe012ebee77e21ed476f3a4e68f39,VALID,
2026-09-16,09:21:23,2026,9,HEAD_TRUCK,210,86.06,online,,ujb_dashboard_scrape,582,f65e7ec4a2533a424291d8dc22066ffbf3a5b21d,VALID,
2026-09-16,09:18:40,2026,9,HEAD_TRUCK,158,68.93,online,,ujb_dashboard_scrape,583,d1faad84581612015db0fa0db64e0342c295800c,VALID,
2026-09-16,09:18:28,2026,9,HEAD_TRUCK,183,110.73,online,,ujb_dashboard_scrape,584,587393d477a42cc9b886ed1b8fdee032f0a2df44,VALID,
2026-09-16,09:15:03,2026,9,HEAD_TRUCK,140,81.41,online,,ujb_dashboard_scrape,585,cc1bc93bab9647cf286d820ba4a721cfd15fe848,VALID,
2026-09-16,09:13:35,2026,9,HEAD_TRUCK,207,83.48,online,,ujb_dashboard_scrape,586,f09ef6e580534b7346a51334f7c19522ce9852bf,VALID,
2026-09-16,09:11:07,2026,9,HEAD_TRUCK,209,85.3,online,,ujb_dashboard_scrape,587,77610850e007e6260698cc5214a8e8f203b22bee,VALID,
2026-09-16,09:10:08,2026,9,HEAD_TRUCK,203,75.84,online,,ujb_dashboard_scrape,588,5cce5dfa0090738a308ba9e1e1351f156fe6e871,VALID,
2026-09-16,09:07:17,2026,9,HEAD_TRUCK,206,84.3,online,,ujb_dashboard_scrape,589,006c02745340ca4dafa45d59038194e59f7bee5c,VALID,
2026-09-16,09:07:08,2026,9,BUS,02,54.93,online,,ujb_dashboard_scrape,590,925be336c78d55782d8ced7f5147f9a536540279,VALID,
2026-09-16,09:03:41,2026,9,HEAD_TRUCK,163,83.42,online,,ujb_dashboard_scrape,591,f82198b17e69fe4d53eeba1d488adc988fb2ddbf,VALID,
2026-09-16,09:02:35,2026,9,HEAD_TRUCK,192,84.24,online,,ujb_dashboard_scrape,592,9f77a0a7d411bb4c0d308299ab60eb3cf5c3b197,VALID,
2026-09-16,09:00:07,2026,9,HEAD_TRUCK,131,103.07,online,,ujb_dashboard_scrape,593,cfabc7bf732441db60f3b5c92552aa7b9e2865db,VALID,
2026-09-16,08:58:25,2026,9,HEAD_TRUCK,190,67.56,online,,ujb_dashboard_scrape,594,f560b91ad85d94c13a98ef16f9a550984f69c2d1,VALID,
2026-09-16,08:56:08,2026,9,HEAD_TRUCK,178,84.2,online,,ujb_dashboard_scrape,595,422ebf64c8ed630f5809f9c918d532858583ac7a,VALID,
2026-09-16,08:54:54,2026,9,HEAD_TRUCK,153,73.14,online,,ujb_dashboard_scrape,596,6d3c7f637ac2519d6c9b1a9527bbbc47d6a9d630,VALID,
2026-09-16,08:52:16,2026,9,BUS,01,55.0,online,,ujb_dashboard_scrape,597,6770d8c0fe02e478eaa5487c1a7343f3c8b754a5,VALID,
2026-09-16,08:52:11,2026,9,HEAD_TRUCK,174,78.91,online,,ujb_dashboard_scrape,598,1d421e1fbfa33b4e19c3d4f98a3e4819349e9fd5,VALID,
2026-09-16,08:49:44,2026,9,FORKLIFT,28,32.71,online,,ujb_dashboard_scrape,599,241bdffc2e551a945092dd38f4eed551facb6faa,VALID,
2026-09-16,08:46:41,2026,9,HEAD_TRUCK,201,82.77,online,,ujb_dashboard_scrape,600,0db846121f11cbbcc58d4db866e8294f25440384,VALID,
2026-09-16,08:45:13,2026,9,HEAD_TRUCK,152,96.24,online,,ujb_dashboard_scrape,601,14d75aa94caab94dcdc77c5b03d99b84d85e92e1,VALID,
2026-09-16,08:42:45,2026,9,HEAD_TRUCK,199,68.11,online,,ujb_dashboard_scrape,602,234bdce6968fff645bb14bcf83f8d3cc95f9749c,VALID,
2026-09-16,08:41:38,2026,9,HEAD_TRUCK,143,87.82,online,,ujb_dashboard_scrape,603,f9d84e789d34ee9677369e40d63b675e79fef5a2,VALID,
2026-09-16,08:40:15,2026,9,HEAD_TRUCK,185,60.94,online,,ujb_dashboard_scrape,604,fb36c7e7e6ab3081742e225e6f978e0949a879af,VALID,
2026-09-16,08:38:38,2026,9,HEAD_TRUCK,148,70.3,online,,ujb_dashboard_scrape,605,b6634750550c830bb98ce39ae5cd42e6a2f91c6b,VALID,
2026-09-16,08:37:02,2026,9,HEAD_TRUCK,184,68.45,online,,ujb_dashboard_scrape,606,44d082220557a699e5027a1f93cc55b4f21f6e0d,VALID,
2026-09-16,08:35:57,2026,9,HEAD_TRUCK,162,84.83,online,,ujb_dashboard_scrape,607,444d4b1cba02a41f96cb560fdfe857702e19c8e8,VALID,
2026-09-16,08:34:12,2026,9,HEAD_TRUCK,177,50.63,online,,ujb_dashboard_scrape,608,f43459a27b695a65255f062e55df750073c3ccbd,VALID,
2026-09-16,08:33:19,2026,9,HEAD_TRUCK,136,104.38,online,,ujb_dashboard_scrape,609,ac9a20dacd59f51870b1ed3318dc085ee3f92790,VALID,
2026-09-16,08:29:45,2026,9,HEAD_TRUCK,136,10.18,online,,ujb_dashboard_scrape,610,0590ebc3dd2b103faaee2f82c255951e6bd51436,VALID,
2026-09-16,08:29:26,2026,9,HEAD_TRUCK,191,77.55,online,,ujb_dashboard_scrape,611,e45675abb3a693f3ae863846aed4c2be6401a4c2,VALID,
2026-09-16,08:28:30,2026,9,HEAD_TRUCK,161,89.21,online,,ujb_dashboard_scrape,612,43046a5ee633f821d0c206c496bc22f9dbd339e5,VALID,
2026-09-16,08:25:24,2026,9,HEAD_TRUCK,133,114.64,online,,ujb_dashboard_scrape,613,dc568c0ecc14c6211dbba17695a817024c8a83dc,VALID,
2026-09-16,08:25:23,2026,9,HEAD_TRUCK,194,24.11,online,,ujb_dashboard_scrape,614,b8d042ca824de28a55a2bb77d1627dd699841ffc,VALID,
2026-09-16,08:23:12,2026,9,HEAD_TRUCK,194,56.81,online,,ujb_dashboard_scrape,615,c977b7d89de254523b28f6ba3576c5475d6b3604,VALID,
2026-09-16,08:22:08,2026,9,HEAD_TRUCK,169,67.71,online,,ujb_dashboard_scrape,616,d70b2ef3d28255f368f1055db0ca8c446e134e9a,VALID,
2026-09-16,08:20:44,2026,9,HEAD_TRUCK,179,102.9,online,,ujb_dashboard_scrape,617,6bef588503383761fdd5ba8fd3c6979e2697303e,VALID,
2026-09-16,08:18:45,2026,9,H,208,80.3,online,,ujb_dashboard_scrape,618,0ea8ac85c1832fee94ed1cf8b9233006912b0680,VALID,
2026-09-16,08:17:44,2026,9,HEAD_TRUCK,208,76.5,online,,ujb_dashboard_scrape,619,30ee4a18f1a034a5f8e24949f5492758db0f893b,VALID,
2026-09-16,08:08:38,2026,9,HEAD_TRUCK,167,69.58,online,,ujb_dashboard_scrape,620,c964c14148cf651e176fb63275eec69445f582f7,VALID,
2026-09-16,08:06:28,2026,9,HEAD_TRUCK,181,78.46,online,,ujb_dashboard_scrape,621,7fbb3e2ad41a65120497b69b382f43b0b7fbb91d,VALID,
2026-09-15,14:22:46,2026,9,HEAD_TRUCK,142,87.32,online,,ujb_dashboard_scrape,530,8ec7a0df4920741de5c27675df56a6a4afe34a88,VALID,
2026-09-15,14:02:15,2026,9,HEAD_TRUCK,211,87.1,online,,ujb_dashboard_scrape,531,939059f4900827e540a693d6481656571375c617,VALID,
2026-09-15,13:59:30,2026,9,HEAD_TRUCK,151,92.65,online,,ujb_dashboard_scrape,532,ce9f72c2bb494131063d12d4b6b8c2c41da4f2b7,VALID,
2026-09-15,13:54:40,2026,9,HEAD_TRUCK,210,26.83,online,,ujb_dashboard_scrape,533,4d04c5e736baa7cc3c8648734b650c80f6ada590,VALID,
2026-09-15,13:50:20,2026,9,HEAD_TRUCK,195,93.21,online,,ujb_dashboard_scrape,534,84781ff9d1824ad0a835e0ce612c6540a5d31c09,VALID,
2026-09-15,13:40:01,2026,9,HEAD_TRUCK,159,112.51,online,,ujb_dashboard_scrape,535,f5e9502d6598abf69f47e666415e410bca17b6fe,VALID,
2026-09-15,13:34:06,2026,9,HEAD_TRUCK,149,97.15,online,,ujb_dashboard_scrape,536,e074b09e8fa48f78b3ae676bf6db0651630c2a3c,VALID,
2026-09-15,13:28:12,2026,9,HEAD_TRUCK,206,79.91,online,,ujb_dashboard_scrape,537,70510ecd09dbf3d44a5b935a0dda1ee8cc0d3554,VALID,
2026-09-15,13:21:29,2026,9,HEAD_TRUCK,153,95.69,online,,ujb_dashboard_scrape,538,03d5587f6d20608ed1f49d3ba621f84c9786757c,VALID,
2026-09-15,13:18:59,2026,9,KEND_OPS,B 9428 UAT,25.72,online,,ujb_dashboard_scrape,539,882414ea1c1298c91c234e335771130a3fbb327f,VALID,
2026-09-15,13:13:37,2026,9,HEAD_TRUCK,209,105.47,online,,ujb_dashboard_scrape,540,080f9fca0ac1b05af148d5371c258110d08536ee,VALID,
2026-09-15,11:19:14,2026,9,HEAD_TRUCK,185,80.07,online,,ujb_dashboard_scrape,541,3efbc3160fcd6c087b9b51aecbcd95db219ba3dc,VALID,
2026-09-15,11:13:43,2026,9,HEAD_TRUCK,163,107.48,online,,ujb_dashboard_scrape,542,c4fa4ab3836ba03f469b1805712d904363a94e97,VALID,
2026-09-15,10:57:21,2026,9,HEAD_TRUCK,194,94.64,online,,ujb_dashboard_scrape,543,2def8944548090ca2bd7b34addfadbb258394ad6,VALID,
2026-09-15,10:49:49,2026,9,HEAD_TRUCK,171,100.31,online,,ujb_dashboard_scrape,544,8ef5e393129872cd56b846f07742fc927afe5e95,VALID,
2026-09-15,10:49:32,2026,9,HEAD_TRUCK,177,30.59,online,,ujb_dashboard_scrape,545,ad563b7644623187255ffa04da90fadffd4dcb25,VALID,
2026-09-15,10:47:46,2026,9,HEAD_TRUCK,190,51.45,online,,ujb_dashboard_scrape,546,e5ced2a929818b921d67760b4c5127395d2d1894,VALID,
2026-09-15,10:42:59,2026,9,HEAD_TRUCK,145,92.66,online,,ujb_dashboard_scrape,547,5943e627f6d75c3da9be51a3a443fb8bd67a0f71,VALID,
2026-09-15,10:39:48,2026,9,HEAD_TRUCK,165,75.18,online,,ujb_dashboard_scrape,548,65b1f881078d26f0c39106dc33cb648aee5bf5a9,VALID,
2026-09-15,10:37:50,2026,9,HEAD_TRUCK,139,73.9,online,,ujb_dashboard_scrape,549,6a5dc8ae2df7ace17490d12398a12defce992c63,VALID,
2026-09-15,10:34:11,2026,9,HEAD_TRUCK,204,81.2,online,,ujb_dashboard_scrape,550,ab275c77eec35ed2947f14737da3ec128cb30bdd,VALID,
2026-09-15,10:32:57,2026,9,9786 BAZ,9786 BAZ,33.23,online,,ujb_dashboard_scrape,551,3c04b1df8cbb83d0f88fba3368b75dd867889b3d,VALID,
2026-09-15,10:30:29,2026,9,HEAD_TRUCK,175,67.42,online,,ujb_dashboard_scrape,552,4de3f0d722a0c8f0f31c357591d3846f97ea794f,VALID,
2026-09-15,10:30:04,2026,9,KEND_OPS,RANGGA 15,40.0,online,,ujb_dashboard_scrape,553,3be038ec8b5901051f977eb6eb63c96b5da5fa54,VALID,
2026-09-15,10:27:46,2026,9,HEAD_TRUCK,203,96.16,online,,ujb_dashboard_scrape,554,fdd42cf22396379fafb5882bd9e8b7d9017ffe35,VALID,
2026-09-15,10:25:10,2026,9,HEAD_TRUCK,201,67.82,online,,ujb_dashboard_scrape,555,9f3cf02c51e71aec9888bae926a3dd0b1e883e06,VALID,
2026-09-15,10:25:05,2026,9,HEAD_TRUCK,155,94.01,online,,ujb_dashboard_scrape,556,ed7aa599625fe6346ffc4e6aa5b96f3afb692328,VALID,
2026-09-15,10:19:34,2026,9,ELF,03,35.0,online,,ujb_dashboard_scrape,557,053a0d7c29a97fe23ab44182be7e1219766f2d9d,VALID,
2026-09-15,10:14:40,2026,9,BUS,03,45.28,online,,ujb_dashboard_scrape,558,da09ca74775f3a7069693ca0832136a8dc4cbde4,VALID,
2026-09-15,10:09:52,2026,9,HEAD_TRUCK,186,87.65,online,,ujb_dashboard_scrape,559,9688aecd065330b842ec433cd3b06620adcf9a33,VALID,
2026-09-15,10:06:12,2026,9,HEAD_TRUCK,198,84.17,online,,ujb_dashboard_scrape,560,a78f3fc0e6fc741cc3a0c25216c07ba06791f170,VALID,
2026-09-15,09:57:03,2026,9,HEAD_TRUCK,215,53.78,online,,ujb_dashboard_scrape,561,ad6d7125741238417ce4d21b8b4daa940c09af3f,VALID,
2026-09-15,09:55:09,2026,9,HEAD_TRUCK,157,73.34,online,,ujb_dashboard_scrape,562,e1002032a39ccc327413035af2eb1a003e9257c9,VALID,
2026-09-15,09:53:04,2026,9,HEAD_TRUCK,207,90.0,online,,ujb_dashboard_scrape,563,f292077c91aad9a470b2e842b0ec68fb578298d0,VALID,
2026-09-15,09:50:46,2026,9,HEAD_TRUCK,133,87.9,online,,ujb_dashboard_scrape,564,368911284284781abc03dd20cb0c8f1d19883ee0,VALID,
2026-09-15,09:50:30,2026,9,HEAD_TRUCK,156,99.49,online,,ujb_dashboard_scrape,565,83b91483cc7dd919e33725ec651e9c8c99315d61,VALID,
2026-09-15,09:47:10,2026,9,HEAD_TRUCK,143,91.49,online,,ujb_dashboard_scrape,566,26989a8dca0a2f405f06f889a2de8f2c168a7514,VALID,
2026-09-15,09:44:53,2026,9,HEAD_TRUCK,134,86.22,online,,ujb_dashboard_scrape,567,c787d03cb61626b533bcabd561a83c1da1aeefd1,VALID,
2026-09-15,09:42:52,2026,9,HEAD_TRUCK,197,52.88,online,,ujb_dashboard_scrape,568,eda9ff542fa7edd69eab71b9d323c302bb3437fc,VALID,
2026-09-15,09:42:43,2026,9,HEAD_TRUCK,216,88.75,online,,ujb_dashboard_scrape,569,5d2892b7ccb959c6781262f4ce8edad31e2f0b95,VALID,
2026-09-15,09:38:16,2026,9,HEAD_TRUCK,214,87.44,online,,ujb_dashboard_scrape,570,88a552b6a8f89e7358d4526056d4233f6fa3986d,VALID,
2026-09-15,09:35:45,2026,9,HEAD_TRUCK,170,88.02,online,,ujb_dashboard_scrape,571,695064bbd36e4bc6bb1377eaffc57852031f33ab,VALID,
2026-09-15,09:35:04,2026,9,HEAD_TRUCK,166,82.79,online,,ujb_dashboard_scrape,572,e4e8f2061b8a2ef493ca42ef566ac64e410399e9,VALID,
2026-09-15,09:32:08,2026,9,HEAD_TRUCK,158,81.15,online,,ujb_dashboard_scrape,573,8dc3fff09b00a59e312f2b897c252cf368e3c1ea,VALID,
2026-09-15,09:29:56,2026,9,HEAD_TRUCK,138,87.18,online,,ujb_dashboard_scrape,574,a0ae4c27d596ec85ace56de4a10b84d3245baa46,VALID,
2026-09-15,09:27:29,2026,9,HEAD_TRUCK,140,66.21,online,,ujb_dashboard_scrape,575,6b9e0f7d9b761685d3a6d459acec53af3ab53558,VALID,
2026-09-15,09:26:58,2026,9,HEAD_TRUCK,192,85.84,online,,ujb_dashboard_scrape,576,87b747c634635ccaf8ae9daba10c886e99c09a82,VALID,
2026-09-15,09:23:16,2026,9,HEAD_TRUCK,205,74.42,online,,ujb_dashboard_scrape,577,5825b0a094794c1654349a12072b1515751e1a8f,VALID,
2026-09-15,09:23:00,2026,9,HEAD_TRUCK,150,85.25,online,,ujb_dashboard_scrape,578,9b6b6f9070f5d9e71f61224dc716b42a643e4753,VALID,
2026-09-15,09:20:05,2026,9,HEAD_TRUCK,173,123.92,online,,ujb_dashboard_scrape,579,a7dbba39a0b497db98dd2cddf51802fb116db991,VALID,
2026-09-15,09:18:44,2026,9,HEAD_TRUCK,193,76.79,online,,ujb_dashboard_scrape,580,2eaec0927e77505bd74c5e22de955561960fdc63,VALID,
2026-09-15,09:15:43,2026,9,HEAD_TRUCK,208,46.53,online,,ujb_dashboard_scrape,581,a4bc15325ac0f670d7bfa4e1f9a484b09dc581aa,VALID,
2026-09-15,09:15:02,2026,9,HEAD_TRUCK,191,65.35,online,,ujb_dashboard_scrape,582,4f79e03a84623a17cc72cf2fc97e2c6ca74857df,VALID,
2026-09-15,09:13:25,2026,9,HEAD_TRUCK,154,106.79,online,,ujb_dashboard_scrape,583,77e0f0b7441c1d99d22be6c0bb3d6fb7b6b3d771,VALID,
2026-09-15,09:12:44,2026,9,HEAD_TRUCK,182,95.09,online,,ujb_dashboard_scrape,584,1e29f8a74d345f7ce77c6dac6ed8ca0fecc6d96d,VALID,
2026-09-15,09:10:12,2026,9,HEAD_TRUCK,128,94.48,online,,ujb_dashboard_scrape,585,1d047874302d2cc1dcfb667bcd8c251e26035757,VALID,
2026-09-15,09:09:09,2026,9,HEAD_TRUCK,199,71.54,online,,ujb_dashboard_scrape,586,16063a0d8c6abebd77a2937309527ac4e9c5e56e,VALID,
2026-09-15,09:06:29,2026,9,HEAD_TRUCK,212,74.16,online,,ujb_dashboard_scrape,587,6a6db9668dfc9205c37dd805eeb8a3bc83f22b8f,VALID,
2026-09-15,09:05:56,2026,9,ELF,02,40.0,online,,ujb_dashboard_scrape,588,b196fca18042efb1c44e58e81c0ba5557f30ab9b,VALID,
2026-09-15,09:03:39,2026,9,KEND_OPS,RANGGA 06,40.0,online,,ujb_dashboard_scrape,589,5ae21ad114efc62d39cb3d304f9e2001e6163352,VALID,
2026-09-15,09:03:32,2026,9,HEAD_TRUCK,137,93.57,online,,ujb_dashboard_scrape,590,a5b2e0749b63c6927b1265e4983ceb218bc16ed8,VALID,
2026-09-15,09:00:46,2026,9,BUS,02,54.77,online,,ujb_dashboard_scrape,591,52583581ad5d844205f9bcba9cc65369b7608705,VALID,
2026-09-15,08:56:30,2026,9,HEAD_TRUCK,144,72.65,online,,ujb_dashboard_scrape,592,5e4ddbdda96a3363030d51bee77dd0f62da2ee5c,VALID,
2026-09-15,08:54:31,2026,9,HEAD_TRUCK,141,80.72,online,,ujb_dashboard_scrape,593,2d85b2cb960107f50cde579b460017762c48efef,VALID,
2026-09-15,08:51:56,2026,9,HEAD_TRUCK,148,86.8,online,,ujb_dashboard_scrape,594,ec9d5192168ec0fe632d810732c9a83c305edf23,VALID,
2026-09-15,08:49:30,2026,9,HEAD_TRUCK,213,75.23,online,,ujb_dashboard_scrape,595,4f2e38394eae8bf2f25a78c21f5b4bae287f66f3,VALID,
2026-09-15,08:42:25,2026,9,HEAD_TRUCK,184,57.87,online,,ujb_dashboard_scrape,596,47bc975b8cb3b561b6180d44910006024d06cbeb,VALID,
2026-09-15,08:38:30,2026,9,HEAD_TRUCK,178,89.21,online,,ujb_dashboard_scrape,597,50692074548fb286f6571d0b64ce9262060fbfb5,VALID,
2026-09-15,08:35:52,2026,9,HEAD_TRUCK,136,61.93,online,,ujb_dashboard_scrape,598,a3bbeb1c96ccedd01bbffea843752abf6c90e70a,VALID,
2026-09-15,08:35:03,2026,9,HEAD_TRUCK,196,76.84,online,,ujb_dashboard_scrape,599,e134a469356a008992823134ca35027100b8d578,VALID,
2026-09-15,08:32:06,2026,9,HEAD_TRUCK,147,99.94,online,,ujb_dashboard_scrape,600,2299aed427de9346224e701368d91559fb93683f,VALID,
2026-09-15,08:30:23,2026,9,ELF,01,35.0,online,,ujb_dashboard_scrape,601,8e7bbd1e2df3d8ec60645c417a7754d36277ef70,VALID,
2026-09-15,08:26:52,2026,9,HEAD_TRUCK,167,88.59,online,,ujb_dashboard_scrape,602,d77cb57e4b5137ee2265ec0eb2cda0085d51fe9e,VALID,
2026-09-15,08:24:40,2026,9,HEAD_TRUCK,202,70.51,online,,ujb_dashboard_scrape,603,74ed0867a1e8994bc4adff62e71e06d12a764795,VALID,
2026-09-15,08:24:03,2026,9,BUS,01,52.1,online,,ujb_dashboard_scrape,604,e6c8a38377ae42ebfd0ba2380247f96de9f69537,VALID,
2026-09-15,08:18:39,2026,9,HEAD_TRUCK,174,80.26,online,,ujb_dashboard_scrape,605,493dd5632d853f97ef488ca0508fefb421c5f2c0,VALID,
2026-09-15,08:17:51,2026,9,HEAD_TRUCK,161,84.32,online,,ujb_dashboard_scrape,606,ebaf4d3334a363ef680d5ea9436860ab43db0ee8,VALID,
2026-09-15,08:14:06,2026,9,HEAD_TRUCK,131,92.32,online,,ujb_dashboard_scrape,607,8d0cf743c013d79eecb3d9263faefab9fab19905,VALID,
2026-09-15,08:11:14,2026,9,HEAD_TRUCK,162,66.99,online,,ujb_dashboard_scrape,608,cfbdc312285de3d5804b152e8b01e3066d43dca7,VALID,
2026-09-15,08:08:29,2026,9,HEAD_TRUCK,152,100.29,online,,ujb_dashboard_scrape,609,0288dce7adb68a2d6caec251235912f16e1637f0,VALID,
2026-09-15,08:08:26,2026,9,HEAD_TRUCK,181,77.19,online,,ujb_dashboard_scrape,610,2410a2a6f0b5c8ef8030ed69e366ba2ba3159851,VALID,
2026-09-15,08:04:53,2026,9,HEAD_TRUCK,181,71.31,online,,ujb_dashboard_scrape,611,8a2ddc24518af82a1acf4b2f30cf257836827ff7,VALID,
2026-09-15,08:04:38,2026,9,HEAD_TRUCK,164,81.57,online,,ujb_dashboard_scrape,612,12558b4198041d79e8ce358a89b0d0dfdc8c21c5,VALID,
2026-09-14,15:00:18,2026,9,HEAD_TRUCK,210,74.86,online,,ujb_dashboard_scrape,523,5a67d93a6c8cd39a842dcda1e81a358c7b524026,VALID,
2026-09-14,14:53:57,2026,9,KEND_OPS,RANGGA 12,40.0,online,,ujb_dashboard_scrape,524,9e578dbc13acc7ab9c7243cc8b42796402966330,VALID,
2026-09-14,14:36:58,2026,9,KEND_OPS,RANGGA 04,23.63,online,,ujb_dashboard_scrape,525,04848057ad74180c17340dbb6f4bb323c9a590f8,VALID,
2026-09-14,13:59:08,2026,9,KEND_OPS,RANGGA 05,26.55,online,,ujb_dashboard_scrape,526,d4be669af3f6265641e1e50e70c56d55acdca3f9,VALID,
2026-09-14,13:56:16,2026,9,KEND_OPS,RANGGA 02,27.4,online,,ujb_dashboard_scrape,527,f7719e448a004037b4b9f1fa47f52a3b3e0b3f5c,VALID,
2026-09-14,13:41:24,2026,9,KEND_OPS,B 9015 UBE,40.0,online,,ujb_dashboard_scrape,528,83818682cc54206230585bfdf97902e11b12aded,VALID,
2026-09-14,13:38:55,2026,9,KEND_OPS,RANGGA 10,35.39,online,,ujb_dashboard_scrape,529,ace17163f1ca9e7ccfb0b4e2ab9927f1b02af953,VALID,
2026-09-14,13:29:22,2026,9,HEAD_TRUCK,169,115.05,online,,ujb_dashboard_scrape,530,b723ffac52c8ccae774831b71c9eac0fb82c1e4b,VALID,
2026-09-14,13:26:38,2026,9,HEAD_TRUCK,140,83.42,online,,ujb_dashboard_scrape,531,61cfa53875cc6c35fed6795e13a16c7c5b50b2b6,VALID,
2026-09-14,13:16:13,2026,9,HEAD_TRUCK,184,102.2,online,,ujb_dashboard_scrape,532,0bf4aeceb6291b6b34d758c78a44d4f35df32c2c,VALID,
2026-09-14,13:13:33,2026,9,FORKLIFT,28,31.09,online,,ujb_dashboard_scrape,533,1c801d49f8d59432a7e075dd034bf4fce0598e9e,VALID,
2026-09-14,13:10:17,2026,9,HEAD_TRUCK,132,109.43,online,,ujb_dashboard_scrape,534,8b9efb6a3ec46a1d83cd2e9c440aa5af3813193b,VALID,
2026-09-14,11:32:31,2026,9,BUS,03,55.0,online,,ujb_dashboard_scrape,535,aa5092da6701ef4807779a968c9d7451d26bbe7b,VALID,
2026-09-14,11:14:38,2026,9,HEAD_TRUCK,209,98.06,online,,ujb_dashboard_scrape,536,36e63cf3a6b259c0a0e780d00f3da92eb66c5c52,VALID,
2026-09-14,11:10:49,2026,9,HEAD_TRUCK,144,74.52,online,,ujb_dashboard_scrape,537,97c9cfac06e911d9df065a76be13e8172096f05d,VALID,
2026-09-14,11:07:57,2026,9,BUS,02,40.32,online,,ujb_dashboard_scrape,538,6e488bc607585905deaebe576cc68e28cf0a9c6d,VALID,
2026-09-14,10:54:57,2026,9,HEAD_TRUCK,181,72.29,online,,ujb_dashboard_scrape,539,60f98f3aa909bbce8caca9871e8eab7082209bce,VALID,
2026-09-14,10:52:14,2026,9,HEAD_TRUCK,162,71.0,online,,ujb_dashboard_scrape,540,953f7645e514cd0dbfa105d106c0ae3fd1ac527f,VALID,
2026-09-14,10:49:58,2026,9,HEAD_TRUCK,207,61.84,online,,ujb_dashboard_scrape,541,f543a9cf868d30aec510bef3d52ea99cf6e4700d,VALID,
2026-09-14,10:47:28,2026,9,HEAD_TRUCK,198,78.53,online,,ujb_dashboard_scrape,542,f254eea61a983bc789404f06f46937a572e18597,VALID,
2026-09-14,10:47:12,2026,9,HEAD_TRUCK,165,85.55,online,,ujb_dashboard_scrape,543,3596dfe9fc865aee4de6472553bacd1c77978657,VALID,
2026-09-14,10:43:32,2026,9,HEAD_TRUCK,201,85.67,online,,ujb_dashboard_scrape,544,5d295f8540e463e193683dfc315fe66aeee2a042,VALID,
2026-09-14,10:41:02,2026,9,HEAD_TRUCK,134,98.55,online,,ujb_dashboard_scrape,545,91e977571a98db9f766d89835024bfa1ef1cb91b,VALID,
2026-09-14,10:37:59,2026,9,KEND_OPS,RANGGA 03,37.1,online,,ujb_dashboard_scrape,546,6ddaf5039df3f655f15a44acf82a94803887adb2,VALID,
2026-09-14,10:35:59,2026,9,HEAD_TRUCK,213,54.33,online,,ujb_dashboard_scrape,547,31c6f903dbdadec6779dcd4879c04c1a90173524,VALID,
2026-09-14,10:31:22,2026,9,HEAD_TRUCK,213,49.45,online,,ujb_dashboard_scrape,548,3c860cb08591e4b3a2a4da90c557def88d54950e,VALID,
2026-09-14,10:29:32,2026,9,HEAD_TRUCK,178,79.29,online,,ujb_dashboard_scrape,549,62de973418e25033be7f8949c75371c7da7dd2d2,VALID,
2026-09-14,10:27:38,2026,9,HEAD_TRUCK,152,96.2,online,,ujb_dashboard_scrape,550,f9534090ce5ceeeac6af3e63577346e36e79dda2,VALID,
2026-09-14,10:25:13,2026,9,HEAD_TRUCK,136,73.79,online,,ujb_dashboard_scrape,551,3bc62538f124a55beaf31159e10655ed1d076a36,VALID,
2026-09-14,10:16:33,2026,9,HEAD_TRUCK,215,103.49,online,,ujb_dashboard_scrape,552,bd4a0ff944480ba0c6deaba89b9043c85801801b,VALID,
2026-09-14,10:13:26,2026,9,KEND_OPS,RANGGA 06,24.9,online,,ujb_dashboard_scrape,553,d7eba168b2caee0463b22ab4482ca099a8351d89,VALID,
2026-09-14,10:10:08,2026,9,HEAD_TRUCK,205,98.2,online,,ujb_dashboard_scrape,554,4a785bf2d8a88742bca42412d376dca1d3d99beb,VALID,
2026-09-14,09:56:27,2026,9,HEAD_TRUCK,147,84.85,online,,ujb_dashboard_scrape,555,0a207a04fe28d74018954a01eef180c736d466ae,VALID,
2026-09-14,09:52:19,2026,9,HEAD_TRUCK,214,84.42,online,,ujb_dashboard_scrape,556,3f7801515665e82a5f0639805b04e9b88ef88f5c,VALID,
2026-09-14,09:48:40,2026,9,E,9080 VE,70.0,online,,ujb_dashboard_scrape,557,0843fdfa65087fff16c1eab23e462a557ee99856,VALID,
2026-09-14,09:43:32,2026,9,HEAD_TRUCK,148,86.62,online,,ujb_dashboard_scrape,558,3ac763a00bb1f637c92638f6f68c4d1c292dfa5c,VALID,
2026-09-14,09:41:42,2026,9,HEAD_TRUCK,149,91.41,online,,ujb_dashboard_scrape,559,a96b2b2a00c02be276384fe8b836bb4cfa129327,VALID,
2026-09-14,09:38:46,2026,9,HEAD_TRUCK,143,82.87,online,,ujb_dashboard_scrape,560,10195d22f75086ce38ae0084cf3abb1a51156a17,VALID,
2026-09-14,09:36:55,2026,9,HEAD_TRUCK,139,93.05,online,,ujb_dashboard_scrape,561,55eb3a4f5bfee0257d099dd21b223d23649bd1eb,VALID,
2026-09-14,09:34:53,2026,9,HEAD_TRUCK,156,78.95,online,,ujb_dashboard_scrape,562,fffed2dfcdf6d05d1feb875c27e751e0b1d5a679,VALID,
2026-09-14,09:32:47,2026,9,HEAD_TRUCK,151,67.27,online,,ujb_dashboard_scrape,563,492f3c43be2cd941aecfc859e97b9ce3240e2be4,VALID,
2026-09-14,09:32:05,2026,9,HEAD_TRUCK,192,81.06,online,,ujb_dashboard_scrape,564,48b44f328cb3653fdf585e40e9fc49813cd054bb,VALID,
2026-09-14,09:26:59,2026,9,HEAD_TRUCK,191,72.21,online,,ujb_dashboard_scrape,565,831c0b74ab9bd9e59e15562daf6f609979b13d04,VALID,
2026-09-14,09:25:03,2026,9,BUS,01,55.0,online,,ujb_dashboard_scrape,566,2505d11a73b3c60640761eca8bce162665821066,VALID,
2026-09-14,09:22:18,2026,9,HEAD_TRUCK,159,69.55,online,,ujb_dashboard_scrape,567,c39d0f5cbb8bee78659a8000c877a87cee116966,VALID,
2026-09-14,09:20:27,2026,9,HEAD_TRUCK,206,99.04,online,,ujb_dashboard_scrape,568,07561638871cc3295fa13e290cccbd74ca6a78b1,VALID,
2026-09-14,09:16:58,2026,9,HEAD_TRUCK,155,94.97,online,,ujb_dashboard_scrape,569,3492eb4d03a82dcc600b6ce1fd76d3848762e88b,VALID,
2026-09-14,09:13:54,2026,9,HEAD_TRUCK,174,77.43,online,,ujb_dashboard_scrape,570,e47e27e3c585888f44320c5314f821c4c28d4bff,VALID,
2026-09-14,09:10:33,2026,9,HEAD_TRUCK,197,90.05,online,,ujb_dashboard_scrape,571,ac0826ab051ae1c0c60b9001cf80ef44691f6a95,VALID,
2026-09-14,09:08:37,2026,9,HEAD_TRUCK,216,73.37,online,,ujb_dashboard_scrape,572,c4e8dac2591a219243f699346b350edaa0b63571,VALID,
2026-09-14,09:06:46,2026,9,HEAD_TRUCK,203,80.14,online,,ujb_dashboard_scrape,573,9eb8bd674ac65f069589b61e30b4e86416590b6a,VALID,
2026-09-14,09:02:23,2026,9,HEAD_TRUCK,202,62.67,online,,ujb_dashboard_scrape,574,f0b466260ae3d34734de088938f7fd0a9cea3e70,VALID,
2026-09-14,09:01:07,2026,9,HEAD_TRUCK,142,77.32,online,,ujb_dashboard_scrape,575,12e54481834bc2fa8fa28f9d52453f9aa14f2004,VALID,
2026-09-14,08:58:59,2026,9,HEAD_TRUCK,183,103.01,online,,ujb_dashboard_scrape,576,1a239995dfd9efd506b51fa8306a225e64342304,VALID,
2026-09-14,08:58:45,2026,9,HEAD_TRUCK,208,67.26,online,,ujb_dashboard_scrape,577,44a0a5b64515affd171d9c7e5c28ad056dc28e8b,VALID,
2026-09-14,08:56:35,2026,9,HEAD_TRUCK,171,94.1,online,,ujb_dashboard_scrape,578,a9fb906d3c96f0e812922a5d4e44c12ff02fb626,VALID,
2026-09-14,08:54:29,2026,9,HEAD_TRUCK,190,72.03,online,,ujb_dashboard_scrape,579,63bca71b2caeaf240ac2a7a81be7bea6d4004367,VALID,
2026-09-14,08:54:15,2026,9,HEAD_TRUCK,170,100.92,online,,ujb_dashboard_scrape,580,3f0e177be0960b0f38696a254dc158897f256583,VALID,
2026-09-14,08:51:10,2026,9,HEAD_TRUCK,137,98.8,online,,ujb_dashboard_scrape,581,db079994dfea363a2ad14d91d00b344e2a6e9898,VALID,
2026-09-14,08:49:35,2026,9,HEAD_TRUCK,196,87.77,online,,ujb_dashboard_scrape,582,a84d1def84c83fcab26b7069ac1f59199a7ed456,VALID,
2026-09-14,08:47:33,2026,9,HEAD_TRUCK,145,79.82,online,,ujb_dashboard_scrape,583,532ddb0c9d8ffe24bfd2c143c81112d99af74e4b,VALID,
2026-09-14,08:45:46,2026,9,FORKLIFT,17,40.0,online,,ujb_dashboard_scrape,584,55c2ab77cc57657fcf6becb66d4894f8e6bc7288,VALID,
2026-09-14,08:45:25,2026,9,HEAD_TRUCK,133,84.78,online,,ujb_dashboard_scrape,585,24a93341554f22d49b9986f6665e49575bc4b85d,VALID,
2026-09-14,08:42:57,2026,9,ELF,03,35.0,online,,ujb_dashboard_scrape,586,5c2ef16a86849c9c52272cfa223fa9034e5bd090,VALID,
2026-09-14,08:42:26,2026,9,HEAD_TRUCK,182,76.28,online,,ujb_dashboard_scrape,587,bc9977059d8368096e1757288121ce671c4eb5cb,VALID,
2026-09-14,08:40:44,2026,9,HEAD_TRUCK,128,87.1,online,,ujb_dashboard_scrape,588,6a8b9456e2567d65170a9105fc0b40ff042f7073,VALID,
2026-09-14,08:39:18,2026,9,HEAD_TRUCK,175,74.31,online,,ujb_dashboard_scrape,589,22aab7f28d24dcdc862877461b2ee59e152ffe00,VALID,
2026-09-14,08:38:24,2026,9,HEAD_TRUCK,154,88.28,online,,ujb_dashboard_scrape,590,8e2d779b3a9d420bc55e9f49635a97419c50eb8e,VALID,
2026-09-14,08:35:32,2026,9,HEAD_TRUCK,158,84.13,online,,ujb_dashboard_scrape,591,d8a453588afa85e769bb85be0fb80ee99b5a8741,VALID,
2026-09-14,08:35:29,2026,9,HEAD_TRUCK,208,65.56,online,,ujb_dashboard_scrape,592,952690e5d30d518d675bf797c7b5b9e39d3740f6,VALID,
2026-09-14,08:33:05,2026,9,HEAD_TRUCK,163,85.35,online,,ujb_dashboard_scrape,593,110b4c042e6254f83597504085dfd05d72f7c364,VALID,
2026-09-14,08:30:00,2026,9,HEAD_TRUCK,157,71.28,online,,ujb_dashboard_scrape,594,46b8c7ded362e10fa7c5bcfc4c498d75ab0949de,VALID,
2026-09-14,08:29:36,2026,9,ELF,02,35.0,online,,ujb_dashboard_scrape,595,04b86918d14ea9c27b26d209df9d64dbe7b4d2f8,VALID,
2026-09-14,08:27:02,2026,9,HEAD_TRUCK,141,79.93,online,,ujb_dashboard_scrape,596,d186dd2f5c99d1f83d6ab9cf24f682acfeff860d,VALID,
2026-09-14,08:26:59,2026,9,HEAD_TRUCK,195,60.29,online,,ujb_dashboard_scrape,597,83607b37a74a8ebf90bd204c965676379f514232,VALID,
2026-09-14,08:24:04,2026,9,HEAD_TRUCK,164,83.17,online,,ujb_dashboard_scrape,598,bc5b82e4722bad8a7b280dfda50b2870f182f3ec,VALID,
2026-09-14,08:22:28,2026,9,HEAD_TRUCK,186,74.74,online,,ujb_dashboard_scrape,599,22cd3d0370275c2cae2d8f360a0a0d480ffd65dc,VALID,
2026-09-14,08:21:47,2026,9,ELF,01,35.0,online,,ujb_dashboard_scrape,600,e07e6968b261ffcbcf1fa832fe334ba5ed04fb82,VALID,
2026-09-14,08:20:17,2026,9,HEAD_TRUCK,212,66.86,online,,ujb_dashboard_scrape,601,7414553834481f2e625b4a6385648ac160e61537,VALID,
2026-09-14,08:19:53,2026,9,HEAD_TRUCK,185,74.83,online,,ujb_dashboard_scrape,602,e380c671c650b1ac10bee7fe1933ceb4c90242d7,VALID,
2026-09-14,08:18:00,2026,9,HEAD_TRUCK,153,83.66,online,,ujb_dashboard_scrape,603,12d2051fd31d1de4b081e3ccf2aacaab43e7153e,VALID,
2026-09-14,08:17:01,2026,9,HEAD_TRUCK,199,75.19,online,,ujb_dashboard_scrape,604,d5d788383a80ecbcdf3b69e2d0b0dbe88333ed39,VALID,
2026-09-14,08:15:50,2026,9,HEAD_TRUCK,131,80.17,online,,ujb_dashboard_scrape,605,c269a04a2b35608e42c92fde24f98c05ccf48fe0,VALID,
2026-09-14,08:14:09,2026,9,HEAD_TRUCK,190,83.51,online,,ujb_dashboard_scrape,606,9ad8c32976296e76ac34c855b99479d5215baac5,VALID,
2026-09-14,08:13:47,2026,9,HEAD_TRUCK,138,89.76,online,,ujb_dashboard_scrape,607,05d7d759613bec89fee9e6d057283f176e856455,VALID,
2026-09-14,08:11:06,2026,9,HEAD_TRUCK,211,73.25,online,,ujb_dashboard_scrape,608,660f81a24ce0a96a6b5a9e115f097ef5d186a9a4,VALID,
2026-09-14,08:09:29,2026,9,HEAD_TRUCK,188,59.03,online,,ujb_dashboard_scrape,609,833d0d353a4c8183d07525b40988fcb0a5ecdece,VALID,
2026-09-14,08:09:00,2026,9,HEAD_TRUCK,167,87.38,online,,ujb_dashboard_scrape,610,d9c13636fd2fe079ed4ab90702017fbbf98faca6,VALID,
2026-09-14,08:06:22,2026,9,HEAD_TRUCK,179,78.74,online,,ujb_dashboard_scrape,611,005a6a7da96a64e503323a0a9f7f8dc30afedf2a,VALID,
2026-09-14,08:05:53,2026,9,HEAD_TRUCK,166,62.62,online,,ujb_dashboard_scrape,612,7db5f59adbeb7ac28ab933cf56f63c2841c62bd8,VALID,
2026-09-13,14:14:15,2026,9,KEND_OPS,POLISI,25.52,online,,ujb_dashboard_scrape,529,155d696ed1b494ff1a06a9b4a5723049d2aa0789,VALID,
2026-09-13,14:10:17,2026,9,KEND_OPS,RANGGA 11,32.02,online,,ujb_dashboard_scrape,530,412ce36cc214b3a3302b621a8d7df1c0a71e9356,VALID,
2026-09-13,14:07:31,2026,9,FORKLIFT,28,39.55,online,,ujb_dashboard_scrape,531,2907f3807ffa34694a8b8fe4775f722d73ded453,VALID,
2026-09-13,13:44:28,2026,9,HEAD_TRUCK,165,77.32,online,,ujb_dashboard_scrape,532,1128bae925bb108c0376b7d702e5b5e572fb584d,VALID,
2026-09-13,13:43:22,2026,9,HEAD_TRUCK,195,81.46,online,,ujb_dashboard_scrape,533,2b4f68787955f62efde558c360a77ce7877a3aae,VALID,
2026-09-13,13:40:47,2026,9,BUS,03,55.0,online,,ujb_dashboard_scrape,534,909d8e75b5e4b32772c18168fe02169f50fef782,VALID,
2026-09-13,13:31:32,2026,9,HEAD_TRUCK,159,102.83,online,,ujb_dashboard_scrape,535,142bf2e2a6edc4871021156ebb9c7c0d4036ccd6,VALID,
2026-09-13,13:28:58,2026,9,BUS,02,53.93,online,,ujb_dashboard_scrape,536,8b73316b525afa3c23af3b25f3b4686388b3dbe6,VALID,
2026-09-13,13:23:20,2026,9,HEAD_TRUCK,177,79.34,online,,ujb_dashboard_scrape,537,d717c68296c5db611df4620b47701feaa15f6d86,VALID,
2026-09-13,13:08:32,2026,9,HEAD_TRUCK,188,60.28,online,,ujb_dashboard_scrape,538,26da5cce23f4df72b721d7b799b2c916cb25c2fe,VALID,
2026-09-13,11:23:02,2026,9,HEAD_TRUCK,156,93.15,online,,ujb_dashboard_scrape,539,8606ff88b3975281c36af28139741d87cd8b052f,VALID,
2026-09-13,11:19:38,2026,9,BUS,01,54.54,online,,ujb_dashboard_scrape,540,2b42d72990389de586019f706a14bcd81166e1a9,VALID,
2026-09-13,11:02:05,2026,9,HEAD_TRUCK,140,90.92,online,,ujb_dashboard_scrape,541,3c81dd1cd681dc1caea0499c9480ba877045a0b4,VALID,
2026-09-13,10:51:20,2026,9,HEAD_TRUCK,133,86.83,online,,ujb_dashboard_scrape,542,baa5e22cf2987f2e75a6ed5767b10ab7f8ed80c6,VALID,
2026-09-13,10:47:08,2026,9,HEAD_TRUCK,202,63.53,online,,ujb_dashboard_scrape,543,e905035ecf1ff3a53779a8c749f3a89575fe9f72,VALID,
2026-09-13,10:42:45,2026,9,HEAD_TRUCK,142,83.94,online,,ujb_dashboard_scrape,544,0bf952ff26cfe8e1f6227b87a3233d5d318c5b0f,VALID,
2026-09-13,10:40:33,2026,9,HEAD_TRUCK,151,91.27,online,,ujb_dashboard_scrape,545,a96ef9d60a6a031395cb51e0d5b6983c61969b33,VALID,
2026-09-13,10:38:10,2026,9,HEAD_TRUCK,209,115.48,online,,ujb_dashboard_scrape,546,d53b6cba8fe0d6cdbf6af1471358c086b2bde581,VALID,
2026-09-13,10:34:49,2026,9,HEAD_TRUCK,212,103.08,online,,ujb_dashboard_scrape,547,b2d28a2bd35729d8fdf6881a163ebc678faf847c,VALID,
2026-09-13,10:33:38,2026,9,HEAD_TRUCK,192,90.76,online,,ujb_dashboard_scrape,548,c871d55ef7149886a2f1b37a0ad61c22d821a72d,VALID,
2026-09-13,10:27:27,2026,9,HEAD_TRUCK,134,78.36,online,,ujb_dashboard_scrape,549,072d30672a5b99a4bc8f1b2c7e6f056741bb1501,VALID,
2026-09-13,10:24:54,2026,9,HEAD_TRUCK,152,100.09,online,,ujb_dashboard_scrape,550,666e0d54801686a78989c41c2788cf3809cb7d50,VALID,
2026-09-13,10:23:29,2026,9,HEAD_TRUCK,198,79.28,online,,ujb_dashboard_scrape,551,0272199ca2dc8fb1b5739f78ab6b593c2cb54248,VALID,
2026-09-13,10:12:42,2026,9,HEAD_TRUCK,166,70.13,online,,ujb_dashboard_scrape,552,ccd57ded901e3e6c31bbc556734da860c9d48bb5,VALID,
2026-09-13,10:10:29,2026,9,HEAD_TRUCK,157,72.24,online,,ujb_dashboard_scrape,553,42d65162c8967755057528db07919d72f1db04c1,VALID,
2026-09-13,10:08:03,2026,9,HEAD_TRUCK,205,93.07,online,,ujb_dashboard_scrape,554,196d968474b93b1e5da32d007f0d626eaf6801d8,VALID,
2026-09-13,10:06:10,2026,9,HEAD_TRUCK,202,81.38,online,,ujb_dashboard_scrape,555,372d46020252225d4e126384d958674a732032c0,VALID,
2026-09-13,10:03:11,2026,9,HEAD_TRUCK,215,74.21,online,,ujb_dashboard_scrape,556,d5f29dbb3cf4ecf82ca7a7f75bc2ceaa88230bd3,VALID,
2026-09-13,10:00:11,2026,9,HEAD_TRUCK,207,80.54,online,,ujb_dashboard_scrape,557,a1b8dee04121b488ee4f8b882371028cd558186e,VALID,
2026-09-13,09:59:29,2026,9,HEAD_TRUCK,141,102.0,online,,ujb_dashboard_scrape,558,1fb9a02c82b7d89f6f5689beff7cdd6156522933,VALID,
2026-09-13,09:55:16,2026,9,HEAD_TRUCK,132,66.97,online,,ujb_dashboard_scrape,559,c65068c0e702980c09a8e000a10d528f9e80edb6,VALID,
2026-09-13,09:52:30,2026,9,HEAD_TRUCK,137,88.13,online,,ujb_dashboard_scrape,560,a797ccfdf5606c978b9c91218b964cbe280ee3f6,VALID,
2026-09-13,09:47:52,2026,9,HEAD_TRUCK,178,57.0,online,,ujb_dashboard_scrape,561,857686b4de21f3002be7c864cdb24824836d1d2f,VALID,
2026-09-13,09:47:16,2026,9,HEAD_TRUCK,216,77.71,online,,ujb_dashboard_scrape,562,15d12dcb588875c6dc6cd7a42407e09359530225,VALID,
2026-09-13,09:44:56,2026,9,HEAD_TRUCK,95,105.36,online,,ujb_dashboard_scrape,563,6948c433dc6819fece85086e9e8a6173641a8ece,VALID,
2026-09-13,09:42:15,2026,9,HEAD_TRUCK,169,77.22,online,,ujb_dashboard_scrape,564,544ce5e57473f76dd046e85b42d8004f8a43fa8c,VALID,
2026-09-13,09:40:15,2026,9,HEAD_TRUCK,143,69.73,online,,ujb_dashboard_scrape,565,6e6644f7cff620ee45d2c8e961cbe12b142fabe5,VALID,
2026-09-13,09:38:22,2026,9,HEAD_TRUCK,171,86.88,online,,ujb_dashboard_scrape,566,265f7a79e207c2a7ea1e8627a70fa6e6c321ad83,VALID,
2026-09-13,09:35:53,2026,9,HEAD_TRUCK,155,113.59,online,,ujb_dashboard_scrape,567,c8f553e6ab084c9ecc69678e99e318da0ff3de9e,VALID,
2026-09-13,09:33:12,2026,9,HEAD_TRUCK,148,90.14,online,,ujb_dashboard_scrape,568,5acac0862c63e06cfde569177f509d6f5331f6e0,VALID,
2026-09-13,09:30:43,2026,9,HEAD_TRUCK,153,74.68,online,,ujb_dashboard_scrape,569,444943f16697ec38328e67005f06eb2cbcd3281a,VALID,
2026-09-13,09:28:38,2026,9,KEND_OPS,RANGGA 04,37.04,online,,ujb_dashboard_scrape,570,2e9193ca39783fc92ead157e6ed40aed44b12e5f,VALID,
2026-09-13,09:27:53,2026,9,HEAD_TRUCK,131,82.44,online,,ujb_dashboard_scrape,571,43306efd2d57bb34e26e575c4700174c4f9620ad,VALID,
2026-09-13,09:25:34,2026,9,HEAD_TRUCK,175,74.39,online,,ujb_dashboard_scrape,572,5989fae434815e4de4ef10ef6481c6e3e93ee2b0,VALID,
2026-09-13,09:23:15,2026,9,HEAD_TRUCK,201,56.49,online,,ujb_dashboard_scrape,573,85df6ad2f9c352d7fb5ebf08ac80989f263e9587,VALID,
2026-09-13,09:21:50,2026,9,HEAD_TRUCK,145,30.09,online,,ujb_dashboard_scrape,574,f7d312f959fbca05f08bcb47ceb816219f3f7133,VALID,
2026-09-13,09:19:31,2026,9,HEAD_TRUCK,201,33.12,online,,ujb_dashboard_scrape,575,72b9ffa8e82f638198f3b7514f0701864ff6aab5,VALID,
2026-09-13,09:19:24,2026,9,HEAD_TRUCK,145,64.43,online,,ujb_dashboard_scrape,576,6522061985da4807c0cee5c53ed75fda9aad4190,VALID,
2026-09-13,09:16:25,2026,9,HEAD_TRUCK,190,67.15,online,,ujb_dashboard_scrape,577,cdf1c4cb1b453fb47a785f5110498a4337779460,VALID,
2026-09-13,09:14:32,2026,9,HEAD_TRUCK,194,77.43,online,,ujb_dashboard_scrape,578,1e05118274e3bd7b295c282a0c7a3fa1f2132f84,VALID,
2026-09-13,09:13:54,2026,9,HEAD_TRUCK,154,96.99,online,,ujb_dashboard_scrape,579,be2f2aeec336d9ec030ebff1ef3c93cdbf0ba649,VALID,
2026-09-13,09:11:34,2026,9,HEAD_TRUCK,193,80.97,online,,ujb_dashboard_scrape,580,bf123c57d44a68657af23eb5cc5928a7bdcbd7bb,VALID,
2026-09-13,09:10:38,2026,9,HEAD_TRUCK,206,110.44,online,,ujb_dashboard_scrape,581,21942ab441c7a19205bae1b06921005297be073b,VALID,
2026-09-13,09:06:30,2026,9,HEAD_TRUCK,149,63.26,online,,ujb_dashboard_scrape,582,652ccd24c4e943ed279dc35859fa85249ee69f90,VALID,
2026-09-13,09:04:39,2026,9,HEAD_TRUCK,164,61.43,online,,ujb_dashboard_scrape,583,0cd5292248233b5da336dedb94143c6a5c648afb,VALID,
2026-09-13,09:04:19,2026,9,HEAD_TRUCK,182,82.92,online,,ujb_dashboard_scrape,584,bf719c21c3d8a26b262fc896888a30e1e229c3c8,VALID,
2026-09-13,09:02:31,2026,9,HEAD_TRUCK,204,47.08,online,,ujb_dashboard_scrape,585,dae3b68dd7789f2b7401596b177819d96ab94be0,VALID,
2026-09-13,08:59:47,2026,9,HEAD_TRUCK,213,80.83,online,,ujb_dashboard_scrape,586,4d41b0f00e4ddd9cc67fa98d8af5dfbad8d47cd1,VALID,
2026-09-13,08:57:18,2026,9,HEAD_TRUCK,214,86.2,online,,ujb_dashboard_scrape,587,887a468b4e7924b442908ed0a89b1211ff2f7194,VALID,
2026-09-13,08:56:17,2026,9,HEAD_TRUCK,183,80.95,online,,ujb_dashboard_scrape,588,adc7dd71ac704431b2f854e10151f14ecad8ddac,VALID,
2026-09-13,08:54:51,2026,9,HEAD_TRUCK,162,68.71,online,,ujb_dashboard_scrape,589,fcfcebe17b52ef5705e416d47490f61d3eac3ccc,VALID,
2026-09-13,08:52:48,2026,9,HEAD_TRUCK,128,103.98,online,,ujb_dashboard_scrape,590,ec044957161e45b6578d59164e2807a725932758,VALID,
2026-09-13,08:49:49,2026,9,HEAD_TRUCK,211,81.02,online,,ujb_dashboard_scrape,591,5c5dee377aa8a288500163700f29f43622152250,VALID,
2026-09-13,08:48:45,2026,9,HEAD_TRUCK,197,51.0,online,,ujb_dashboard_scrape,592,e8c9c5386d03aacd6fd969facfe651ea39b70209,VALID,
2026-09-13,08:45:22,2026,9,HEAD_TRUCK,170,101.96,online,,ujb_dashboard_scrape,593,297e86faf33f68234308012dc602ac2637d7c0e6,VALID,
2026-09-13,08:42:44,2026,9,HEAD_TRUCK,199,58.05,online,,ujb_dashboard_scrape,594,40c4a7bd2ee4d8a904fe60e05efb587cdbab01d1,VALID,
2026-09-13,08:40:20,2026,9,HEAD_TRUCK,203,84.7,online,,ujb_dashboard_scrape,595,7fb66ffbef54c0e12695f7fdbc29b878b12e35c4,VALID,
2026-09-13,08:39:08,2026,9,ELF,03,34.64,online,,ujb_dashboard_scrape,596,44750464bcfad1ae1f3afa9cc26a9057f82e8593,VALID,
2026-09-13,08:37:35,2026,9,ELF,02,35.0,online,,ujb_dashboard_scrape,597,919d8f50ae7321483145004a4a807152bac33890,VALID,
2026-09-13,08:37:05,2026,9,HEAD_TRUCK,185,70.9,online,,ujb_dashboard_scrape,598,dc706f95ba10b088ced443f2a70c217c1b852835,VALID,
2026-09-13,08:35:06,2026,9,INOVADM,INOVADM,34.07,online,,ujb_dashboard_scrape,599,120aaee8788e8c22f1e398c77b756dcd80526fa4,VALID,
2026-09-13,08:30:44,2026,9,HEAD_TRUCK,150,55.52,online,,ujb_dashboard_scrape,600,0e4a10a0e770ddba0bc433a81d78a918ff51a226,VALID,
2026-09-13,08:29:52,2026,9,HEAD_TRUCK,179,64.63,online,,ujb_dashboard_scrape,601,7e5e3984e8c6e90fb15c61aca4426aa27b0025a3,VALID,
2026-09-13,08:28:39,2026,9,HEAD_TRUCK,208,87.33,online,,ujb_dashboard_scrape,602,110db21925728368a8a721b2336fec42a430731d,VALID,
2026-09-13,08:26:33,2026,9,HEAD_TRUCK,186,73.65,online,,ujb_dashboard_scrape,603,4b2c1623cfdf35114deccfb921535e9e503e9eb0,VALID,
2026-09-13,08:24:46,2026,9,HEAD_TRUCK,147,70.24,online,,ujb_dashboard_scrape,604,01af29e993f065fc6f37a9bb7983cac41b7aeeca,VALID,
2026-09-13,08:23:52,2026,9,HEAD_TRUCK,196,89.0,online,,ujb_dashboard_scrape,605,29963b1ac09c87f38b5490cd3fd1d241241bb2af,VALID,
2026-09-13,08:22:21,2026,9,ELF,01,35.0,online,,ujb_dashboard_scrape,606,4c4ab09384c595d510a0a71b72cca9be42467120,VALID,
2026-09-13,08:20:44,2026,9,HEAD_TRUCK,174,84.49,online,,ujb_dashboard_scrape,607,5573b42526ebdea38dd610f15f82ca5f50f4579c,VALID,
2026-09-13,08:19:43,2026,9,HEAD_TRUCK,139,92.98,online,,ujb_dashboard_scrape,608,12ec3c1cde76edd2b377fa14f69a7b64a2994c45,VALID,
2026-09-13,08:17:40,2026,9,HEAD_TRUCK,181,91.57,online,,ujb_dashboard_scrape,609,27350f28ff240f418c4aaf10016e392fca069a7a,VALID,
2026-09-13,08:16:58,2026,9,HEAD_TRUCK,167,54.95,online,,ujb_dashboard_scrape,610,f59501788fc332c7ba6394c82205d27b0a1340ec,VALID,
2026-09-13,08:15:00,2026,9,HEAD_TRUCK,158,90.35,online,,ujb_dashboard_scrape,611,df792381a2d8cbfb3d7ca63598bbbcd2e3779bf1,VALID,
2026-09-13,08:12:31,2026,9,HEAD_TRUCK,184,46.49,online,,ujb_dashboard_scrape,612,42bcd1abf121cad8f13a06b34d8719aac4372ace,VALID,
2026-09-13,08:11:50,2026,9,HEAD_TRUCK,163,77.8,online,,ujb_dashboard_scrape,613,938d5deb0099f6657e1b19b93957cc27b4e70dad,VALID,
2026-09-12,14:28:23,2026,9,HEAD_TRUCK,132,87.3,online,,ujb_dashboard_scrape,527,7e9c5a12dfd0c97919e7c2a1113d2873cc3d27e0,VALID,
2026-09-12,14:08:34,2026,9,HEAD_TRUCK,163,106.23,online,,ujb_dashboard_scrape,528,9918cce3ab7c152490840a2a136a20ea71c791f5,VALID,
2026-09-12,14:05:54,2026,9,HEAD_TRUCK,178,68.46,online,,ujb_dashboard_scrape,529,b2e1338a04c77b18ac201345fbe133ad8b4d6fc4,VALID,
2026-09-12,13:55:02,2026,9,KEND_OPS,HILUX,27.43,online,,ujb_dashboard_scrape,530,de2429c423536c0167c550a0ab1150f6244ad415,VALID,
2026-09-12,13:49:14,2026,9,HEAD_TRUCK,195,87.26,online,,ujb_dashboard_scrape,531,6a9fcd3933ffe21485acecd14a8c67ecda47e8c4,VALID,
2026-09-12,13:46:51,2026,9,HEAD_TRUCK,150,100.81,online,,ujb_dashboard_scrape,532,a4252a74c05851f83c3d71383bdc6b60d79f3f14,VALID,
2026-09-12,13:44:29,2026,9,HEAD_TRUCK,188,81.17,online,,ujb_dashboard_scrape,533,daa4fdc534026b2639209a9ddf561c8d6d36eeff,VALID,
2026-09-12,13:42:02,2026,9,HEAD_TRUCK,211,80.04,online,,ujb_dashboard_scrape,534,e4ddbab00951de6e774e74c9ba458a811c5eedca,VALID,
2026-09-12,13:36:07,2026,9,HEAD_TRUCK,202,71.25,online,,ujb_dashboard_scrape,535,946f2c777a6ab628c4a69fcdf7bd75853638efb9,VALID,
2026-09-12,13:33:58,2026,9,HEAD_TRUCK,199,80.09,online,,ujb_dashboard_scrape,536,6f823b204e5bb02aefb9367a4d18a79fbfbe0682,VALID,
2026-09-12,13:26:32,2026,9,BUS,03,55.0,online,,ujb_dashboard_scrape,537,2853b0f64eaf40b8782570851906b83628ceaae4,VALID,
2026-09-12,13:20:53,2026,9,HEAD_TRUCK,151,85.9,online,,ujb_dashboard_scrape,538,def8828acc2cdb648a48bc49a7486a0726e1ff53,VALID,
2026-09-12,13:18:40,2026,9,HEAD_TRUCK,182,89.93,online,,ujb_dashboard_scrape,539,6fdada2c6249452d6f9e2c419ff9aae5534dfc76,VALID,
2026-09-12,13:16:27,2026,9,KEND_OPS,RANGGA 01,28.31,online,,ujb_dashboard_scrape,540,6945129f6626924ff70749b82dd0e4328a563f3b,VALID,
2026-09-12,13:13:24,2026,9,HEAD_TRUCK,149,97.52,online,,ujb_dashboard_scrape,541,782ef18ec2846e309b334992cdb389432dddc7cc,VALID,
2026-09-12,13:10:30,2026,9,KEND_OPS,AD 8137 OH,40.0,online,,ujb_dashboard_scrape,542,3d0db34605b6f3e10958b83e17747b4898b02b6a,VALID,
2026-09-12,13:01:03,2026,9,HEAD_TRUCK,142,86.06,online,,ujb_dashboard_scrape,543,b07f34eee9ef9014e96f63fbc2c8cd306c6ef04b,VALID,
2026-09-12,11:22:17,2026,9,HEAD_TRUCK,180,36.08,online,,ujb_dashboard_scrape,544,0aaf40884d50b96f2fb363f69e2b5412fa4d4edb,VALID,
2026-09-12,11:20:21,2026,9,BUS,02,55.0,online,,ujb_dashboard_scrape,545,35d93f2aac13ebb685b1f2c447b22d9d4219c9dc,VALID,
2026-09-12,11:11:02,2026,9,HEAD_TRUCK,157,83.7,online,,ujb_dashboard_scrape,546,cd5e9e761952f833904298789fa5e9dc5eeb4341,VALID,
2026-09-12,11:08:33,2026,9,HEAD_TRUCK,159,73.04,online,,ujb_dashboard_scrape,547,4cab176a554cb80757d569fc34f44cb04b7a1ed9,VALID,
2026-09-12,10:58:49,2026,9,HEAD_TRUCK,153,65.62,online,,ujb_dashboard_scrape,548,4b0d188db0b8819c18ce2282abdb0d2bed7897d3,VALID,
2026-09-12,10:56:57,2026,9,HEAD_TRUCK,156,90.03,online,,ujb_dashboard_scrape,549,3ea3f2148f592c8d3d3e4122369effa0a51262f6,VALID,
2026-09-12,10:55:34,2026,9,HEAD_TRUCK,185,68.59,online,,ujb_dashboard_scrape,550,4750ee04ae7d39981b80779da7560a5081353096,VALID,
2026-09-12,10:53:04,2026,9,HEAD_TRUCK,166,41.53,online,,ujb_dashboard_scrape,551,4f75131c4c7ffa30ec8c60e2260eb4da4eda3707,VALID,
2026-09-12,10:52:14,2026,9,HEAD_TRUCK,203,81.26,online,,ujb_dashboard_scrape,552,f25a8293a5f2b0d371b0bf4190157c14458cbfcb,VALID,
2026-09-12,10:47:57,2026,9,HEAD_TRUCK,169,76.01,online,,ujb_dashboard_scrape,553,33e42b7ec848644436376b702f4490faab8086a9,VALID,
2026-09-12,10:45:39,2026,9,HEAD_TRUCK,144,88.81,online,,ujb_dashboard_scrape,554,6e1238e80ff1a3a7b9a315daadfb8480ba5ea00d,VALID,
2026-09-12,10:43:35,2026,9,HEAD_TRUCK,131,94.96,online,,ujb_dashboard_scrape,555,ff903180f5603401d695cb5a6367e635132fc9fb,VALID,
2026-09-12,10:40:56,2026,9,HEAD_TRUCK,212,77.78,online,,ujb_dashboard_scrape,556,d277fcbb63691116218fc60b25abc13618adc2ce,VALID,
2026-09-12,10:40:03,2026,9,HEAD_TRUCK,197,63.24,online,,ujb_dashboard_scrape,557,23d33808678ae3af1d230b170642a335e7088a4e,VALID,
2026-09-12,10:39:02,2026,9,HEAD_TRUCK,204,100.54,online,,ujb_dashboard_scrape,558,69ee0375866aa60076af9511e109116324945322,VALID,
2026-09-12,10:35:53,2026,9,HEAD_TRUCK,210,85.33,online,,ujb_dashboard_scrape,559,38430f72110256bbb4afdae4608907f706b3f11e,VALID,
2026-09-12,10:33:45,2026,9,KEND_OPS,RANGGA 04,40.0,online,,ujb_dashboard_scrape,560,88297e91700e5377fb0e3692c7b9334490b00508,VALID,
2026-09-12,10:31:04,2026,9,HEAD_TRUCK,205,85.01,online,,ujb_dashboard_scrape,561,fb4ec7ff652ce041e7bc749fe0a9af629589a3ce,VALID,
2026-09-12,10:29:05,2026,9,H,155,82.6,online,,ujb_dashboard_scrape,562,1fa0ddf556a8141b8f4b828bf9be84a343f3689f,VALID,
2026-09-12,10:27:55,2026,9,HEAD_TRUCK,194,73.74,online,,ujb_dashboard_scrape,563,e32f0bebff4429714f570d23b6de98e00b4ed51c,VALID,
2026-09-12,10:26:14,2026,9,HEAD_TRUCK,162,77.08,online,,ujb_dashboard_scrape,564,2e8bbda628599eff742dcfb635db35c3217a8c20,VALID,
2026-09-12,10:22:18,2026,9,HEAD_TRUCK,154,78.19,online,,ujb_dashboard_scrape,565,8ed790fcb722c2db3d7fe000b3896bf34f251b02,VALID,
2026-09-12,10:19:11,2026,9,HEAD_TRUCK,158,80.05,online,,ujb_dashboard_scrape,566,2a01a706f2f0e3743f1b798dc539291f083d0ce6,VALID,
2026-09-12,10:18:50,2026,9,HEAD_TRUCK,210,100.33,online,,ujb_dashboard_scrape,567,7725f0194898251603cafc7d41ff99209eecef21,VALID,
2026-09-12,10:16:12,2026,9,HEAD_TRUCK,145,71.08,online,,ujb_dashboard_scrape,568,693f454a9791f2b476b97a32023fcf3b39b4b08b,VALID,
2026-09-12,10:15:34,2026,9,HEAD_TRUCK,186,68.66,online,,ujb_dashboard_scrape,569,35cd2f3eea81a2cf704d895c516adf378b439e36,VALID,
2026-09-12,10:07:13,2026,9,HEAD_TRUCK,152,86.7,online,,ujb_dashboard_scrape,570,06495fed945ea9e29bd9eec375ad8699dd242522,VALID,
2026-09-12,10:03:11,2026,9,HEAD_TRUCK,140,80.32,online,,ujb_dashboard_scrape,571,e9f949fd505876b776441cfefb105cba8d6f90b6,VALID,
2026-09-12,10:00:34,2026,9,HEAD_TRUCK,136,81.78,online,,ujb_dashboard_scrape,572,986212346d99a289c15f84ab0775bd22569d0f73,VALID,
2026-09-12,09:57:59,2026,9,HEAD_TRUCK,193,85.95,online,,ujb_dashboard_scrape,573,0bebb817a44c7bdc29bd8beff9d9c052c2c1b2f0,VALID,
2026-09-12,09:56:30,2026,9,HEAD_TRUCK,148,89.63,online,,ujb_dashboard_scrape,574,fcce3bf70362fef7b9f4987516021c2dc45cbafb,VALID,
2026-09-12,09:53:44,2026,9,FORKLIFT,20,40.0,online,,ujb_dashboard_scrape,575,7e332ddf20be5e14b22ce27298d3b3651de32518,VALID,
2026-09-12,09:51:22,2026,9,HEAD_TRUCK,216,110.18,online,,ujb_dashboard_scrape,576,59dbcf88aa957cba359af99e68efed9b0a509798,VALID,
2026-09-12,09:45:39,2026,9,HEAD_TRUCK,174,79.32,online,,ujb_dashboard_scrape,577,d6ec34fe1ab5f2842d7b9bc889fccbbe8c64edbb,VALID,
2026-09-12,09:43:29,2026,9,HEAD_TRUCK,192,81.34,online,,ujb_dashboard_scrape,578,b4861443ce7115ca09dbeeb0567716f0f88a4fbf,VALID,
2026-09-12,09:41:22,2026,9,HEAD_TRUCK,177,37.15,online,,ujb_dashboard_scrape,579,97b325cbeadef1f4815efe703ca3b4d15c5b0f7e,VALID,
2026-09-12,09:38:36,2026,9,HEAD_TRUCK,179,14.45,online,,ujb_dashboard_scrape,580,283fc4dd897f47c80f8fbf9ea906045b7e2b0f82,VALID,
2026-09-12,09:34:59,2026,9,HEAD_TRUCK,95,94.71,online,,ujb_dashboard_scrape,581,97abf49d030b7d585ee8f06342117990c34e57a3,VALID,
2026-09-12,09:32:14,2026,9,HEAD_TRUCK,214,75.73,online,,ujb_dashboard_scrape,582,647f3b09934e8357e242cf23e434ef565e46477e,VALID,
2026-09-12,09:29:41,2026,9,HEAD_TRUCK,191,77.91,online,,ujb_dashboard_scrape,583,5e02bb7e747b59e9f7eb5f40ad54643528b55129,VALID,
2026-09-12,09:28:43,2026,9,HEAD_TRUCK,161,83.51,online,,ujb_dashboard_scrape,584,54aafaae1c6145f4c7285e63b16cad6d41ebdd70,VALID,
2026-09-12,09:26:11,2026,9,HEAD_TRUCK,215,95.39,online,,ujb_dashboard_scrape,585,375abac34f49a1d976280542ab6946cdaad6f0b6,VALID,
2026-09-12,09:25:20,2026,9,HEAD_TRUCK,165,69.74,online,,ujb_dashboard_scrape,586,fc7d61601d258fa2e7aa69e54976566fd1f65ee3,VALID,
2026-09-12,09:23:00,2026,9,HEAD_TRUCK,207,89.67,online,,ujb_dashboard_scrape,587,8f0b8cfa1c5394f55a91e9c27b2466bdd4ec79f7,VALID,
2026-09-12,09:21:59,2026,9,HEAD_TRUCK,171,77.83,online,,ujb_dashboard_scrape,588,0b1c5bd5a873c39159a2549f7637110c31308401,VALID,
2026-09-12,09:19:47,2026,9,HEAD_TRUCK,143,89.44,online,,ujb_dashboard_scrape,589,01f1a3d77e34bcf626a096e519961f453c8d6c42,VALID,
2026-09-12,09:16:07,2026,9,HEAD_TRUCK,128,79.72,online,,ujb_dashboard_scrape,590,bd829adba995631b16600c56e53167271015a011,VALID,
2026-09-12,09:15:16,2026,9,HEAD_TRUCK,201,81.13,online,,ujb_dashboard_scrape,591,f63676691a91f1dcc14f0d848c4a530d11ba49b2,VALID,
2026-09-12,09:13:15,2026,9,HEAD_TRUCK,167,70.82,online,,ujb_dashboard_scrape,592,2d28241ce1805e82614138daa2d8ee2b81e62f45,VALID,
2026-09-12,09:10:10,2026,9,HEAD_TRUCK,167,8.39,online,,ujb_dashboard_scrape,593,45561faa0916e8cecc4b498ed11c12f2462fa853,VALID,
2026-09-12,09:08:50,2026,9,BUS,01,55.0,online,,ujb_dashboard_scrape,594,171a683892aee0ace2e937567d36c9b7bf72505d,VALID,
2026-09-12,09:04:07,2026,9,HEAD_TRUCK,208,62.65,online,,ujb_dashboard_scrape,595,a3bf55ed3757a2dbae787c372b4407e9ee6ee62e,VALID,
2026-09-12,09:00:47,2026,9,HEAD_TRUCK,137,76.62,online,,ujb_dashboard_scrape,596,67e31b57c35ce2a6cc8efb9fcbe2ba41e549fb1c,VALID,
2026-09-12,08:58:32,2026,9,HEAD_TRUCK,139,83.19,online,,ujb_dashboard_scrape,597,485eb3e2c815a9609fe7c5f9e5c5be9cd1c58764,VALID,
2026-09-12,08:55:40,2026,9,HEAD_TRUCK,134,68.81,online,,ujb_dashboard_scrape,598,f5dc33c11168f482c1e4dfa9cc3b343ab8f30c97,VALID,
2026-09-12,08:55:35,2026,9,HEAD_TRUCK,133,87.04,online,,ujb_dashboard_scrape,599,d7945da6a2498bac80c86e688ecb060be3e52465,VALID,
2026-09-12,08:52:30,2026,9,ELF,03,35.0,online,,ujb_dashboard_scrape,600,0339c2d8725aafe33874829deb3b6b560318ac82,VALID,
2026-09-12,08:51:25,2026,9,HEAD_TRUCK,190,57.52,online,,ujb_dashboard_scrape,601,0b5575a992c8b6e825080dd8411d5e4e7a8346c4,VALID,
2026-09-12,08:50:10,2026,9,HEAD_TRUCK,170,78.53,online,,ujb_dashboard_scrape,602,a82197ba1625495ea9f099e5e2a991dd142a7b74,VALID,
2026-09-12,08:49:05,2026,9,HEAD_TRUCK,198,90.33,online,,ujb_dashboard_scrape,603,a3f9be676b00329548d581b6775a69aa8858817d,VALID,
2026-09-12,08:47:23,2026,9,HEAD_TRUCK,209,80.55,online,,ujb_dashboard_scrape,604,04177e5691281d83604d60758d15ba5f7c271de9,VALID,
2026-09-12,08:46:13,2026,9,HEAD_TRUCK,183,100.84,online,,ujb_dashboard_scrape,605,d23a0cf9b98bacdcda33f11847e9c2f1684c2de2,VALID,
2026-09-12,08:44:48,2026,9,HEAD_TRUCK,206,82.88,online,,ujb_dashboard_scrape,606,c25084e150d6a62285d29eb51ebe0105533050df,VALID,
2026-09-12,08:43:08,2026,9,ELF,02,7.0,online,,ujb_dashboard_scrape,607,49f8368a229051f7be4580703b3452c1955938b6,VALID,
2026-09-12,08:40:21,2026,9,HEAD_TRUCK,206,54.28,online,,ujb_dashboard_scrape,608,2b602d0bb593ef08cd5ed6e5dbd83e447e376517,VALID,
2026-09-12,08:40:19,2026,9,ELF,02,28.86,online,,ujb_dashboard_scrape,609,1ca28a5f977804b9c5d89c895f0c2bc1040be64d,VALID,
2026-09-12,08:37:09,2026,9,ELF,01,35.0,online,,ujb_dashboard_scrape,610,e12f223bb11ed50027a287d17eca58b9e11975e1,VALID,
2026-09-12,08:36:24,2026,9,HEAD_TRUCK,138,82.13,online,,ujb_dashboard_scrape,611,0e04a6966d0c787c2b060bde40ce330ab19ea0cf,VALID,
2026-09-12,08:33:51,2026,9,HEAD_TRUCK,141,57.69,online,,ujb_dashboard_scrape,612,17f417f93bba2cab6e1a1ec3153611abae509a60,VALID,
2026-09-12,08:33:33,2026,9,HEAD_TRUCK,196,70.54,online,,ujb_dashboard_scrape,613,e54e217a8d964669cd3f05034f75e6d415874116,VALID,
2026-09-12,08:30:38,2026,9,HEAD_TRUCK,141,71.88,online,,ujb_dashboard_scrape,614,f8651a510158e54b2297e1b9ca689c6765cc93cc,VALID,
2026-09-12,08:09:41,2026,9,HEAD_TRUCK,184,70.27,online,,ujb_dashboard_scrape,615,662f22d68691f9aa5cdc9ebe6b58c7768c7b44b5,VALID,
2026-09-12,08:04:10,2026,9,HEAD_TRUCK,164,83.67,online,,ujb_dashboard_scrape,616,0cf47fddca77f1db9749fd4d17bb90845ccc152f,VALID,
2026-09-12,08:00:35,2026,9,HEAD_TRUCK,175,64.08,online,,ujb_dashboard_scrape,617,8600c1678bb54d8db5bc20770a18a1c60b51a835,VALID,
2026-09-11,14:30:13,2026,9,HEAD_TRUCK,178,90.76,online,,ujb_dashboard_scrape,525,174a2c7b8a86951f16cff5fb82cf34f12e8c3150,VALID,
2026-09-11,14:20:27,2026,9,HEAD_TRUCK,202,78.83,online,,ujb_dashboard_scrape,526,accb4d7f214a259121f0d52c68989ecc01f99742,VALID,
2026-09-11,14:05:08,2026,9,HEAD_TRUCK,211,76.25,online,,ujb_dashboard_scrape,527,dce69a9d9f9de055e7d18660e85c5098ae5823ec,VALID,
2026-09-11,14:03:02,2026,9,HEAD_TRUCK,162,86.7,online,,ujb_dashboard_scrape,528,e98d47d5bdbec2ab71377240f56ff23412ca3f0c,VALID,
2026-09-11,14:00:31,2026,9,KEND_OPS,RANGGA 04,25.53,online,,ujb_dashboard_scrape,529,8dabc581de3782e6e55f8dc5adb2435a7abec532,VALID,
2026-09-11,13:54:22,2026,9,KEND_OPS,RANGGA 16,38.13,online,,ujb_dashboard_scrape,530,3a3d2bf51b4a5366194d76b9fad08bd4e2b8a990,VALID,
2026-09-11,13:51:55,2026,9,HEAD_TRUCK,145,100.25,online,,ujb_dashboard_scrape,531,0a7660651937411c79479a7bb82e238540998e40,VALID,
2026-09-11,13:45:31,2026,9,HEAD_TRUCK,154,107.63,online,,ujb_dashboard_scrape,532,984544206e244430f60ed39a4128bdbcb1e2256d,VALID,
2026-09-11,13:42:13,2026,9,HEAD_TRUCK,14,91.92,online,,ujb_dashboard_scrape,533,6c820f41977c2bf202bf9b3e4f1259ae920ba4e0,VALID,
2026-09-11,13:39:52,2026,9,HEAD_TRUCK,149,94.59,online,,ujb_dashboard_scrape,534,162b8f0fa7667a41f3ac91e5f65631994be8fb34,VALID,
2026-09-11,13:37:46,2026,9,HEAD_TRUCK,212,96.66,online,,ujb_dashboard_scrape,535,261d59643748f57f3c98ce00e34bb1870af1e4ef,VALID,
2026-09-11,13:37:02,2026,9,KEND_OPS,RANGGA 15,39.8,online,,ujb_dashboard_scrape,536,cf2ed0446760c1e5cb54d27bae3675f2bab0df48,VALID,
2026-09-11,13:34:55,2026,9,HEAD_TRUCK,158,67.68,online,,ujb_dashboard_scrape,537,8e5895b46fcc48b83ce6a2808ec00e9dab7bbfc5,VALID,
2026-09-11,13:33:02,2026,9,HEAD_TRUCK,159,100.32,online,,ujb_dashboard_scrape,538,51eedc945e5d32a66d81a2003073ccc73db4d355,VALID,
2026-09-11,13:30:30,2026,9,HEAD_TRUCK,151,89.09,online,,ujb_dashboard_scrape,539,f8fcdc5bf17544addd3ba5d75908126771a778e2,VALID,
2026-09-11,13:28:32,2026,9,HEAD_TRUCK,128,102.04,online,,ujb_dashboard_scrape,540,b20ca19803a77452ea4fe6e4da90562351341455,VALID,
2026-09-11,13:25:44,2026,9,HEAD_TRUCK,201,92.9,online,,ujb_dashboard_scrape,541,31d9c54abb9e4af03f0362af303b9ae419b113db,VALID,
2026-09-11,13:25:01,2026,9,HEAD_TRUCK,140,96.22,online,,ujb_dashboard_scrape,542,95000b48c59a12ac7ee29f7c8117364d1b7d3d7a,VALID,
2026-09-11,13:22:01,2026,9,HEAD_TRUCK,143,103.33,online,,ujb_dashboard_scrape,543,d34bb3f582a2a065db462cdbfeec50bc8b2d06e3,VALID,
2026-09-11,13:18:26,2026,9,HEAD_TRUCK,133,104.7,online,,ujb_dashboard_scrape,544,1005ba9cd04d4b8baec504c6f1f69d56fc520a34,VALID,
2026-09-11,13:05:49,2026,9,HEAD_TRUCK,169,96.28,online,,ujb_dashboard_scrape,545,4f89700a793621673c5f132cb8e4ae5dcbb30fee,VALID,
2026-09-11,13:05:29,2026,9,HEAD_TRUCK,175,80.61,online,,ujb_dashboard_scrape,546,876871574655cae43e956d36c3d4ced7f6ba2ae0,VALID,
2026-09-11,11:31:34,2026,9,HEAD_TRUCK,185,74.27,online,,ujb_dashboard_scrape,547,839c8beedadd805e9b07e9266c8b8a5ec82e05d8,VALID,
2026-09-11,11:29:10,2026,9,HEAD_TRUCK,150,88.53,online,,ujb_dashboard_scrape,548,d6ba6087f081bea14f10d278aef64e50d6298b33,VALID,
2026-09-11,11:12:47,2026,9,HEAD_TRUCK,194,78.57,online,,ujb_dashboard_scrape,549,593dee5b63cf61e1b523a389f44581b2ba4f631c,VALID,
2026-09-11,11:02:18,2026,9,BUS,03,55.0,online,,ujb_dashboard_scrape,550,61092fc4e20d8037931ce39972a3df0b71e5fe44,VALID,
2026-09-11,10:50:24,2026,9,HEAD_TRUCK,166,71.01,online,,ujb_dashboard_scrape,551,b3808326a2630818c71a1f75e451a5192df7c41f,VALID,
2026-09-11,10:46:42,2026,9,KEND_OPS,B 9786 BAZ,22.4,online,,ujb_dashboard_scrape,552,c6f53ff09b2b9232a6687d5035878777fdb8719b,VALID,
2026-09-11,10:44:55,2026,9,KEND_OPS,B 9269 UWM,26.97,online,,ujb_dashboard_scrape,553,499c14eadec33b9a896fdb1be7f30af6b64cf519,VALID,
2026-09-11,10:42:05,2026,9,HEAD_TRUCK,170,89.37,online,,ujb_dashboard_scrape,554,761e98cc564712ee972faaab918bc69900c3b921,VALID,
2026-09-11,10:37:43,2026,9,HEAD_TRUCK,156,96.99,online,,ujb_dashboard_scrape,555,1fe2688741b2ed6d760c5c5879f4957ab7e5e3ee,VALID,
2026-09-11,10:31:26,2026,9,HEAD_TRUCK,153,80.52,online,,ujb_dashboard_scrape,556,fce57eefc1da80c98170ded314ac89c09404c52e,VALID,
2026-09-11,10:30:22,2026,9,HEAD_TRUCK,199,77.39,online,,ujb_dashboard_scrape,557,fb60f94e1b8b1e48d8461cd42b67413b56994d03,VALID,
2026-09-11,10:28:48,2026,9,HEAD_TRUCK,157,68.65,online,,ujb_dashboard_scrape,558,3c5c1f034962ffc09a81bed692ed96a294731419,VALID,
2026-09-11,10:26:49,2026,9,HEAD_TRUCK,95,88.82,online,,ujb_dashboard_scrape,559,e27fb3666f7309bf7ded62571e5ad42cbae3da97,VALID,
2026-09-11,10:25:31,2026,9,HEAD_TRUCK,197,68.71,online,,ujb_dashboard_scrape,560,5e344197b1d3ce20387248b82872c86994782b17,VALID,
2026-09-11,10:23:36,2026,9,HEAD_TRUCK,180,117.65,online,,ujb_dashboard_scrape,561,8a7916944311e2951f4a681b4ddef330739082af,VALID,
2026-09-11,10:15:49,2026,9,HEAD_TRUCK,132,88.85,online,,ujb_dashboard_scrape,562,67661c81c505124c53c0f6f8b4518f82e0f43b35,VALID,
2026-09-11,10:13:11,2026,9,HEAD_TRUCK,141,64.18,online,,ujb_dashboard_scrape,563,d94540bc082c204737112e7313ac47fc002f1c24,VALID,
2026-09-11,10:12:19,2026,9,HEAD_TRUCK,184,67.76,online,,ujb_dashboard_scrape,564,c04f26f8b32a13acc3b57b4175b788d1d6e60706,VALID,
2026-09-11,10:09:48,2026,9,HEAD_TRUCK,207,73.93,online,,ujb_dashboard_scrape,565,7798d0ea28a08c79da37d838d574cf279f57a265,VALID,
2026-09-11,10:08:37,2026,9,HEAD_TRUCK,191,77.27,online,,ujb_dashboard_scrape,566,4f71baf050614ccb829fb2153a337b684de10940,VALID,
2026-09-11,10:06:15,2026,9,HEAD_TRUCK,186,60.76,online,,ujb_dashboard_scrape,567,bd53deb33f9e5c783f2752b0f9a9853075b506bc,VALID,
2026-09-11,10:04:02,2026,9,HEAD_TRUCK,203,85.04,online,,ujb_dashboard_scrape,568,cf9e1c560958149702dc26e7dea42402eb255440,VALID,
2026-09-11,10:01:29,2026,9,HEAD_TRUCK,216,89.36,online,,ujb_dashboard_scrape,569,89f1666640ad0c173d567ef71bd217dd4096eb94,VALID,
2026-09-11,10:01:14,2026,9,HEAD_TRUCK,179,93.85,online,,ujb_dashboard_scrape,570,3f81d83d9cf0812df5b31fab92e01eaee8d047b8,VALID,
2026-09-11,09:58:00,2026,9,SL,11,93.2,online,,ujb_dashboard_scrape,571,6fba7235bcdddc7cbbbe7561712bf1c4e247510d,VALID,
2026-09-11,09:57:33,2026,9,HEAD_TRUCK,188,60.54,online,,ujb_dashboard_scrape,572,33a574f1b7cff22c2b52b38563c2b6761478d2a4,VALID,
2026-09-11,09:53:46,2026,9,HEAD_TRUCK,152,84.43,online,,ujb_dashboard_scrape,573,614e4d99c05c238b7fcc3e2ff302b347ecd8772c,VALID,
2026-09-11,09:48:48,2026,9,HEAD_TRUCK,196,74.31,online,,ujb_dashboard_scrape,574,1fdc49b47e7d361ecb3dc577aefc8d9073d5be48,VALID,
2026-09-11,09:46:26,2026,9,HEAD_TRUCK,177,91.13,online,,ujb_dashboard_scrape,575,7ab19b59ef0133cd6578f233274525c68aa10548,VALID,
2026-09-11,09:45:33,2026,9,HEAD_TRUCK,155,96.89,online,,ujb_dashboard_scrape,576,ecf8dcd8e77414472e9987c4cb51336a998b1b52,VALID,
2026-09-11,09:43:00,2026,9,HEAD_TRUCK,172,61.51,online,,ujb_dashboard_scrape,577,bf690f17de5e8a0ac38250e4fa2f564e3ac23ebc,VALID,
2026-09-11,09:42:53,2026,9,HEAD_TRUCK,161,73.61,online,,ujb_dashboard_scrape,578,82fea7a1db75815be6d5fec045619b0a48375f46,VALID,
2026-09-11,09:40:32,2026,9,HEAD_TRUCK,139,84.45,online,,ujb_dashboard_scrape,579,b352a5df431faa1e94aa851555079005b322f465,VALID,
2026-09-11,09:38:14,2026,9,HEAD_TRUCK,134,87.28,online,,ujb_dashboard_scrape,580,fb3270f6e1da5eaa4910107e6fbe4fa1c7fa6fee,VALID,
2026-09-11,09:36:46,2026,9,HEAD_TRUCK,182,75.03,online,,ujb_dashboard_scrape,581,b1e97927cb4133c50552871b4480ea26db7f3ab8,VALID,
2026-09-11,09:34:54,2026,9,HEAD_TRUCK,204,55.78,online,,ujb_dashboard_scrape,582,8a094a45d4a558b9a92cf771596b5f2b715c933b,VALID,
2026-09-11,09:34:24,2026,9,HEAD_TRUCK,195,79.22,online,,ujb_dashboard_scrape,583,db7a6a6e23f94010862cd7ae6010035720a981b9,VALID,
2026-09-11,09:29:53,2026,9,HEAD_TRUCK,205,80.85,online,,ujb_dashboard_scrape,584,0b056b521b5e8efa87b53ed95696c5788a141f23,VALID,
2026-09-11,09:27:03,2026,9,HEAD_TRUCK,148,85.74,online,,ujb_dashboard_scrape,585,5df55485a7b34c0892c2d4b16d12be6ae784f8d8,VALID,
2026-09-11,09:22:53,2026,9,HEAD_TRUCK,215,75.01,online,,ujb_dashboard_scrape,586,5a7ddeacba7294462e168b15862d181ac4106eaa,VALID,
2026-09-11,09:20:04,2026,9,HEAD_TRUCK,164,115.38,online,,ujb_dashboard_scrape,587,116e683f07ac7330decaa4e2e235091374c710c6,VALID,
2026-09-11,09:16:43,2026,9,HEAD_TRUCK,165,82.6,online,,ujb_dashboard_scrape,588,b809e3dcab87c6f9b38d7351fd5a371b094d1da3,VALID,
2026-09-11,09:16:31,2026,9,HEAD_TRUCK,190,61.74,online,,ujb_dashboard_scrape,589,272d8dcde14032f18ffd0da1aa3fe167e924dd3f,VALID,
2026-09-11,09:13:37,2026,9,HEAD_TRUCK,209,82.75,online,,ujb_dashboard_scrape,590,9c4f03e7e16551c94e3d79f44c2e84f4ce7d2051,VALID,
2026-09-11,09:12:28,2026,9,HEAD_TRUCK,198,70.16,online,,ujb_dashboard_scrape,591,8ddcab3abc5f1c151fb936082588592fb6462e9e,VALID,
2026-09-11,09:09:35,2026,9,HEAD_TRUCK,131,77.68,online,,ujb_dashboard_scrape,592,403f9806e78ed87ccbd5cf4031f3678b055b6670,VALID,
2026-09-11,09:09:13,2026,9,HEAD_TRUCK,193,82.2,online,,ujb_dashboard_scrape,593,ebdef2916946532c3bd58b934769f08bb19d8995,VALID,
2026-09-11,09:06:52,2026,9,HEAD_TRUCK,214,69.77,online,,ujb_dashboard_scrape,594,2255e6a06f5178732d8889aab21abdf3e3f23ab9,VALID,
2026-09-11,09:02:27,2026,9,HEAD_TRUCK,167,72.61,online,,ujb_dashboard_scrape,595,dd108fd696812a12a5d8f1b7f15f8a3e1b4b2704,VALID,
2026-09-11,08:58:56,2026,9,BUS,02,55.0,online,,ujb_dashboard_scrape,596,70cd5370952137f68850deb92442ab54ff206622,VALID,
2026-09-11,08:58:31,2026,9,BUS,01,48.6,online,,ujb_dashboard_scrape,597,a42c4fb8b8f317939adff6b68eeb731232c9c4f9,VALID,
2026-09-11,08:55:43,2026,9,HEAD_TRUCK,206,88.56,online,,ujb_dashboard_scrape,598,41a06c908756e0428b04ab58e83194995ca5b7d3,VALID,
2026-09-11,08:55:34,2026,9,HEAD_TRUCK,144,90.66,online,,ujb_dashboard_scrape,599,0529e4b30d21691b5b40969af98918ea30ef035a,VALID,
2026-09-11,08:52:33,2026,9,HEAD_TRUCK,147,95.14,online,,ujb_dashboard_scrape,600,5a95ac1ea721a360ca630fa3b90389e9d82baee5,VALID,
2026-09-11,08:49:57,2026,9,HEAD_TRUCK,171,74.17,online,,ujb_dashboard_scrape,601,94f278b248ff41dd2e1f5242bcee1a1b64c224be,VALID,
2026-09-11,08:43:55,2026,9,KEND_OPS,RANGGA 14,40.0,online,,ujb_dashboard_scrape,602,c12f21e9f00cc7ff31c25ec282eb1fddd975d2d6,VALID,
2026-09-11,08:37:14,2026,9,HEAD_TRUCK,213,85.86,online,,ujb_dashboard_scrape,603,b50b3fc7761df8d039c2ed179cb294c970e55bad,VALID,
2026-09-11,08:34:46,2026,9,KEND_OPS,RANGGA 05,35.06,online,,ujb_dashboard_scrape,604,89f62bc8f49e1d510d620107882057cbc633b666,VALID,
2026-09-11,08:33:02,2026,9,HEAD_TRUCK,181,92.1,online,,ujb_dashboard_scrape,605,0a03c26528806f399440f9473fd47cf07c474c80,VALID,
2026-09-11,08:29:05,2026,9,ELF,03,35.0,online,,ujb_dashboard_scrape,606,4482980690d38ab4a5177955551cbe195a2feeb8,VALID,
2026-09-11,08:27:11,2026,9,ELF,02,35.0,online,,ujb_dashboard_scrape,607,0332cf7c91e4d690fdfe5c10679c55c0130d8384,VALID,
2026-09-11,08:20:33,2026,9,FORKLIFT,26,37.45,online,,ujb_dashboard_scrape,608,a7e6c57151c0de3ad8b682233ef680b542b189f1,VALID,
2026-09-11,08:18:22,2026,9,HEAD_TRUCK,137,69.88,online,,ujb_dashboard_scrape,609,2a5268621c8ab6b5b4eda0d4fefba370708730d0,VALID,
2026-09-11,08:16:26,2026,9,HEAD_TRUCK,174,81.59,online,,ujb_dashboard_scrape,610,cc1e09cf22ad98f4fd61ebc2913f0a8ce71ebcba,VALID,
2026-09-11,08:14:27,2026,9,ELF,01,35.0,online,,ujb_dashboard_scrape,611,73319c190bc51af1da42b09efc3c3459cf256fc6,VALID,
2026-09-11,08:11:35,2026,9,HEAD_TRUCK,136,80.67,online,,ujb_dashboard_scrape,612,d1417bc2cf9e390b5e4028bda3f03d2acf783b63,VALID,
2026-09-11,08:09:04,2026,9,HEAD_TRUCK,210,61.69,online,,ujb_dashboard_scrape,613,cc3ae970ea9bb0f77bd8cac86d7a740e1e1f58f6,VALID,
2026-09-11,08:08:51,2026,9,HEAD_TRUCK,138,79.17,online,,ujb_dashboard_scrape,614,26d4595cf1b897e941878bae011741bec7799b12,VALID,
2026-09-11,08:06:06,2026,9,HEAD_TRUCK,163,85.46,online,,ujb_dashboard_scrape,615,fcf928b7e868f6ed3a4a8f4d78d1b0ef7f3408f0,VALID,
2026-09-11,08:05:30,2026,9,HEAD_TRUCK,208,70.99,online,,ujb_dashboard_scrape,616,f2102aa89dbb16cc240f6c01575aeefddafc33dd,VALID,
2026-09-10,13:58:27,2026,9,KEND_OPS,B 9015 UBE,33.41,online,,ujb_dashboard_scrape,533,2a8cb0cc2842f2eabda26c03d326770a94cac231,VALID,
2026-09-10,13:55:00,2026,9,KEND_OPS,RANGGA 11,39.21,online,,ujb_dashboard_scrape,534,fc9ec02eb2f7367a00ecb56b18c64ca52f8b5e00,VALID,
2026-09-10,13:06:59,2026,9,HEAD_TRUCK,161,89.75,online,,ujb_dashboard_scrape,535,a9c91385fa545cc5012a1c30e8027f2ed1910e55,VALID,
2026-09-10,11:35:13,2026,9,HEAD_TRUCK,171,99.79,online,,ujb_dashboard_scrape,536,0f1dd5369ed0583ae5631064506648e89abf5fd4,VALID,
2026-09-10,11:30:21,2026,9,HEAD_TRUCK,208,91.92,online,,ujb_dashboard_scrape,537,51ec52359e68751cef41657c3f96a283eb93a3ca,VALID,
2026-09-10,11:20:51,2026,9,HEAD_TRUCK,167,36.57,online,,ujb_dashboard_scrape,538,fd33332e57db3391e8881f25c702ea4bf613797b,VALID,
2026-09-10,11:18:35,2026,9,HEAD_TRUCK,140,50.53,online,,ujb_dashboard_scrape,539,4c22d80618051419ad72150700553b15a17609c1,VALID,
2026-09-10,11:16:38,2026,9,HEAD_TRUCK,198,21.7,online,,ujb_dashboard_scrape,540,b4e294823f624fc4ee5c42a91c712362b78e7a40,VALID,
2026-09-10,11:06:19,2026,9,HEAD_TRUCK,142,88.89,online,,ujb_dashboard_scrape,541,954f33ea968949c3d2052f04970a7770ea81cb1a,VALID,
2026-09-10,11:04:03,2026,9,HEAD_TRUCK,193,103.35,online,,ujb_dashboard_scrape,542,598b5ec102ba1e245ce187d497b0dd954d232a31,VALID,
2026-09-10,11:01:24,2026,9,HEAD_TRUCK,157,91.64,online,,ujb_dashboard_scrape,543,a6a828da640d55261983672a297558a50126fe90,VALID,
2026-09-10,10:58:53,2026,9,HEAD_TRUCK,95,104.24,online,,ujb_dashboard_scrape,544,9a4cfeb518fddd6613a7e731d2b22eeeab6871a0,VALID,
2026-09-10,10:46:54,2026,9,KEND_OPS,RANGGA 13,39.65,online,,ujb_dashboard_scrape,545,2ed2a1a6be474efa95dd5fac93e1b8b17b0b5c1c,VALID,
2026-09-10,10:43:34,2026,9,HEAD_TRUCK,147,88.99,online,,ujb_dashboard_scrape,546,db0da52fe8b075b37f29c869f3c02957caa1fc46,VALID,
2026-09-10,10:41:12,2026,9,HEAD_TRUCK,190,74.79,online,,ujb_dashboard_scrape,547,a0dc3bb8377f83fcd7c98868055324f1c17f90b0,VALID,
2026-09-10,10:35:59,2026,9,HEAD_TRUCK,185,89.48,online,,ujb_dashboard_scrape,548,0967c2dc8893153a1e15eeff175ea41306e5c33e,VALID,
2026-09-10,10:30:39,2026,9,HEAD_TRUCK,201,85.15,online,,ujb_dashboard_scrape,549,bcda443add374e86b7a3eebad66c0fe41c3dd5c2,VALID,
2026-09-10,10:24:39,2026,9,HEAD_TRUCK,170,98.56,online,,ujb_dashboard_scrape,550,5251ed8f52e19b1dd6791b99a6af8ff29447ca43,VALID,
2026-09-10,10:20:43,2026,9,HEAD_TRUCK,214,88.22,online,,ujb_dashboard_scrape,551,e3f9adebc10d0568ff902b41de56ec04a0f64624,VALID,
2026-09-10,10:17:53,2026,9,HEAD_TRUCK,150,90.79,online,,ujb_dashboard_scrape,552,681fbd63979f822921fd1350e69298fa0f7dce95,VALID,
2026-09-10,10:15:17,2026,9,HEAD_TRUCK,131,90.84,online,,ujb_dashboard_scrape,553,1c3f2c83467b82090743e5f4addf8d88b39fd4f6,VALID,
2026-09-10,10:12:45,2026,9,HEAD_TRUCK,149,90.82,online,,ujb_dashboard_scrape,554,7bcfe3790172db8ce64eec71761e81719e19b653,VALID,
2026-09-10,10:12:08,2026,9,HEAD_TRUCK,196,80.31,online,,ujb_dashboard_scrape,555,b8addb57b75f840fd24861c4be231aedccecc9ca,VALID,
2026-09-10,10:09:46,2026,9,HEAD_TRUCK,148,102.15,online,,ujb_dashboard_scrape,556,1983121f6053f9aaa666fc21d14943f8ef11f87c,VALID,
2026-09-10,10:07:18,2026,9,HEAD_TRUCK,144,88.49,online,,ujb_dashboard_scrape,557,1a8c8d0a478342686204f29250df1b5690f3bfe3,VALID,
2026-09-10,10:05:07,2026,9,HEAD_TRUCK,138,84.88,online,,ujb_dashboard_scrape,558,ad0b59a0e91e30a49e181ae6f054fb3d80c8ee86,VALID,
2026-09-10,10:02:57,2026,9,HEAD_TRUCK,151,96.02,online,,ujb_dashboard_scrape,559,04c04a9b250fa5f1cc7ac4fb4b47d17f0998d11c,VALID,
2026-09-10,10:02:11,2026,9,HEAD_TRUCK,179,90.92,online,,ujb_dashboard_scrape,560,c53e0905737f98f05f8abd8dc8de4abf0d936ae9,VALID,
2026-09-10,09:59:38,2026,9,HEAD_TRUCK,162,61.48,online,,ujb_dashboard_scrape,561,ead0224767b18c479def083b9ad43d8a259b7b48,VALID,
2026-09-10,09:57:43,2026,9,HEAD_TRUCK,134,72.83,online,,ujb_dashboard_scrape,562,99c6c0a2d431ca0ef507869373af616e1c4dfbfd,VALID,
2026-09-10,09:55:39,2026,9,HEAD_TRUCK,205,94.38,online,,ujb_dashboard_scrape,563,634e7235d99248e8af92d37635b1358f89534c27,VALID,
2026-09-10,09:54:27,2026,9,HEAD_TRUCK,202,75.41,online,,ujb_dashboard_scrape,564,b33e214467c95582d04f7bf853566fab21325778,VALID,
2026-09-10,09:53:22,2026,9,HEAD_TRUCK,139,97.88,online,,ujb_dashboard_scrape,565,4bb18f5e031f674c89b1c8cf2750aa4851d4ee68,VALID,
2026-09-10,09:50:40,2026,9,HEAD_TRUCK,159,85.22,online,,ujb_dashboard_scrape,566,4843b80616777727a956b8f9b1632929e72e138e,VALID,
2026-09-10,09:48:06,2026,9,HEAD_TRUCK,141,86.06,online,,ujb_dashboard_scrape,567,290a7213feed378cad57dee5daf06c7e3792183c,VALID,
2026-09-10,09:45:50,2026,9,HEAD_TRUCK,211,74.43,online,,ujb_dashboard_scrape,568,c4ddf02eda86ba819d1eb13f00c5b5c2722d2f13,VALID,
2026-09-10,09:44:05,2026,9,HEAD_TRUCK,133,88.96,online,,ujb_dashboard_scrape,569,968c5e42449db2c34bcd73aeb44893d104742f6b,VALID,
2026-09-10,09:41:36,2026,9,HEAD_TRUCK,137,87.45,online,,ujb_dashboard_scrape,570,4d59d246decc68b4214019af529cc2f1322ac86d,VALID,
2026-09-10,09:39:16,2026,9,HEAD_TRUCK,191,62.47,online,,ujb_dashboard_scrape,571,95b66d05dabca5d6fa4d7565831e849cd2975f7d,VALID,
2026-09-10,09:38:48,2026,9,HEAD_TRUCK,215,104.44,online,,ujb_dashboard_scrape,572,2dbc528c921e74023537803eab6bef3373be8d2f,VALID,
2026-09-10,09:35:59,2026,9,HEAD_TRUCK,177,87.59,online,,ujb_dashboard_scrape,573,74ad04a1d771c332e62f54a5c3877ce7c1b020f2,VALID,
2026-09-10,09:35:15,2026,9,HEAD_TRUCK,145,120.94,online,,ujb_dashboard_scrape,574,a7e327614b653dd109d039d9760b319653988ff4,VALID,
2026-09-10,09:32:25,2026,9,HEAD_TRUCK,186,82.33,online,,ujb_dashboard_scrape,575,c324807d278ccb8fd52b3c157f94baeab731fd04,VALID,
2026-09-10,09:31:31,2026,9,HEAD_TRUCK,213,95.02,online,,ujb_dashboard_scrape,576,cae67fccfefd63b64675df12a9b7001281b2e4d1,VALID,
2026-09-10,09:28:40,2026,9,HEAD_TRUCK,181,63.7,online,,ujb_dashboard_scrape,577,24a2fac00d69f5f4d707f6579288670b629600aa,VALID,
2026-09-10,09:28:35,2026,9,HEAD_TRUCK,181,85.58,online,,ujb_dashboard_scrape,578,9ab46191fc12ea5f5bfe118fc4874c18016716f3,VALID,
2026-09-10,09:26:45,2026,9,HEAD_TRUCK,154,7.25,online,,ujb_dashboard_scrape,579,34f60c4fec816aecf8768ce841c2b1b3ec6c277c,VALID,
2026-09-10,09:24:41,2026,9,HEAD_TRUCK,169,114.25,online,,ujb_dashboard_scrape,580,d24d5c78598fa7414211dcea6e11e2c1045bad4c,VALID,
2026-09-10,09:23:09,2026,9,HEAD_TRUCK,194,94.01,online,,ujb_dashboard_scrape,581,4871ff1a413f20eafb636b2f3be4ad3c93dd866c,VALID,
2026-09-10,09:21:05,2026,9,HEAD_TRUCK,164,63.07,online,,ujb_dashboard_scrape,582,9feece7ee6cb5bacdf3f51f5a6f536671e3887d3,VALID,
2026-09-10,09:20:16,2026,9,HEAD_TRUCK,197,87.39,online,,ujb_dashboard_scrape,583,5c8c0466339364016ee2c5f2bac35872ce8125d7,VALID,
2026-09-10,09:18:41,2026,9,HEAD_TRUCK,209,111.85,online,,ujb_dashboard_scrape,584,d36a8ef00c83991b965d61840c60c24cdf9c8346,VALID,
2026-09-10,09:17:14,2026,9,HEAD_TRUCK,195,88.09,online,,ujb_dashboard_scrape,585,6d518c76069a7c966e3ba12c44c4ac06a2a29fee,VALID,
2026-09-10,09:15:26,2026,9,HEAD_TRUCK,163,100.38,online,,ujb_dashboard_scrape,586,e39f9097dd5225f75b97ea68ac44ad076b40f009,VALID,
2026-09-10,09:14:03,2026,9,HEAD_TRUCK,188,86.56,online,,ujb_dashboard_scrape,587,b1d3927b0e68832d45fd3148464cb48c331d0646,VALID,
2026-09-10,09:12:39,2026,9,HEAD_TRUCK,216,72.33,online,,ujb_dashboard_scrape,588,0d0fc1bf9bd517de16822c35c49176a66bd709aa,VALID,
2026-09-10,09:09:59,2026,9,HEAD_TRUCK,153,82.45,online,,ujb_dashboard_scrape,589,9b3f3535ead648e3bacd1af30dcd6b3f6a053665,VALID,
2026-09-10,09:08:14,2026,9,HEAD_TRUCK,203,73.12,online,,ujb_dashboard_scrape,590,982cc9e094afdcabc799dac6d33c6b231dee5af0,VALID,
2026-09-10,09:06:58,2026,9,HEAD_TRUCK,143,66.47,online,,ujb_dashboard_scrape,591,8d6f10c42c8c99a44aa0f2a8d770ba81fe1ac5c8,VALID,
2026-09-10,09:04:57,2026,9,HEAD_TRUCK,199,81.57,online,,ujb_dashboard_scrape,592,9bd89727316a10dc44953f7eff1662197e474819,VALID,
2026-09-10,09:04:26,2026,9,HEAD_TRUCK,212,113.61,online,,ujb_dashboard_scrape,593,d34fe88286ed9ec8f3dd9c36ee7b5eb428d87700,VALID,
2026-09-10,09:02:15,2026,9,KEND_OPS,RANGGA 04,38.32,online,,ujb_dashboard_scrape,594,1915123f4f4a355d0feae099b3f3b0bc71f66319,VALID,
2026-09-10,09:01:23,2026,9,HEAD_TRUCK,204,89.72,online,,ujb_dashboard_scrape,595,33c36205988b598afa4273a299c55ec960c013a8,VALID,
2026-09-10,08:59:09,2026,9,HEAD_TRUCK,178,78.98,online,,ujb_dashboard_scrape,596,c048bc3abc1407e83ead8a86dd3cdbecd6ff62b1,VALID,
2026-09-10,08:58:25,2026,9,BUS,03,55.0,online,,ujb_dashboard_scrape,597,e7e4f86016e455742fd44a8e8139098551abbdf0,VALID,
2026-09-10,08:56:19,2026,9,HEAD_TRUCK,192,96.8,online,,ujb_dashboard_scrape,598,b706e0919d731f4607392236d1d51c35d08e6c85,VALID,
2026-09-10,08:53:07,2026,9,HEAD_TRUCK,182,99.09,online,,ujb_dashboard_scrape,599,1dc4a93fe7906ae8db3ba7febf6b31ecbfe9d077,VALID,
2026-09-10,08:48:34,2026,9,HEAD_TRUCK,174,94.61,online,,ujb_dashboard_scrape,600,067f21b453de724bec8e58308c6b416cea935e5d,VALID,
2026-09-10,08:46:18,2026,9,ELF,03,35.0,online,,ujb_dashboard_scrape,601,5e9bae563971e2f102724c456f10324d574a73e2,VALID,
2026-09-10,08:42:39,2026,9,ELF,02,34.02,online,,ujb_dashboard_scrape,602,a2fa8ab7fca183396c1a5cb4b4787b6e65cc5309,VALID,
2026-09-10,08:37:38,2026,9,BUS,02,55.0,online,,ujb_dashboard_scrape,603,4a235bc703c83b89d88569bd63ddba186a40aa31,VALID,
2026-09-10,08:35:14,2026,9,HEAD_TRUCK,156,76.69,online,,ujb_dashboard_scrape,604,7f3f7f5f7b663bf069c0136fbdc6456decb12f7a,VALID,
2026-09-10,08:33:07,2026,9,HEAD_TRUCK,206,97.98,online,,ujb_dashboard_scrape,605,05bd52bfac7ef243758ce9ec45fc9c518ed090f2,VALID,
2026-09-10,08:30:31,2026,9,HEAD_TRUCK,155,88.93,online,,ujb_dashboard_scrape,606,731d7b848eb06f383702af9bdb9be5fb86291ca8,VALID,
2026-09-10,08:30:05,2026,9,ELF,01,35.0,online,,ujb_dashboard_scrape,607,93484c945d7863745224fc8b77ba018696bc8ac5,VALID,
2026-09-10,08:27:35,2026,9,HEAD_TRUCK,165,72.82,online,,ujb_dashboard_scrape,608,3e573bb9796c233158c188980d9c24ad296e4522,VALID,
2026-09-10,08:26:32,2026,9,HEAD_TRUCK,166,70.32,online,,ujb_dashboard_scrape,609,6287937811bba444baa31312edfb5d58fb888a40,VALID,
2026-09-10,08:24:18,2026,9,HEAD_TRUCK,136,71.59,online,,ujb_dashboard_scrape,610,8c415c032e01c9bbf1d34b814930e14958f4b1be,VALID,
2026-09-10,08:23:16,2026,9,HEAD_TRUCK,175,69.71,online,,ujb_dashboard_scrape,611,0e10de8d1e99c9208c0476afe7899579e7bdccbe,VALID,
2026-09-10,08:21:58,2026,9,HEAD_TRUCK,128,102.77,online,,ujb_dashboard_scrape,612,006292c66dcdaffc4fa6893ac6b398473e26f512,VALID,
2026-09-10,08:20:50,2026,9,HEAD_TRUCK,183,56.95,online,,ujb_dashboard_scrape,613,f2f64ce265f088881602557d59fb5ac72d3016e7,VALID,
2026-09-10,08:17:11,2026,9,HEAD_TRUCK,183,35.1,online,,ujb_dashboard_scrape,614,dd72450aff1625eca50747800aba692c76b06011,VALID,
2026-09-10,08:16:27,2026,9,BUS,01,54.62,online,,ujb_dashboard_scrape,615,a06c576b10b06268b50527ad827104d558a5411b,VALID,
2026-09-10,08:12:27,2026,9,HEAD_TRUCK,210,81.58,online,,ujb_dashboard_scrape,616,3baaadbdbbdc4b849a3ddbd4a4f5efb8e0924a60,VALID,
2026-09-10,08:09:52,2026,9,HEAD_TRUCK,158,86.32,online,,ujb_dashboard_scrape,617,bdce6533124234a89295d4c2b73c5c75e92e5a33,VALID,
2026-09-10,08:09:49,2026,9,HEAD_TRUCK,132,74.14,online,,ujb_dashboard_scrape,618,797db0c4254acf07c787191a991f9a5df4e9c989,VALID,
2026-09-10,08:06:13,2026,9,HEAD_TRUCK,184,67.01,online,,ujb_dashboard_scrape,619,b7d492f9f8e4b42ecb6a5fda697cf8a1d2265900,VALID,
2026-09-10,08:05:46,2026,9,HEAD_TRUCK,207,93.63,online,,ujb_dashboard_scrape,620,579ac0c2a1577476a63513c7df8574a7cd139289,VALID,
2026-09-09,15:01:21,2026,9,KEND_OPS,RANGGA 03,40.0,online,,ujb_dashboard_scrape,530,c99f2cd09d34cba6c62fc1b2d5d562f1d84a37e0,VALID,
2026-09-09,13:55:30,2026,9,KEND_OPS,RANGGA 02,33.56,online,,ujb_dashboard_scrape,531,081553ef7cf4f7d16d45da0a612d65de59fb03e6,VALID,
2026-09-09,13:26:11,2026,9,KEND_OPS,HILUX 04,36.72,online,,ujb_dashboard_scrape,532,454f96c52b0d8b8eb0a07cab7c17102d401fe9be,VALID,
2026-09-09,13:09:42,2026,9,HEAD_TRUCK,161,105.77,online,,ujb_dashboard_scrape,533,d275b05602bcedc409a6fbc7d2894dc824af6dea,VALID,
2026-09-09,11:33:20,2026,9,HEAD_TRUCK,193,73.68,online,,ujb_dashboard_scrape,534,029e056fe1bd643cfb0cc09fe0c06d964212908b,VALID,
2026-09-09,11:30:49,2026,9,HEAD_TRUCK,171,75.54,online,,ujb_dashboard_scrape,535,eb169849333ae5d6c011414027c4c77e197deb0f,VALID,
2026-09-09,11:25:50,2026,9,HEAD_TRUCK,157,77.38,online,,ujb_dashboard_scrape,536,818087d099cd617390a1c6a9d066f4f1463230c6,VALID,
2026-09-09,11:16:23,2026,9,HEAD_TRUCK,190,89.17,online,,ujb_dashboard_scrape,537,320529cf40e73bf0eb06fab7b9a8be2955d1d674,VALID,
2026-09-09,11:13:15,2026,9,HEAD_TRUCK,162,82.46,online,,ujb_dashboard_scrape,538,3578d854747fa060674610ecf4bc8c7c6831eae0,VALID,
2026-09-09,11:09:26,2026,9,HEAD_TRUCK,185,60.07,online,,ujb_dashboard_scrape,539,44d561f29ceccc9f0dc9dadd8233fac3e8bb2ac3,VALID,
2026-09-09,11:01:51,2026,9,HEAD_TRUCK,132,89.18,online,,ujb_dashboard_scrape,540,8603ecea3a66fd0c97faad600752decaea523527,VALID,
2026-09-09,10:59:16,2026,9,KEND_OPS,RANGGA 06,26.28,online,,ujb_dashboard_scrape,541,268f66919267dc7013e506a7fece06dc0c21cef7,VALID,
2026-09-09,10:52:29,2026,9,HEAD_TRUCK,191,82.83,online,,ujb_dashboard_scrape,542,13d12757cfe2832479dd5d67d9e2dc9ce44745d1,VALID,
2026-09-09,10:48:22,2026,9,HEAD_TRUCK,136,95.89,online,,ujb_dashboard_scrape,543,a15e9760308def6fb1b1303c09bd479034b305bf,VALID,
2026-09-09,10:43:59,2026,9,HEAD_TRUCK,142,77.44,online,,ujb_dashboard_scrape,544,63644a684adf018414477e7134263ec990f51a43,VALID,
2026-09-09,10:39:35,2026,9,HEAD_TRUCK,208,57.34,online,,ujb_dashboard_scrape,545,1d472861ae432bb3f8a4908f84cd566fc19b95e5,VALID,
2026-09-09,10:34:59,2026,9,HEAD_TRUCK,210,105.3,online,,ujb_dashboard_scrape,546,d61c6d50c65a59fb8341b7b632f3220b447936bf,VALID,
2026-09-09,10:32:23,2026,9,HEAD_TRUCK,95,65.16,online,,ujb_dashboard_scrape,547,a68835d68e8bf2e06bc8bd4902924698646b01e4,VALID,
2026-09-09,10:30:17,2026,9,HEAD_TRUCK,133,106.02,online,,ujb_dashboard_scrape,548,827f1a4c9da4deea0f602e63ee1febb39db063be,VALID,
2026-09-09,10:29:00,2026,9,HEAD_TRUCK,159,70.05,online,,ujb_dashboard_scrape,549,67bb0d80025f69e29589a851d0ddaeeb765134c5,VALID,
2026-09-09,10:26:56,2026,9,HEAD_TRUCK,148,81.94,online,,ujb_dashboard_scrape,550,c57837a8f8211c16d866ba407c663a55dd067fbd,VALID,
2026-09-09,10:26:10,2026,9,HEAD_TRUCK,204,68.32,online,,ujb_dashboard_scrape,551,316b643b6c5e2c144eb615ffa1f7966108755bdb,VALID,
2026-09-09,10:23:49,2026,9,HEAD_TRUCK,139,80.95,online,,ujb_dashboard_scrape,552,fd4e6e8e8029d37f2e1663819d888a1e41447ce9,VALID,
2026-09-09,10:22:57,2026,9,HEAD_TRUCK,156,85.99,online,,ujb_dashboard_scrape,553,1c5cbbce58d298f090da0d49dcae020512d68539,VALID,
2026-09-09,10:20:21,2026,9,HEAD_TRUCK,207,107.58,online,,ujb_dashboard_scrape,554,7ece16a5577bf0d2f9c10170b71cf4afadc9eda5,VALID,
2026-09-09,10:18:53,2026,9,HEAD_TRUCK,201,59.55,online,,ujb_dashboard_scrape,555,0511a614b2285d0f47f19abad834eeb50e453b22,VALID,
2026-09-09,10:17:59,2026,9,HEAD_TRUCK,143,75.37,online,,ujb_dashboard_scrape,556,776212c8cebec337fb19eace0348e025a3de4bc5,VALID,
2026-09-09,10:16:21,2026,9,HEAD_TRUCK,202,71.14,online,,ujb_dashboard_scrape,557,64a6f989c5641e2f26f5053b8a057259da3834d9,VALID,
2026-09-09,10:15:55,2026,9,HEAD_TRUCK,211,113.01,online,,ujb_dashboard_scrape,558,8374ece8c9c363c75d5b5704203d733c8fc202ac,VALID,
2026-09-09,10:12:47,2026,9,HEAD_TRUCK,203,75.42,online,,ujb_dashboard_scrape,559,96d8f11b557b5d5ac3c0334afb948ed7b4fdd5ea,VALID,
2026-09-09,10:12:40,2026,9,HEAD_TRUCK,134,102.95,online,,ujb_dashboard_scrape,560,551ee23f660883b0d8f9d246cbcab7521dbf8b68,VALID,
2026-09-09,10:09:09,2026,9,HEAD_TRUCK,131,86.59,online,,ujb_dashboard_scrape,561,ae8054430af698fe98331c9462c7b6e93c9d5d90,VALID,
2026-09-09,10:08:27,2026,9,HEAD_TRUCK,178,84.27,online,,ujb_dashboard_scrape,562,cebdb1bfe3ef67fbe2f2d010ac214f21b15d0994,VALID,
2026-09-09,10:05:40,2026,9,HEAD_TRUCK,154,77.86,online,,ujb_dashboard_scrape,563,602d954ad92aed07e57a140bace474044f89a5d5,VALID,
2026-09-09,10:05:04,2026,9,HEAD_TRUCK,147,85.06,online,,ujb_dashboard_scrape,564,a7e19dbd106bd6da12d4b2d30250249d63ef3bbc,VALID,
2026-09-09,10:02:40,2026,9,HEAD_TRUCK,137,121.33,online,,ujb_dashboard_scrape,565,5fb0446ed6890c0f57df00647126f5a2aef33ea2,VALID,
2026-09-09,09:57:57,2026,9,HEAD_TRUCK,214,108.52,online,,ujb_dashboard_scrape,566,ca4ea72dd57a24351fe7c16ea37278a12d1fbdfd,VALID,
2026-09-09,09:55:30,2026,9,HEAD_TRUCK,192,85.65,online,,ujb_dashboard_scrape,567,13f6709ff5366bbc5efea0b30e1b8aa95e521c32,VALID,
2026-09-09,09:54:20,2026,9,HEAD_TRUCK,153,79.29,online,,ujb_dashboard_scrape,568,15253177eeeceefc848c5f35906a090b88c857d9,VALID,
2026-09-09,09:51:45,2026,9,HEAD_TRUCK,175,67.04,online,,ujb_dashboard_scrape,569,7e57b3650d632a05bc8c9f261f2f360fa0489ff9,VALID,
2026-09-09,09:49:41,2026,9,BUS,03,45.21,online,,ujb_dashboard_scrape,570,04894d0f2d69d41fae11d6b02271433498078473,VALID,
2026-09-09,09:45:48,2026,9,HEAD_TRUCK,150,99.79,online,,ujb_dashboard_scrape,571,ac0876ab922e909848557ec6b8bb5bc2956439dc,VALID,
2026-09-09,09:39:54,2026,9,HEAD_TRUCK,186,83.55,online,,ujb_dashboard_scrape,572,50648d5bbf7355ab702da686fe08cc57c0ed15f7,VALID,
2026-09-09,09:38:46,2026,9,HEAD_TRUCK,164,82.12,online,,ujb_dashboard_scrape,573,864a341d342c0ae8288e9c09c83521ae8ee9a72d,VALID,
2026-09-09,09:32:38,2026,9,HEAD_TRUCK,215,87.2,online,,ujb_dashboard_scrape,574,81e9e7f9aa3f0e85e8f95f69e6d140f547d2517c,VALID,
2026-09-09,09:30:22,2026,9,HEAD_TRUCK,155,85.2,online,,ujb_dashboard_scrape,575,97a4c12ef0566f3dd820d4ad6db42934dbe36051,VALID,
2026-09-09,09:29:34,2026,9,HEAD_TRUCK,166,74.64,online,,ujb_dashboard_scrape,576,296a6ba131669bf24058913f262e747eafdb158c,VALID,
2026-09-09,09:26:49,2026,9,HEAD_TRUCK,140,91.71,online,,ujb_dashboard_scrape,577,fbc9f202ca5c8bd185ec36e64d20b2a9d93de3c6,VALID,
2026-09-09,09:26:48,2026,9,HEAD_TRUCK,151,92.43,online,,ujb_dashboard_scrape,578,63c43c5fc071da5dc39c53d7dea7f956ea97a7ec,VALID,
2026-09-09,09:23:06,2026,9,FORKLIFT,31,17.83,online,,ujb_dashboard_scrape,579,16a4dff449b305e0622f9df3ebf1e992616f647e,VALID,
2026-09-09,09:22:45,2026,9,HEAD_TRUCK,213,97.49,online,,ujb_dashboard_scrape,580,abc733c06d1eb1cef3cc38fc42bc5cc3160837b2,VALID,
2026-09-09,09:20:22,2026,9,BUS,02,55.0,online,,ujb_dashboard_scrape,581,5bd6bad830305e29c88b28b725661af0824d9d17,VALID,
2026-09-09,09:15:53,2026,9,HEAD_TRUCK,167,147.61,online,,ujb_dashboard_scrape,582,297ce2ccd8b0f006b6304684d4cc68d2fe692f05,VALID,
2026-09-09,09:15:37,2026,9,HEAD_TRUCK,205,108.49,online,,ujb_dashboard_scrape,583,5f7f05640ea85f2b2710dc6d6e488d4d211dac73,VALID,
2026-09-09,09:11:16,2026,9,FORKLIFT,28,15.22,online,,ujb_dashboard_scrape,584,aadd13ed48f102bd0b3a486e0533f42905ef5b05,VALID,
2026-09-09,09:09:25,2026,9,HEAD_TRUCK,182,84.35,online,,ujb_dashboard_scrape,585,c884cc2de42498555c39d2078f8013f5bc869433,VALID,
2026-09-09,09:07:06,2026,9,HEAD_TRUCK,165,74.38,online,,ujb_dashboard_scrape,586,1bab6fdbfd1075fac1216ab146a7835e1182ca4a,VALID,
2026-09-09,09:03:26,2026,9,HEAD_TRUCK,206,102.22,online,,ujb_dashboard_scrape,587,6b6eebe8f586acb98efe08cc488dd50dce83ed02,VALID,
2026-09-09,09:03:02,2026,9,HEAD_TRUCK,144,92.43,online,,ujb_dashboard_scrape,588,425821a948cfd969d11d29d2ace6f6de682e5346,VALID,
2026-09-09,09:00:08,2026,9,HEAD_TRUCK,149,59.92,online,,ujb_dashboard_scrape,589,ae34613cb65d1d4ead756ee3e2c65f085974d4f3,VALID,
2026-09-09,08:58:20,2026,9,HEAD_TRUCK,197,82.84,online,,ujb_dashboard_scrape,590,c0ceb896a51cfe8e6ea8e6bca042ba6e3b418a24,VALID,
2026-09-09,08:58:13,2026,9,HEAD_TRUCK,170,101.89,online,,ujb_dashboard_scrape,591,a86ea1868c04182f666695f5d6d0c42bbbef9cbd,VALID,
2026-09-09,08:52:29,2026,9,HEAD_TRUCK,141,96.56,online,,ujb_dashboard_scrape,592,7d8b90ad7ac18611fb183cd85a250f1355da7d67,VALID,
2026-09-09,08:50:21,2026,9,HEAD_TRUCK,196,3.42,online,,ujb_dashboard_scrape,593,0a90125428eecae5db855f0a4b53847e7ba1bf26,VALID,
2026-09-09,08:49:45,2026,9,HEAD_TRUCK,169,88.72,online,,ujb_dashboard_scrape,594,070fc1a03456b31cac3e11374d5443c6c2ce26cc,VALID,
2026-09-09,08:49:09,2026,9,HEAD_TRUCK,184,64.02,online,,ujb_dashboard_scrape,595,ded0c9697e685a37e549e519905c6d37c83524fa,VALID,
2026-09-09,08:47:09,2026,9,HEAD_TRUCK,168,75.89,online,,ujb_dashboard_scrape,596,f1e1700947b62eceaa478def826b9dbb670bc922,VALID,
2026-09-09,08:47:06,2026,9,KEND_OPS,HILUX 09,40.0,online,,ujb_dashboard_scrape,597,1b19efbfdca57405d7f05c6091d540af8d9118af,VALID,
2026-09-09,08:45:14,2026,9,HEAD_TRUCK,181,99.96,online,,ujb_dashboard_scrape,598,d27e6a532e33774a3dc89181ab74bab71496cf44,VALID,
2026-09-09,08:44:40,2026,9,HEAD_TRUCK,216,110.73,online,,ujb_dashboard_scrape,599,ea6e7e210f86537bd0648fbd6b1fb2623951a76a,VALID,
2026-09-09,08:42:38,2026,9,KEND_OPS,RANGGA 07,39.86,online,,ujb_dashboard_scrape,600,d1fdecfde047b19af0edabbac000a4c1b2a08ed8,VALID,
2026-09-09,08:41:15,2026,9,HEAD_TRUCK,158,93.76,online,,ujb_dashboard_scrape,601,ddc32c29d89e5f6e9cfb0eb39584cddb9f987411,VALID,
2026-09-09,08:40:14,2026,9,HEAD_TRUCK,188,34.99,online,,ujb_dashboard_scrape,602,0f69fcbd78bb7fb4220eb29ccfe17e6128ee6023,VALID,
2026-09-09,08:38:04,2026,9,HEAD_TRUCK,209,105.16,online,,ujb_dashboard_scrape,603,95602fe9ffe743a2346d682a458c5a6a857e76a4,VALID,
2026-09-09,08:38:03,2026,9,HEAD_TRUCK,174,117.47,online,,ujb_dashboard_scrape,604,eeaac189a86fdf73eef1208e6af0a3c12c258016,VALID,
2026-09-09,08:34:31,2026,9,HEAD_TRUCK,179,72.7,online,,ujb_dashboard_scrape,605,29bb76da2ba14c34f97d5704ffed8c43d2669eb6,VALID,
2026-09-09,08:34:14,2026,9,HEAD_TRUCK,138,98.5,online,,ujb_dashboard_scrape,606,2a7580a6f5e3c16bb7195c465af60ce75b013a75,VALID,
2026-09-09,08:31:40,2026,9,ELF,03,35.0,online,,ujb_dashboard_scrape,607,2b93ed4ef87960f7df0cc920199e0edd880022d9,VALID,
2026-09-09,08:31:35,2026,9,HEAD_TRUCK,194,81.3,online,,ujb_dashboard_scrape,608,96968990f6143612b46b8f2ce15148350cdab34e,VALID,
2026-09-09,08:29:13,2026,9,HEAD_TRUCK,177,80.8,online,,ujb_dashboard_scrape,609,6ed893a2df1395c024fb132fe32e073c1b7542a9,VALID,
2026-09-09,08:27:18,2026,9,HEAD_TRUCK,196,16.82,online,,ujb_dashboard_scrape,610,5b90e53b5708b5e50e51eeacb8fa1d7cbac8f3ea,VALID,
2026-09-09,08:26:12,2026,9,HEAD_TRUCK,195,38.88,online,,ujb_dashboard_scrape,611,d710eff73a26243708c17b51af59e20259148026,VALID,
2026-09-09,08:25:35,2026,9,HEAD_TRUCK,152,123.19,online,,ujb_dashboard_scrape,612,28a065534f58cb096ff4001400e91d7cca37beda,VALID,
2026-09-09,08:24:27,2026,9,HEAD_TRUCK,183,96.64,online,,ujb_dashboard_scrape,613,0f7dcfd9102b05e35705c7cd0d259816c06af074,VALID,
2026-09-09,08:21:19,2026,9,HEAD_TRUCK,212,84.34,online,,ujb_dashboard_scrape,614,0311bd7831e5e9cff4a1390021847423abcbf474,VALID,
2026-09-09,08:21:05,2026,9,HEAD_TRUCK,128,102.24,online,,ujb_dashboard_scrape,615,368f9c0c774ea0c8d8a5adf299df95c23cd8ffd0,VALID,
2026-09-09,08:18:28,2026,9,ELF,02,35.0,online,,ujb_dashboard_scrape,616,862afa595645cadbace6d548ce526bb1ca5cc3b9,VALID,
2026-09-09,08:17:54,2026,9,HEAD_TRUCK,199,73.1,online,,ujb_dashboard_scrape,617,c9ac77f18662bc9767ff4b8a62aeb7618faa5487,VALID,
2026-09-09,08:15:43,2026,9,ELF,01,35.0,online,,ujb_dashboard_scrape,618,2b588d7b4dcba68d93c8945f1a476f6921b8f3c3,VALID,
2026-09-09,08:13:44,2026,9,BUS,01,55.0,online,,ujb_dashboard_scrape,619,fc3a013e391c79a18a3215cceb6cdb0ff8209e3c,VALID,
2026-09-09,08:11:16,2026,9,HEAD_TRUCK,163,72.96,online,,ujb_dashboard_scrape,620,65835f8d0e7d462d86e19feb309271a1fa4d3c4b,VALID,
2026-09-08,14:47:53,2026,9,BUS,03,55.0,online,,ujb_dashboard_scrape,538,7eb57044157003955117d5729f6684c45f2949c3,VALID,
2026-09-08,14:18:11,2026,9,HEAD_TRUCK,195,85.47,online,,ujb_dashboard_scrape,539,e39cecf5b2f782319f5bbceb8d785e3c2b4f4958,VALID,
2026-09-08,14:14:55,2026,9,HEAD_TRUCK,191,86.79,online,,ujb_dashboard_scrape,540,7a73faed328119213ff594fde3719f23bdc3b10f,VALID,
2026-09-08,14:07:03,2026,9,FORKLIFT,26,30.43,online,,ujb_dashboard_scrape,541,1f4a2edb4c28cb890a6999b053f6e87470dac733,VALID,
2026-09-08,13:53:42,2026,9,HEAD_TRUCK,95,104.91,online,,ujb_dashboard_scrape,542,135f9ee37dec67d92c4612f3efb1a40bd3e710a6,VALID,
2026-09-08,13:48:40,2026,9,HEAD_TRUCK,188,94.23,online,,ujb_dashboard_scrape,543,be9fce78bef66e35b04e8bbd39e87d3b1bd9072f,VALID,
2026-09-08,13:46:11,2026,9,HEAD_TRUCK,149,86.57,online,,ujb_dashboard_scrape,544,23a95e0a526d1b55517e04ee6d2c8b06989caa72,VALID,
2026-09-08,13:37:56,2026,9,HEAD_TRUCK,159,105.01,online,,ujb_dashboard_scrape,545,0a5db5a80fe595870220f5703be6be66eddd5e31,VALID,
2026-09-08,13:22:21,2026,9,KEND_OPS,RANGGA 04,40.0,online,,ujb_dashboard_scrape,546,ec956b81fcd524704e0e1ccd6719e681aa9ed7d0,VALID,
2026-09-08,13:07:12,2026,9,HEAD_TRUCK,143,104.61,online,,ujb_dashboard_scrape,547,74764c22cb73f41c6ef6f8b1ba100de2911703f3,VALID,
2026-09-08,13:03:05,2026,9,HEAD_TRUCK,201,91.74,online,,ujb_dashboard_scrape,548,edb0108a56ea02328738c94461af194b9d6cc183,VALID,
2026-09-08,13:00:29,2026,9,FORKLIFT,28,20.01,online,,ujb_dashboard_scrape,549,b3d26ea89453571487cd168fc1c92530d7776b6c,VALID,
2026-09-08,11:40:09,2026,9,KEND_OPS,POLISI,39.76,online,,ujb_dashboard_scrape,550,361ee4fc67c463c6226d739329be3b38e270640a,VALID,
2026-09-08,11:37:40,2026,9,HEAD_TRUCK,156,91.42,online,,ujb_dashboard_scrape,551,c8f8ea8fc14eac91bb1d9206f9dc45e6ab0fdfab,VALID,
2026-09-08,11:34:11,2026,9,HEAD_TRUCK,154,112.97,online,,ujb_dashboard_scrape,552,f15a9bf68e6d5b97b8bc3f4d9cb15bd829bd10c1,VALID,
2026-09-08,11:31:13,2026,9,HEAD_TRUCK,193,89.59,online,,ujb_dashboard_scrape,553,9e86f5d017ea4b0ea5b81679b75c5c36f13a5847,VALID,
2026-09-08,11:23:25,2026,9,HEAD_TRUCK,166,88.98,online,,ujb_dashboard_scrape,554,c0a402a7d08a2842ca3fc191c2fdfca5ecc48ec7,VALID,
2026-09-08,11:20:25,2026,9,HEAD_TRUCK,212,93.95,online,,ujb_dashboard_scrape,555,abe88c5a5be790d9e7b0c4ead9296bf671a879fa,VALID,
2026-09-08,11:14:40,2026,9,HEAD_TRUCK,205,73.98,online,,ujb_dashboard_scrape,556,9bac99a2cec40e23ac7b23cec27b6fbe60d50a9b,VALID,
2026-09-08,11:12:20,2026,9,HEAD_TRUCK,162,78.28,online,,ujb_dashboard_scrape,557,ba908487b6754180cae1775752641e66eb4176bf,VALID,
2026-09-08,11:01:58,2026,9,HEAD_TRUCK,163,69.25,online,,ujb_dashboard_scrape,558,14df8295a06eaec5f4406de0e8ff4abb92c0a053,VALID,
2026-09-08,10:57:07,2026,9,HEAD_TRUCK,175,63.55,online,,ujb_dashboard_scrape,559,76dbef1083718708b0a44cb3c713abf632333d97,VALID,
2026-09-08,10:49:13,2026,9,HEAD_TRUCK,157,93.42,online,,ujb_dashboard_scrape,560,0fb14226606d6cbb2e36cccfa4e4bd25d56441ff,VALID,
2026-09-08,10:44:26,2026,9,HEAD_TRUCK,152,90.01,online,,ujb_dashboard_scrape,561,93ca22dd8180427ca6b1300a7054ea48d4669997,VALID,
2026-09-08,10:42:16,2026,9,HEAD_TRUCK,203,79.95,online,,ujb_dashboard_scrape,562,3b886f71534aa6eaf904191a67a67823697bd60b,VALID,
2026-09-08,10:41:42,2026,9,HEAD_TRUCK,171,103.17,online,,ujb_dashboard_scrape,563,923ed43599ecff70780274ea818c52e02e7d46e0,VALID,
2026-09-08,10:38:23,2026,9,HEAD_TRUCK,215,82.3,online,,ujb_dashboard_scrape,564,042d6ff832f19e2a235bc67a7de4a7326a7fa81d,VALID,
2026-09-08,10:38:09,2026,9,HEAD_TRUCK,145,117.42,online,,ujb_dashboard_scrape,565,6455da98361877feea4033afff3c610fd16ffd6d,VALID,
2026-09-08,10:34:57,2026,9,HEAD_TRUCK,147,89.14,online,,ujb_dashboard_scrape,566,82424e5cb5f02b892cfbd41028eafc4093456c09,VALID,
2026-09-08,10:33:56,2026,9,HEAD_TRUCK,190,85.23,online,,ujb_dashboard_scrape,567,513df90d99280769964e8c7e5d9afeb042662c2b,VALID,
2026-09-08,10:29:32,2026,9,HEAD_TRUCK,179,75.66,online,,ujb_dashboard_scrape,568,8225b3484596b65e6d82a114951cd072058a6eff,VALID,
2026-09-08,10:28:40,2026,9,BUS,02,51.16,online,,ujb_dashboard_scrape,569,6ae47b3ca67d7e7bda11cc04379a24f0e61e5d1f,VALID,
2026-09-08,10:24:51,2026,9,ELF,03,35.0,online,,ujb_dashboard_scrape,570,51e8bde3a0f344eecb9dabd36651a7e1a4ad9c46,VALID,
2026-09-08,10:23:22,2026,9,KEND_OPS,RANGGA 17,39.92,online,,ujb_dashboard_scrape,571,4f7a0bac7b2d1f9ece533f7a7d1d5929d540a0df,VALID,
2026-09-08,10:18:23,2026,9,HEAD_TRUCK,155,94.93,online,,ujb_dashboard_scrape,572,6d7330654329d382228cbce55fe9720510c291dc,VALID,
2026-09-08,10:17:59,2026,9,HEAD_TRUCK,181,81.76,online,,ujb_dashboard_scrape,573,80079550c48af699e0b25e6e5301fadf98e66cbe,VALID,
2026-09-08,10:14:30,2026,9,HEAD_TRUCK,132,84.89,online,,ujb_dashboard_scrape,574,502da206670a2278679d4c8ccce09701aae338c6,VALID,
2026-09-08,10:13:34,2026,9,HEAD_TRUCK,164,81.78,online,,ujb_dashboard_scrape,575,40febce6c235f4b038295a0f355de47684dc6414,VALID,
2026-09-08,10:10:39,2026,9,HEAD_TRUCK,209,109.31,online,,ujb_dashboard_scrape,576,a70dd4a8d3e83916e5baafab520b7638b5c90b65,VALID,
2026-09-08,10:08:18,2026,9,HEAD_TRUCK,206,89.14,online,,ujb_dashboard_scrape,577,96d61ef4d105061078c0bf1864862c8492cd1b69,VALID,
2026-09-08,10:05:45,2026,9,HEAD_TRUCK,168,84.16,online,,ujb_dashboard_scrape,578,7a1d80db0cbf4a0abac2c245720408cf2dcfdd73,VALID,
2026-09-08,10:00:15,2026,9,KEND_OPS,RANGGA 12,34.17,online,,ujb_dashboard_scrape,579,a25fde2e278029aa9fec306065a7e446016c69bf,VALID,
2026-09-08,09:58:57,2026,9,HI,214,53.99,online,,ujb_dashboard_scrape,580,dbeb821f53507190024911596327ecf6e3fdf811,VALID,
2026-09-08,09:55:41,2026,9,HEAD_TRUCK,151,86.99,online,,ujb_dashboard_scrape,581,3ba5f5f05b2bcf0256b5fc955b2412d1b11b743e,VALID,
2026-09-08,09:49:14,2026,9,BUS,01,55.0,online,,ujb_dashboard_scrape,582,cc020ec371f95a3b9e960623d232afcdfcc2199e,VALID,
2026-09-08,09:42:40,2026,9,HEAD_TRUCK,211,79.18,online,,ujb_dashboard_scrape,583,e6a2b18586e6dd89269231e94e862d76c58daf2e,VALID,
2026-09-08,09:40:58,2026,9,HEAD_TRUCK,196,71.5,online,,ujb_dashboard_scrape,584,9e793cceca1ee52af1ebe47504bee4ca615fca2a,VALID,
2026-09-08,09:40:05,2026,9,HEAD_TRUCK,216,80.76,online,,ujb_dashboard_scrape,585,0a78930677a8d5e090e719020f04336661e00b0f,VALID,
2026-09-08,09:37:17,2026,9,HEAD_TRUCK,140,78.2,online,,ujb_dashboard_scrape,586,1350f87f07a9387498e05a79110fdb3153e2341f,VALID,
2026-09-08,09:36:18,2026,9,HEAD_TRUCK,183,87.8,online,,ujb_dashboard_scrape,587,c16445bfeb9c8fc997e04435b7002339d4b0a6f1,VALID,
2026-09-08,09:34:53,2026,9,HEAD_TRUCK,139,79.9,online,,ujb_dashboard_scrape,588,ddd5227eccffb91d686007cceee900ece6b1d163,VALID,
2026-09-08,09:30:51,2026,9,KEND_OPS,TRAGA,15.5,online,,ujb_dashboard_scrape,589,07f7debef72ff0a33272ce996e64b77655b10b2a,VALID,
2026-09-08,09:30:46,2026,9,HEAD_TRUCK,153,89.52,online,,ujb_dashboard_scrape,590,8d735f771d69a0b31612b83cca56e9498dbb4261,VALID,
2026-09-08,09:27:02,2026,9,HEAD_TRUCK,210,86.28,online,,ujb_dashboard_scrape,591,add66a20b92e8bbc88d2835a140f1e86582eb661,VALID,
2026-09-08,09:26:49,2026,9,HEAD_TRUCK,202,177.85,online,,ujb_dashboard_scrape,592,e7d1b422e4b5a5e62952be8ce62c110410f5303d,VALID,
2026-09-08,09:22:33,2026,9,HEAD_TRUCK,134,92.97,online,,ujb_dashboard_scrape,593,6ea6db977ab826c39273fd71f2404b74e17b1d8e,VALID,
2026-09-08,09:20:30,2026,9,HEAD_TRUCK,137,58.79,online,,ujb_dashboard_scrape,594,2d75e69a00944d42fef48c757c2555e3f1ce795f,VALID,
2026-09-08,09:16:50,2026,9,HEAD_TRUCK,199,68.99,online,,ujb_dashboard_scrape,595,6767a0a6f963938ad2b9f108e85bf328f8349534,VALID,
2026-09-08,09:16:04,2026,9,ELF,02,35.0,online,,ujb_dashboard_scrape,596,044c60cbcc8e18dec15705e1648dc9f1d26cc145,VALID,
2026-09-08,09:13:55,2026,9,HEAD_TRUCK,186,69.0,online,,ujb_dashboard_scrape,597,482c2b19c72febfad21038d1dca8dd1f0ee425f4,VALID,
2026-09-08,09:12:19,2026,9,HEAD_TRUCK,165,69.91,online,,ujb_dashboard_scrape,598,a884463a8f03ee756240470f4d2b5e68ebff9d8a,VALID,
2026-09-08,09:11:55,2026,9,HEAD_TRUCK,185,84.05,online,,ujb_dashboard_scrape,599,98405574685efd1438a85fc35248a08c988a41aa,VALID,
2026-09-08,09:09:21,2026,9,HEAD_TRUCK,207,59.26,online,,ujb_dashboard_scrape,600,0fa46b2b4cc6dc752319aed40b15a02de7bc17be,VALID,
2026-09-08,09:08:11,2026,9,HEAD_TRUCK,194,73.4,online,,ujb_dashboard_scrape,601,079931d5773811c2a41233cbcd5efec1d1e09720,VALID,
2026-09-08,09:07:17,2026,9,HEAD_TRUCK,138,91.19,online,,ujb_dashboard_scrape,602,8ed20e6ba50dd2557c29561e16716508ff981674,VALID,
2026-09-08,09:04:56,2026,9,HEAD_TRUCK,169,108.19,online,,ujb_dashboard_scrape,603,eaccde715a8d30c56ba59e7e2288517b39405255,VALID,
2026-09-08,09:02:26,2026,9,HEAD_TRUCK,150,88.35,online,,ujb_dashboard_scrape,604,deca8ef5cb337d9c17fb9f816d6dfb918c86d05f,VALID,
2026-09-08,08:59:29,2026,9,HEAD_TRUCK,204,67.67,online,,ujb_dashboard_scrape,605,9c118be703d9a044f9f31e3ea44ca5dad6ee426c,VALID,
2026-09-08,08:59:23,2026,9,HEAD_TRUCK,131,111.0,online,,ujb_dashboard_scrape,606,007ad3880c8af1069d72ebc8dce4e5c1aebda889,VALID,
2026-09-08,08:56:34,2026,9,HEAD_TRUCK,161,77.33,online,,ujb_dashboard_scrape,607,8077c476efb9b18e5644f5656a72dce697169b75,VALID,
2026-09-08,08:51:05,2026,9,HEAD_TRUCK,136,73.69,online,,ujb_dashboard_scrape,608,60a3aab294b214f5cb20c6965454098a3686ca06,VALID,
2026-09-08,08:44:02,2026,9,ELF,01,35.0,online,,ujb_dashboard_scrape,609,33f12cb6138d28b1b5d684b08fb43514d3e03cab,VALID,
2026-09-08,08:39:49,2026,9,HEAD_TRUCK,182,62.39,online,,ujb_dashboard_scrape,610,4f4d5adb75d148247f1d529c35673cea673f4551,VALID,
2026-09-08,08:37:52,2026,9,HEAD_TRUCK,184,78.15,online,,ujb_dashboard_scrape,611,9a4bf5b1c7d769f779de9ead38d69492c04c5c67,VALID,
2026-09-08,08:35:10,2026,9,HEAD_TRUCK,167,65.82,online,,ujb_dashboard_scrape,612,5e3af91aae3a3a462c619e56b90507c4f409380f,VALID,
2026-09-08,08:32:53,2026,9,HEAD_TRUCK,213,88.23,online,,ujb_dashboard_scrape,613,1b5fb4ce8de0509affc798699f349df90a9d5afc,VALID,
2026-09-08,08:32:27,2026,9,HEAD_TRUCK,158,91.26,online,,ujb_dashboard_scrape,614,43858bca12ce666f420deaf68a22542f75a729b8,VALID,
2026-09-08,08:29:38,2026,9,HEAD_TRUCK,128,86.47,online,,ujb_dashboard_scrape,615,a5043762057104ca73d115ab443d1bc5f36f4b96,VALID,
2026-09-08,08:28:43,2026,9,HEAD_TRUCK,142,57.5,online,,ujb_dashboard_scrape,616,2f9f17747ec6bfe25bf47b9005658e8f04c4e5e2,VALID,
2026-09-08,08:26:42,2026,9,HEAD_TRUCK,208,55.16,online,,ujb_dashboard_scrape,617,ee1ac87cfecc0a44482b854a79916613c6213e56,VALID,
2026-09-08,08:24:23,2026,9,HEAD_TRUCK,133,79.55,online,,ujb_dashboard_scrape,618,4882554994fb3e34ed61fde95fecd9796468d0f7,VALID,
2026-09-08,08:22:13,2026,9,HEAD_TRUCK,141,80.83,online,,ujb_dashboard_scrape,619,0795e133f23f9ef7282f3b5267739ed82bb614a5,VALID,
2026-09-08,08:21:15,2026,9,HEAD_TRUCK,197,81.83,online,,ujb_dashboard_scrape,620,944d8aff6c2f3872c7218113cedfd98339c67816,VALID,
2026-09-08,08:11:59,2026,9,HEAD_TRUCK,178,76.75,online,,ujb_dashboard_scrape,621,267029675808e4120ffe8180228025e4d1843910,VALID,
2026-09-08,08:11:20,2026,9,HEAD_TRUCK,170,101.2,online,,ujb_dashboard_scrape,622,f4c1da6714e67ee471eeab1cbd133e0720f1d4db,VALID,
2026-09-08,08:08:58,2026,9,177,177,85.89,online,,ujb_dashboard_scrape,623,0e11cd6c3420d9812c58f79e2ce6022cb36f4f17,VALID,
2026-09-08,08:08:13,2026,9,HEAD_TRUCK,148,62.84,online,,ujb_dashboard_scrape,624,afc1824d17329439e5c5e4f5999e409b8558e3f5,VALID,
2026-09-07,14:40:42,2026,9,HEAD_TRUCK,142,19.37,online,,ujb_dashboard_scrape,535,3047a645997bcd9bc7f51b800967d94dd58ecd18,VALID,
2026-09-07,14:35:54,2026,9,TENGKI,AIR,40.0,online,,ujb_dashboard_scrape,536,13b7a4e1426c305f4fb08450893c1ac8aeb54c25,VALID,
2026-09-07,14:23:39,2026,9,KEND_OPS,RANGGA 06,35.97,online,,ujb_dashboard_scrape,537,b3b94ceeda51c7ccc8ac9ff912a98ee46842e449,VALID,
2026-09-07,14:08:53,2026,9,FORKLIFT,30,32.77,online,,ujb_dashboard_scrape,538,a148d689b488c81390538824b7e3aca11f189b20,VALID,
2026-09-07,14:06:50,2026,9,9015 UBE,9015 UBE,40.0,online,,ujb_dashboard_scrape,539,8bd3d55904794ec4e8de32b1e1d5b3b21bfa32a0,VALID,
2026-09-07,14:00:16,2026,9,HEAD_TRUCK,195,116.88,online,,ujb_dashboard_scrape,540,a8bf4d586d9a3ffcd1c860cd8c0e7db90c4a07ed,VALID,
2026-09-07,13:56:53,2026,9,HEAD_TRUCK,95,122.89,online,,ujb_dashboard_scrape,541,d55843c381ecfe17ad6f30e2cba581eb1cdf3092,VALID,
2026-09-07,13:53:24,2026,9,HEAD_TRUCK,205,109.14,online,,ujb_dashboard_scrape,542,65f875f12109649ff900d0c46144584c34bc2ebd,VALID,
2026-09-07,13:50:16,2026,9,HEAD_TRUCK,182,69.9,online,,ujb_dashboard_scrape,543,9d7f21832c18f082b3e4f14ea0bb96755d128000,VALID,
2026-09-07,13:48:02,2026,9,HEAD_TRUCK,149,87.23,online,,ujb_dashboard_scrape,544,e98354c5839a4e8205c138d4fe963c76e8a7e718,VALID,
2026-09-07,13:37:36,2026,9,HEAD_TRUCK,208,102.0,online,,ujb_dashboard_scrape,545,a98bd114f615dd2dbd2f36c421226971af5b4ea7,VALID,
2026-09-07,13:34:45,2026,9,BUS,03,10.0,online,,ujb_dashboard_scrape,546,d06e979ed00bc0618b1ab35fad71c93dbb775b58,VALID,
2026-09-07,13:33:21,2026,9,HEAD_TRUCK,189,74.39,online,,ujb_dashboard_scrape,547,77515eaeb644ff4c79929575857dbc4b8b82c032,VALID,
2026-09-07,13:30:36,2026,9,BUS,03,45.0,online,,ujb_dashboard_scrape,548,0b8d9aaeeec6dd9de38d75327a5475cf69226d4a,VALID,
2026-09-07,13:12:10,2026,9,KEND_OPS,RANGGA 01,19.91,online,,ujb_dashboard_scrape,549,ffd6936ac5db2d526ec3076e34f5d60f4402885c,VALID,
2026-09-07,11:24:48,2026,9,FORKLIFT,28,21.73,online,,ujb_dashboard_scrape,550,62aa5aed10357ca3b71024f4be3c744013c966dd,VALID,
2026-09-07,11:09:05,2026,9,HEAD_TRUCK,139,82.47,online,,ujb_dashboard_scrape,551,890e6701280886519f4a77f00f02a4ad96e68b7b,VALID,
2026-09-07,11:08:36,2026,9,KEND_OPS,RANGGA 05,19.59,online,,ujb_dashboard_scrape,552,cb7de91c07cad190af4d4b497e542e3b077a0027,VALID,
2026-09-07,11:04:14,2026,9,1050-38,1050-38,30.13,online,,ujb_dashboard_scrape,553,276bfd42f4f59b6d085e311fb22a4a82f05e15d0,VALID,
2026-09-07,11:01:45,2026,9,HEAD_TRUCK,158,101.02,online,,ujb_dashboard_scrape,554,eb15697a3061ab2ecf42d54284a91ae2c9860d29,VALID,
2026-09-07,11:01:33,2026,9,HEAD_TRUCK,175,72.71,online,,ujb_dashboard_scrape,555,5298ecd3e127a7f0862e158281ba5a2e9c3eea5a,VALID,
2026-09-07,10:55:46,2026,9,HEAD_TRUCK,152,104.64,online,,ujb_dashboard_scrape,556,39a2c346fae237c40de6fa2b4c384ec8122f19be,VALID,
2026-09-07,10:55:45,2026,9,HEAD_TRUCK,192,53.3,online,,ujb_dashboard_scrape,557,3f554cd4e56033b8b38855c83cb05970be49c24e,VALID,
2026-09-07,10:52:40,2026,9,HEAD_TRUCK,163,64.67,online,,ujb_dashboard_scrape,558,5f62f290aa530044afe6388e9ee1144813a07ac5,VALID,
2026-09-07,10:47:03,2026,9,HEAD_TRUCK,215,92.29,online,,ujb_dashboard_scrape,559,bca5cc086307c330791dbcf678c74743db81bb8b,VALID,
2026-09-07,10:44:40,2026,9,HEAD_TRUCK,212,95.98,online,,ujb_dashboard_scrape,560,03a843adeee7a76ac143eda446018a9cf0e96a2c,VALID,
2026-09-07,10:41:42,2026,9,BUS,02,46.25,online,,ujb_dashboard_scrape,561,81da77ff2de5cf7478c69da4891428ce450391e1,VALID,
2026-09-07,10:36:16,2026,9,HEAD_TRUCK,145,98.07,online,,ujb_dashboard_scrape,562,dc6f2dae7e5dc3d1b5e685e720ba35acd944f37d,VALID,
2026-09-07,10:27:23,2026,9,PEMADAM,PEMADAM,15.92,online,,ujb_dashboard_scrape,563,9b772684f69f30e0508751fe2007785d1e374aea,VALID,
2026-09-07,10:24:56,2026,9,HEAD_TRUCK,211,81.99,online,,ujb_dashboard_scrape,564,2c1e2655f1d71309a8e07fd7b586be3bb6fe1a9b,VALID,
2026-09-07,10:20:04,2026,9,KEND_OPS,AD 8317 OH,40.0,online,,ujb_dashboard_scrape,565,dae5da9a1943d1fa6354eb927d3520be94610f6a,VALID,
2026-09-07,10:18:14,2026,9,HEAD_TRUCK,185,79.81,online,,ujb_dashboard_scrape,566,c8cee8b8b7103f8cf210775717ea83f367d67c09,VALID,
2026-09-07,10:18:10,2026,9,HEAD_TRUCK,156,88.36,online,,ujb_dashboard_scrape,567,09e81750978c52eedf9b05463b7d2478d2b33abf,VALID,
2026-09-07,10:11:39,2026,9,HEAD_TRUCK,165,67.02,online,,ujb_dashboard_scrape,568,7560764095d48688904636a1a220fe12424ccf31,VALID,
2026-09-07,10:05:57,2026,9,HEAD_TRUCK,191,57.23,online,,ujb_dashboard_scrape,569,1f2fefe6776838e14f042003e9d459a8c186060e,VALID,
2026-09-07,10:01:05,2026,9,HEAD_TRUCK,199,66.28,online,,ujb_dashboard_scrape,570,d0d238e20af9ed441d5b4dfd10feb3bc13437b8e,VALID,
2026-09-07,09:58:02,2026,9,HEAD_TRUCK,203,70.72,online,,ujb_dashboard_scrape,571,bdd6ec8a51ce16991b56f227a4dc518569f2df42,VALID,
2026-09-07,09:54:22,2026,9,HEAD_TRUCK,186,61.58,online,,ujb_dashboard_scrape,572,955799511dc5622d0c0ed398c8cdd14342f3fd89,VALID,
2026-09-07,09:50:15,2026,9,HEAD_TRUCK,206,84.88,online,,ujb_dashboard_scrape,573,3d97f844c7631c5682959080435d005dba5cc321,VALID,
2026-09-07,09:44:05,2026,9,HEAD_TRUCK,140,68.13,online,,ujb_dashboard_scrape,574,cc6ddce8bbb80392834a2788218cfe2411ea5f26,VALID,
2026-09-07,09:41:33,2026,9,HEAD_TRUCK,147,69.67,online,,ujb_dashboard_scrape,575,58217e9b9163dbd06e5617a1119a6a07e45d5ce7,VALID,
2026-09-07,09:39:04,2026,9,KEND_OPS,RANGGA 15,21.0,online,,ujb_dashboard_scrape,576,698b4b71cf1f5b90b8fcd4cad57540c97c8b8131,VALID,
2026-09-07,09:38:39,2026,9,BUS,01,50.42,online,,ujb_dashboard_scrape,577,892e21b27dc58e5d031e0ee43c44dc3aff67da36,VALID,
2026-09-07,09:34:49,2026,9,HEAD_TRUCK,214,92.84,online,,ujb_dashboard_scrape,578,5ce1caaec1fb350c86449b4264ac36674da8a2a3,VALID,
2026-09-07,09:34:10,2026,9,HEAD_TRUCK,155,72.38,online,,ujb_dashboard_scrape,579,a81b7bfe7f0e6e1399c6b01c09cca0417ebe36cb,VALID,
2026-09-07,09:31:57,2026,9,HEAD_TRUCK,154,78.78,online,,ujb_dashboard_scrape,580,a02739cd35625b59ef8321a191b9295df26b5c5d,VALID,
2026-09-07,09:29:47,2026,9,HEAD_TRUCK,166,66.74,online,,ujb_dashboard_scrape,581,0348e0f44d5640f14827e9ccef57dcd302ec66f1,VALID,
2026-09-07,09:29:15,2026,9,HEAD_TRUCK,184,63.62,online,,ujb_dashboard_scrape,582,b2a80de610df6c89804ebb93d3c6b129493515ff,VALID,
2026-09-07,09:27:04,2026,9,HEAD_TRUCK,188,82.96,online,,ujb_dashboard_scrape,583,757dafcfdc444aea556090e391b3ff5204aaa24a,VALID,
2026-09-07,09:26:51,2026,9,ELF,03,35.0,online,,ujb_dashboard_scrape,584,80c061dd147b814f1c405767997dddc44cc50a07,VALID,
2026-09-07,09:21:44,2026,9,HEAD_TRUCK,216,70.67,online,,ujb_dashboard_scrape,585,a06aa0bf440a2bbb2f75b21755592e748969e8d4,VALID,
2026-09-07,09:19:35,2026,9,HEAD_TRUCK,177,72.93,online,,ujb_dashboard_scrape,586,0747746467aed43dfd7d83eb8d1b770a17b062d0,VALID,
2026-09-07,09:14:12,2026,9,HEAD_TRUCK,138,89.47,online,,ujb_dashboard_scrape,587,397be516c91ae0d9e8c08ddcb29a7bb811bd5611,VALID,
2026-09-07,09:11:40,2026,9,HEAD_TRUCK,151,88.86,online,,ujb_dashboard_scrape,588,054972ef25d33e40ad3eebde23870ec1889a55b9,VALID,
2026-09-07,09:08:22,2026,9,ELF,02,35.0,online,,ujb_dashboard_scrape,589,232e3bf136bc33c9fc40ba867b6152e68c6df7ad,VALID,
2026-09-07,09:06:59,2026,9,HEAD_TRUCK,161,89.74,online,,ujb_dashboard_scrape,590,d1d2c4072b977538e4dc0c4927f5d1d5b26bb902,VALID,
2026-09-07,09:03:20,2026,9,HEAD_TRUCK,131,88.28,online,,ujb_dashboard_scrape,591,5921a34fc5e9ebd072ecdd082bf157864f6b1094,VALID,
2026-09-07,09:02:40,2026,9,HEAD_TRUCK,197,75.15,online,,ujb_dashboard_scrape,592,1904abf885159e71c75bc38ded00d6ab5ea8aecd,VALID,
2026-09-07,09:00:31,2026,9,HEAD_TRUCK,183,66.66,online,,ujb_dashboard_scrape,593,56e8eca424792c9ad74245a6dbca9fc201907977,VALID,
2026-09-07,08:58:27,2026,9,HEAD_TRUCK,193,95.8,online,,ujb_dashboard_scrape,594,7183e2daf86e710a823ec802e65e28f9e9d62912,VALID,
2026-09-07,08:56:17,2026,9,HEAD_TRUCK,144,65.7,online,,ujb_dashboard_scrape,595,02429a421a6fc58d19cf6bb4ea884a3a2dd2800e,VALID,
2026-09-07,08:56:06,2026,9,HEAD_TRUCK,171,83.92,online,,ujb_dashboard_scrape,596,025a837b59a1819c43e3df021c28d598effdd582,VALID,
2026-09-07,08:53:17,2026,9,HEAD_TRUCK,209,94.05,online,,ujb_dashboard_scrape,597,9d91d72c8b95c76d250a420279d59e99d6e76dd6,VALID,
2026-09-07,08:50:44,2026,9,HEAD_TRUCK,132,60.06,online,,ujb_dashboard_scrape,598,4ae0251a1e127ab51e25f07c8f5dca8d564143dd,VALID,
2026-09-07,08:49:02,2026,9,HEAD_TRUCK,143,80.35,online,,ujb_dashboard_scrape,599,b3e6cd22c812a0e5d69e0d57546eecb5d33cd0c3,VALID,
2026-09-07,08:47:11,2026,9,HEAD_TRUCK,196,96.97,online,,ujb_dashboard_scrape,600,d87efe42255e73ad025248767136ad53af99ab18,VALID,
2026-09-07,08:46:08,2026,9,HEAD_TRUCK,162,78.65,online,,ujb_dashboard_scrape,601,f0ec8ee30dcc51c3fe0934c96baecb89638690a9,VALID,
2026-09-07,08:44:43,2026,9,HEAD_TRUCK,173,115.5,online,,ujb_dashboard_scrape,602,b15bc5ddb2fca23c4b31628e0ccf62a2f2ddbb0f,VALID,
2026-09-07,08:43:30,2026,9,HEAD_TRUCK,164,58.61,online,,ujb_dashboard_scrape,603,2ef57139bcd5433c9a0e0d60ce052a9e119a91db,VALID,
2026-09-07,08:40:57,2026,9,HEAD_TRUCK,150,74.32,online,,ujb_dashboard_scrape,604,9116703f9f463f39f71ddad82db47dd733dacc36,VALID,
2026-09-07,08:40:07,2026,9,HEAD_TRUCK,153,64.6,online,,ujb_dashboard_scrape,605,feb3f8277c00d6292ad6e2729d37c77dd9177fbd,VALID,
2026-09-07,08:38:12,2026,9,HEAD_TRUCK,134,90.85,online,,ujb_dashboard_scrape,606,94624c0c60d2f70df247bb5110d8682b20060731,VALID,
2026-09-07,08:37:04,2026,9,HEAD_TRUCK,133,91.64,online,,ujb_dashboard_scrape,607,1e07eb6f24aa083ba0a2114066335be099b92618,VALID,
2026-09-07,08:34:32,2026,9,HEAD_TRUCK,170,86.11,online,,ujb_dashboard_scrape,608,67e4109e1ebdab4f91317e42f840337dca042903,VALID,
2026-09-07,08:33:46,2026,9,HEAD_TRUCK,128,75.83,online,,ujb_dashboard_scrape,609,e0d5306044b1f7e65c13ca7980e82eb4be10f293,VALID,
2026-09-07,08:31:32,2026,9,ELF,01,35.0,online,,ujb_dashboard_scrape,610,195a96decf8777255ea075b41f93bfd58bfef1dc,VALID,
2026-09-07,08:31:30,2026,9,HEAD_TRUCK,167,84.88,online,,ujb_dashboard_scrape,611,ed6e70ce1b9154da2978f37d20d487b436eda427,VALID,
2026-09-07,08:29:04,2026,9,HEAD_TRUCK,178,66.28,online,,ujb_dashboard_scrape,612,ab71f72ed1ee2560ed048d32c8ca24a12dfc3132,VALID,
2026-09-07,08:28:56,2026,9,HEAD_TRUCK,136,74.55,online,,ujb_dashboard_scrape,613,1e9d4706f36a797e8f54a94ab77b588ba94177af,VALID,
2026-09-07,08:26:20,2026,9,HEAD_TRUCK,168,73.89,online,,ujb_dashboard_scrape,614,f1c7b5b2ec87036fe884804c6f022d2c8c7417ce,VALID,
2026-09-07,08:25:59,2026,9,HEAD_TRUCK,141,72.75,online,,ujb_dashboard_scrape,615,d14cadb23faf8daff764dbefbe52f484b8c2a165,VALID,
2026-09-07,08:23:38,2026,9,HEAD_TRUCK,207,83.39,online,,ujb_dashboard_scrape,616,2165150363a0b2f0cac7a1bc9dc8fc688ac874e0,VALID,
2026-09-07,08:23:26,2026,9,HEAD_TRUCK,194,97.5,online,,ujb_dashboard_scrape,617,e6b7da8f375ad1866a095369f6b4e2219532d566,VALID,
2026-09-07,08:20:39,2026,9,HEAD_TRUCK,137,66.45,online,,ujb_dashboard_scrape,618,f7e5e571122a75f620449c41d5587a8849bc781b,VALID,
2026-09-07,08:17:57,2026,9,HEAD_TRUCK,157,52.99,online,,ujb_dashboard_scrape,619,7f6e67c6fdfa0935888d65835107e45d0073cffd,VALID,
2026-09-07,08:16:25,2026,9,HEAD_TRUCK,201,89.76,online,,ujb_dashboard_scrape,620,ada3f3bf8ecdaa976281e8d2bc3cb18b64415599,VALID,
2026-09-07,08:15:43,2026,9,HEAD_TRUCK,210,71.81,online,,ujb_dashboard_scrape,621,d923c7ced37d5b66a464d8e72678ec68eee24ad8,VALID,
2026-09-07,08:13:00,2026,9,HEAD_TRUCK,179,62.3,online,,ujb_dashboard_scrape,622,61aab22ffe3775df3e010af0ab09e1d333fe41ca,VALID,
2026-09-07,08:12:54,2026,9,HEAD_TRUCK,159,75.45,online,,ujb_dashboard_scrape,623,e1fbc9e0e3aa609bdba4909306f7d3a559c6d6f0,VALID,
2026-09-07,08:10:15,2026,9,HEAD_TRUCK,169,76.81,online,,ujb_dashboard_scrape,624,2ce80b50c5df9b730eaae8e7625a5961e3918c9b,VALID,
2026-09-07,08:08:31,2026,9,HEAD_TRUCK,169,4.03,online,,ujb_dashboard_scrape,625,2995662e9d46a48b37b116c1872d7b0496bd93b9,VALID,
2026-09-07,08:06:36,2026,9,HEAD_TRUCK,190,58.7,online,,ujb_dashboard_scrape,626,4f26800cfc54c926a83ee1f61a6349dc38d0fb94,VALID,
2026-09-07,08:06:29,2026,9,HEAD_TRUCK,213,65.83,online,,ujb_dashboard_scrape,627,cf021242c1f49c4c33146817c7e74d3ac3e67302,VALID,
2026-09-07,08:04:02,2026,9,HEAD_TRUCK,148,72.26,online,,ujb_dashboard_scrape,628,f1af31c999c3494c6d062010ece6ca6818802af4,VALID,
2026-09-07,08:01:46,2026,9,HEAD_TRUCK,181,98.49,online,,ujb_dashboard_scrape,629,3fed54c88259b7487fbbc18c890475d76d0f766d,VALID,
2026-09-07,08:00:48,2026,9,HEAD_TRUCK,204,93.21,online,,ujb_dashboard_scrape,630,4965c7a3d46ea3dda1b662ec4c4af685620aba58,VALID,
2026-09-06,14:20:49,2026,9,HEAD_TRUCK,157,89.06,online,,ujb_dashboard_scrape,546,1f0e7d5a58dd831e8375bcf6ec61e4d24dcb21a0,VALID,
2026-09-06,14:17:55,2026,9,HEAD_TRUCK,177,96.75,online,,ujb_dashboard_scrape,547,f716936f082d5019f210dac2efef0baa1e7c3ce6,VALID,
2026-09-06,14:15:25,2026,9,KEND_OPS,RANGGA 11,35.5,online,,ujb_dashboard_scrape,548,7b7720062b99ee43d6754dc7d5a6afa8dd52944c,VALID,
2026-09-06,14:12:36,2026,9,BUS,03,55.0,online,,ujb_dashboard_scrape,549,c1a5c8e5d79911015702f7876c80d5e2beb16030,VALID,
2026-09-06,13:55:38,2026,9,HEAD_TRUCK,213,102.67,online,,ujb_dashboard_scrape,550,6ac38f04feab8f28e8fa9e09f330c240859dc0b9,VALID,
2026-09-06,13:50:33,2026,9,HEAD_TRUCK,132,110.41,online,,ujb_dashboard_scrape,551,664046fb440396a4c9e4ac43bce2f183b715af6d,VALID,
2026-09-06,13:43:45,2026,9,HEAD_TRUCK,189,78.82,online,,ujb_dashboard_scrape,552,93c9cbdd106bfe4f4df7b10113d27b70bdae03f0,VALID,
2026-09-06,13:31:16,2026,9,KEND_OPS,RANGGA 04,22.26,online,,ujb_dashboard_scrape,553,022a76e475346313699ed8732bf3e7e8e8bd71dc,VALID,
2026-09-06,13:23:52,2026,9,HEAD_TRUCK,191,103.39,online,,ujb_dashboard_scrape,554,badd21b5f40dc7efca1449b7bafb3b79c3776ac6,VALID,
2026-09-06,13:19:21,2026,9,HEAD_TRUCK,164,110.73,online,,ujb_dashboard_scrape,555,53db8cd7a9d60335eea9791aa60332bc17d29f49,VALID,
2026-09-06,13:16:24,2026,9,BUS,02,55.0,online,,ujb_dashboard_scrape,556,58aa0abdb96415d945d0445af56cae3bde7803d9,VALID,
2026-09-06,11:42:21,2026,9,HEAD_TRUCK,179,97.2,online,,ujb_dashboard_scrape,557,bf258fad337fed6f6a0992dcfe3698b2e98697d5,VALID,
2026-09-06,11:39:46,2026,9,HEAD_TRUCK,199,93.39,online,,ujb_dashboard_scrape,558,14fc2d49881f9e07f0449d0db4a2b218fd72ef75,VALID,
2026-09-06,11:18:10,2026,9,HEAD_TRUCK,183,108.5,online,,ujb_dashboard_scrape,559,bf070a4cf09fb7a5bd23a3591df0c8a06431da77,VALID,
2026-09-06,11:14:28,2026,9,HEAD_TRUCK,203,79.83,online,,ujb_dashboard_scrape,560,4cec607807df5c23d79b0e56466f91347b6e71e0,VALID,
2026-09-06,11:12:55,2026,9,HEAD_TRUCK,137,114.32,online,,ujb_dashboard_scrape,561,4ee823f3f743d1bc9da83ab314222d5b2eb9f6e9,VALID,
2026-09-06,11:09:55,2026,9,HEAD_TRUCK,137,6.46,online,,ujb_dashboard_scrape,562,62d567b9e7e185a600ad42331109c0c0694a3e3c,VALID,
2026-09-06,11:07:57,2026,9,HEAD_TRUCK,128,124.15,online,,ujb_dashboard_scrape,563,896158212d831bc7b11caae346292a94720dda73,VALID,
2026-09-06,11:06:06,2026,9,FORKLIFT,28,19.64,online,,ujb_dashboard_scrape,564,11bb69357270a839b9405262a07dd16f61ecbdd5,VALID,
2026-09-06,11:04:48,2026,9,HEAD_TRUCK,140,89.42,online,,ujb_dashboard_scrape,565,c9dc1a6ccef8407208305cde663a51181f859e8d,VALID,
2026-09-06,11:01:59,2026,9,HEAD_TRUCK,153,98.57,online,,ujb_dashboard_scrape,566,45228403ad6d501d59d9880275f887c80a4627b4,VALID,
2026-09-06,10:59:33,2026,9,HEAD_TRUCK,149,91.16,online,,ujb_dashboard_scrape,567,1478a6ef5cf916143cc8677f065878c737464002,VALID,
2026-09-06,10:57:21,2026,9,BUS,01,52.95,online,,ujb_dashboard_scrape,568,82eb45ff8d6381370ac60e6a75b39e20c157f7b3,VALID,
2026-09-06,10:57:18,2026,9,KEND_OPS,B 9786 BAZ,26.39,online,,ujb_dashboard_scrape,569,8a98cf6fde1e9a5649abb7236737f020842653aa,VALID,
2026-09-06,10:53:51,2026,9,HEAD_TRUCK,143,94.87,online,,ujb_dashboard_scrape,570,74c493784a951ea57c89c2fbda4e565a7e248c8a,VALID,
2026-09-06,10:51:23,2026,9,HEAD_TRUCK,133,95.69,online,,ujb_dashboard_scrape,571,e712772cd04e0f0e3694757ba0f948c683e52535,VALID,
2026-09-06,10:49:10,2026,9,HEAD_TRUCK,208,67.19,online,,ujb_dashboard_scrape,572,a77d7daa4e86ddeafcbd15b1316e4112d9982d83,VALID,
2026-09-06,10:45:42,2026,9,HEAD_TRUCK,205,109.84,online,,ujb_dashboard_scrape,573,d3519e44149a2bc6229d7ab06658ff0c6f7b67dd,VALID,
2026-09-06,10:42:52,2026,9,HEAD_TRUCK,165,77.12,online,,ujb_dashboard_scrape,574,529a023cca73da372cd0388547eb41d5ad2dae95,VALID,
2026-09-06,10:40:45,2026,9,HEAD_TRUCK,154,97.34,online,,ujb_dashboard_scrape,575,f6f2b89cfee5982fe8a350c582ba479397e831ba,VALID,
2026-09-06,10:37:13,2026,9,HEAD_TRUCK,159,92.81,online,,ujb_dashboard_scrape,576,df21466a5b589d85e071b4938822dfc507a3c2cc,VALID,
2026-09-06,10:34:27,2026,9,HEAD_TRUCK,182,81.57,online,,ujb_dashboard_scrape,577,4657d6e38a4608bed344527cefe206152dad748a,VALID,
2026-09-06,10:33:16,2026,9,HEAD_TRUCK,212,102.52,online,,ujb_dashboard_scrape,578,9c3abb84cd1774d1c4abfc64fdde11f9e3db2885,VALID,
2026-09-06,10:30:25,2026,9,HEAD_TRUCK,166,128.92,online,,ujb_dashboard_scrape,579,ba9bb7f43a5d9d2f089c8cea83dc73653b1423b7,VALID,
2026-09-06,10:26:37,2026,9,HEAD_TRUCK,214,75.15,online,,ujb_dashboard_scrape,580,ce0f69361204960e56924d8bac0c07596819dd72,VALID,
2026-09-06,10:24:14,2026,9,HEAD_TRUCK,168,78.55,online,,ujb_dashboard_scrape,581,d712e8293c7dd48b6ce76bc3ee1d1e96d12f80ed,VALID,
2026-09-06,10:23:55,2026,9,HEAD_TRUCK,144,88.71,online,,ujb_dashboard_scrape,582,256d232002334295a01155b036e40c18827e913e,VALID,
2026-09-06,10:21:11,2026,9,HEAD_TRUCK,148,93.79,online,,ujb_dashboard_scrape,583,c7e6adffa15fe68a21a887773b6a3eafcb53651c,VALID,
2026-09-06,10:19:01,2026,9,HEAD_TRUCK,156,88.46,online,,ujb_dashboard_scrape,584,ab0318251b19dfa14ee56de169f24d9c6222c0c5,VALID,
2026-09-06,10:16:31,2026,9,HEAD_TRUCK,215,84.28,online,,ujb_dashboard_scrape,585,ba51f730c56cb2a028d98777d44d1d3e9b209958,VALID,
2026-09-06,10:14:18,2026,9,HEAD_TRUCK,163,96.75,online,,ujb_dashboard_scrape,586,35d03f10ef012bffb3b67cfd5765f594d3f41c22,VALID,
2026-09-06,10:12:03,2026,9,HEAD_TRUCK,95,111.33,online,,ujb_dashboard_scrape,587,d5eef8609f2f4bea62cee3e83160975c3741acc6,VALID,
2026-09-06,10:08:55,2026,9,HEAD_TRUCK,151,90.37,online,,ujb_dashboard_scrape,588,9c4d7bb8b3345887e82185ace710408e604bd9be,VALID,
2026-09-06,10:06:29,2026,9,ELF,03,35.0,online,,ujb_dashboard_scrape,589,105f37a333f3f77a31ea575ada90736ea8c857cb,VALID,
2026-09-06,10:04:34,2026,9,HEAD_TRUCK,206,87.06,online,,ujb_dashboard_scrape,590,f2afd933ced452987d41d5d162060c25504d3d1b,VALID,
2026-09-06,10:03:59,2026,9,HEAD_TRUCK,201,121.61,online,,ujb_dashboard_scrape,591,c4faa0c8bd8567e4438eb450b4cfe0fdacb8a269,VALID,
2026-09-06,10:01:16,2026,9,HEAD_TRUCK,136,75.81,online,,ujb_dashboard_scrape,592,ff16ca061df8613ac9a54160bc7a27c739262708,VALID,
2026-09-06,10:00:03,2026,9,HEAD_TRUCK,186,80.78,online,,ujb_dashboard_scrape,593,467f9432ac025fdf9474e7854c3fb8779a8e88e7,VALID,
2026-09-06,09:57:17,2026,9,HEAD_TRUCK,216,82.27,online,,ujb_dashboard_scrape,594,5f602cc61afb0a4c2b22fc4a52bf55b1b9a1e22f,VALID,
2026-09-06,09:54:45,2026,9,HEAD_TRUCK,184,5.98,online,,ujb_dashboard_scrape,595,b7c062d761936a53a51e58f503204013b0281696,VALID,
2026-09-06,09:49:12,2026,9,HEAD_TRUCK,152,87.97,online,,ujb_dashboard_scrape,596,96503ecda7a0d5d48066603b38d159b68cf79a69,VALID,
2026-09-06,09:48:25,2026,9,HEAD_TRUCK,184,1.45,online,,ujb_dashboard_scrape,597,9c34c0e2d0464d4cd4b3e7d23dd5a1170ab1ee5a,VALID,
2026-09-06,09:45:20,2026,9,HEAD_TRUCK,184,0.15,online,,ujb_dashboard_scrape,598,41f897f93254821851d2dbf48df0d38a56d43be3,VALID,
2026-09-06,09:44:43,2026,9,HEAD_TRUCK,190,41.7,online,,ujb_dashboard_scrape,599,de4f08508e6aa6aea674d7ae94d47d64582b7f09,VALID,
2026-09-06,09:39:32,2026,9,HEAD_TRUCK,184,46.2,online,,ujb_dashboard_scrape,600,88809c7bf42efb5ca0afb825914b886fc85fa00b,VALID,
2026-09-06,09:39:03,2026,9,HEAD_TRUCK,161,88.98,online,,ujb_dashboard_scrape,601,639bf676e1e452d83979efedc13c0db28b7ce7d6,VALID,
2026-09-06,09:36:14,2026,9,HEAD_TRUCK,190,65.41,online,,ujb_dashboard_scrape,602,7a9a76ea8b6f980d958646dc150768302353a503,VALID,
2026-09-06,09:35:43,2026,9,HEAD_TRUCK,209,96.67,online,,ujb_dashboard_scrape,603,418bd9084a36fb91d7f039bcc7488e8a78be28f3,VALID,
2026-09-06,09:32:42,2026,9,HEAD_TRUCK,209,0.09,online,,ujb_dashboard_scrape,604,4efcf6a04428bc7f67b5e1d5fce905902c06fb76,VALID,
2026-09-06,09:21:37,2026,9,HEAD_TRUCK,197,106.28,online,,ujb_dashboard_scrape,605,f41d260a59c846bbe2015db3ae2beab68c6b3eb2,VALID,
2026-09-06,09:16:07,2026,9,HEAD_TRUCK,210,120.09,online,,ujb_dashboard_scrape,606,e844d5a5658c3ff0e46768e6a84c1fdee807f83d,VALID,
2026-09-06,09:10:45,2026,9,HEAD_TRUCK,192,83.13,online,,ujb_dashboard_scrape,607,2652633d3a5124372b9858e3c92ad358f0caed8a,VALID,
2026-09-06,09:10:05,2026,9,HEAD_TRUCK,142,82.95,online,,ujb_dashboard_scrape,608,65e368ea2f1a46dab872428956825f84d1e5ed7b,VALID,
2026-09-06,09:07:07,2026,9,HEAD_TRUCK,170,113.4,online,,ujb_dashboard_scrape,609,5c32bee246aa8b70f46e3fd1993a5af3cec1a7c1,VALID,
2026-09-06,09:06:14,2026,9,HEAD_TRUCK,178,84.97,online,,ujb_dashboard_scrape,610,c12552860cf21b73cf9b43504517c2f7b238d91d,VALID,
2026-09-06,09:03:18,2026,9,HEAD_TRUCK,175,67.84,online,,ujb_dashboard_scrape,611,b9a768d517bf75c50c104c0348e095d57867423d,VALID,
2026-09-06,09:02:01,2026,9,HEAD_TRUCK,14,107.16,online,,ujb_dashboard_scrape,612,ba4ee816ece8b43e31973350d9c672a50409ea4a,VALID,
2026-09-06,08:59:04,2026,9,HEAD_TRUCK,134,88.9,online,,ujb_dashboard_scrape,613,27e8801b90430962037edd4396c1a2e7ce04e62c,VALID,
2026-09-06,08:55:45,2026,9,HEAD_TRUCK,145,71.8,online,,ujb_dashboard_scrape,614,b55a90f836781f164ae55d10fa3c45d7e5f9d2f4,VALID,
2026-09-06,08:53:32,2026,9,HEAD_TRUCK,150,95.21,online,,ujb_dashboard_scrape,615,90e213cd0257f30162abb20cf82b235dacddca1c,VALID,
2026-09-06,08:50:36,2026,9,HEAD_TRUCK,193,178.22,online,,ujb_dashboard_scrape,616,040973f8f0bb91e632888f2588c79f79885216ce,VALID,
2026-09-06,08:49:14,2026,9,HEAD_TRUCK,155,101.21,online,,ujb_dashboard_scrape,617,b64cceb7e5a7bf791ce01ab6cebecd5a4c377a11,VALID,
2026-09-06,08:45:44,2026,9,HEAD_TRUCK,188,92.37,online,,ujb_dashboard_scrape,618,0079ebdd5f43fe3eaacc1456176e73424ef28825,VALID,
2026-09-06,08:45:00,2026,9,HEAD_TRUCK,139,93.63,online,,ujb_dashboard_scrape,619,a296733f6f504b3ac44fdba9dd4a6171fdfb702c,VALID,
2026-09-06,08:42:17,2026,9,HEAD_TRUCK,167,85.08,online,,ujb_dashboard_scrape,620,8433c717811d63747cf79497ba66247ef4e2a392,VALID,
2026-09-06,08:41:43,2026,9,HEAD_TRUCK,211,80.53,online,,ujb_dashboard_scrape,621,f115091047a75b7b87e05602cdbb556d1d829bbe,VALID,
2026-09-06,08:38:57,2026,9,HEAD_TRUCK,169,91.03,online,,ujb_dashboard_scrape,622,1400464a02dee803fca5cb95710eb23671ee8529,VALID,
2026-09-06,08:38:54,2026,9,HEAD_TRUCK,185,74.9,online,,ujb_dashboard_scrape,623,8e81ceba4c63434779a5add950f6ed4f5c8851c7,VALID,
2026-09-06,08:36:00,2026,9,HEAD_TRUCK,207,78.9,online,,ujb_dashboard_scrape,624,f5558a8cbdbcbe8037136074fb19543526143585,VALID,
2026-09-06,08:31:44,2026,9,ELF,02,34.75,online,,ujb_dashboard_scrape,625,77c0341d795858919fbca58747d1fc37988023d6,VALID,
2026-09-06,08:29:21,2026,9,ELF,01,35.0,online,,ujb_dashboard_scrape,626,d342514e3faf0798b5902d1ff78ebd9d81da320c,VALID,
2026-09-06,08:27:26,2026,9,HEAD_TRUCK,171,114.75,online,,ujb_dashboard_scrape,627,1dbdd1e4a4b2fdbe4eb80387a25f3e667359cac5,VALID,
2026-09-06,08:23:44,2026,9,HEAD_TRUCK,195,59.9,online,,ujb_dashboard_scrape,628,e2548e97b1d29ddad94e05589ff19773d31c8bdd,VALID,
2026-09-06,08:23:20,2026,9,HEAD_TRUCK,204,70.03,online,,ujb_dashboard_scrape,629,e4087250ee5d34b7dd4785084318c98e85c015ba,VALID,
2026-09-06,08:20:42,2026,9,HEAD_TRUCK,138,90.97,online,,ujb_dashboard_scrape,630,cf6c0b66d8839b889ecd026b6abf100c4250d5f7,VALID,
2026-09-06,08:19:49,2026,9,HEAD_TRUCK,162,79.54,online,,ujb_dashboard_scrape,631,7ed97cf15bfb6b58e2a2cdc261758d008d940a27,VALID,
2026-09-06,08:17:27,2026,9,HEAD_TRUCK,131,88.55,online,,ujb_dashboard_scrape,632,48288f1e24b274a2c0a08b84d33f1b6fcfeaca89,VALID,
2026-09-06,08:14:23,2026,9,HEAD_TRUCK,181,83.95,online,,ujb_dashboard_scrape,633,d60310c7f0e716337825e56dff9b2a01f7ede769,VALID,
2026-09-06,08:13:18,2026,9,HEAD_TRUCK,158,87.97,online,,ujb_dashboard_scrape,634,b1473c0e31edcd04ca5173e91d46d7dd3e535869,VALID,
2026-09-06,08:07:47,2026,9,HEAD_TRUCK,172,154.87,online,,ujb_dashboard_scrape,635,4313285bc1b5db621f4f68280b255ef96adc5f01,VALID,
2026-09-06,08:07:08,2026,9,HEAD_TRUCK,147,161.09,online,,ujb_dashboard_scrape,636,20beb9cd45569da8f00684a1c891f3c8f20383a3,VALID,
2026-09-05,14:25:33,2026,9,HEAD_TRUCK,143,83.63,online,,ujb_dashboard_scrape,546,368c809d94e9b508194d2bd0338fb9051f20bf4b,VALID,
2026-09-05,14:22:23,2026,9,KEND_OPS,TRAGA,35.51,online,,ujb_dashboard_scrape,547,23330d838200df4e808cad7d6be18a6b77b29cb1,VALID,
2026-09-05,13:48:18,2026,9,HEAD_TRUCK,177,77.86,online,,ujb_dashboard_scrape,548,c9825a3cd23084cff1cf99f3fd2c11efb4d8e29d,VALID,
2026-09-05,13:45:42,2026,9,HEAD_TRUCK,133,88.76,online,,ujb_dashboard_scrape,549,ec49bfa12eb6abe58bc59ca757bb7a9e3b0032c8,VALID,
2026-09-05,13:43:10,2026,9,HEAD_TRUCK,191,90.18,online,,ujb_dashboard_scrape,550,7882d9e29fe499914452ff3817a58a6b9f1dfda3,VALID,
2026-09-05,13:40:21,2026,9,HEAD_TRUCK,154,86.87,online,,ujb_dashboard_scrape,551,0ea1426df6939e63b9853df967af81c7b47f40e9,VALID,
2026-09-05,13:39:22,2026,9,HEAD_TRUCK,189,76.59,online,,ujb_dashboard_scrape,552,5652a0aa96be976e4af36c5f2c898f2491018fe8,VALID,
2026-09-05,13:36:01,2026,9,HEAD_TRUCK,165,82.99,online,,ujb_dashboard_scrape,553,35b27ee984e3d978125b98aecf551f4c5764e488,VALID,
2026-09-05,13:34:50,2026,9,HEAD_TRUCK,195,22.6,online,,ujb_dashboard_scrape,554,6c4d6206d154eea38c3a1a2ac67b6a2b6939c5ff,VALID,
2026-09-05,13:32:50,2026,9,BUS,03,55.0,online,,ujb_dashboard_scrape,555,a24b8ffc1aba6397207a54399568ab5a5c650752,VALID,
2026-09-05,13:22:35,2026,9,HEAD_TRUCK,163,79.82,online,,ujb_dashboard_scrape,556,e2d7bc1e15a0196dd9f62ffe1e6cdbb129ab659d,VALID,
2026-09-05,13:20:11,2026,9,FORKLIFT,28,22.52,online,,ujb_dashboard_scrape,557,7c9ddd0e438254b7a55d58cfacd4030da6eef914,VALID,
2026-09-05,13:17:11,2026,9,HEAD_TRUCK,131,82.16,online,,ujb_dashboard_scrape,558,ccf9ffe7c0f0815b80b5226bea0ace6c41c0bad3,VALID,
2026-09-05,13:15:00,2026,9,KEND_OPS,RANGGA 04,38.09,online,,ujb_dashboard_scrape,559,bdb46e20c74b1240d75427e61bedb9ec84511336,VALID,
2026-09-05,13:12:33,2026,9,KEND_OPS,RANGGA 05,40.0,online,,ujb_dashboard_scrape,560,52c2f4fa1997b95e69fce9aedad7ad1fe662635f,VALID,
2026-09-05,11:40:06,2026,9,HEAD_TRUCK,196,75.19,online,,ujb_dashboard_scrape,561,320975e4eda225578aee93a2e7f584dfa4978680,VALID,
2026-09-05,11:37:34,2026,9,HEAD_TRUCK,167,81.6,online,,ujb_dashboard_scrape,562,4f21a127bd6516a7f059a7e1c3db6f0c21954853,VALID,
2026-09-05,11:35:00,2026,9,HEAD_TRUCK,134,87.08,online,,ujb_dashboard_scrape,563,1b3eff932e8d3a01d7a94c8c9ff981746f131604,VALID,
2026-09-05,11:32:12,2026,9,HEAD_TRUCK,210,77.99,online,,ujb_dashboard_scrape,564,0881470eb7379ec63440c5c4ee7dcf2f6dde2fb1,VALID,
2026-09-05,11:30:00,2026,9,HEAD_TRUCK,184,33.19,online,,ujb_dashboard_scrape,565,da258be8fac07819581a4ded350c584fbf9b6135,VALID,
2026-09-05,11:27:49,2026,9,HEAD_TRUCK,169,80.97,online,,ujb_dashboard_scrape,566,5df4f6f530a76d4d7715dbc6e46ae31eff16ad18,VALID,
2026-09-05,11:25:06,2026,9,HEAD_TRUCK,139,79.56,online,,ujb_dashboard_scrape,567,548fa9d160b4cf5da9ec67475724108fdeb3b6e5,VALID,
2026-09-05,11:22:25,2026,9,HEAD_TRUCK,199,119.63,online,,ujb_dashboard_scrape,568,8f8513d393fb7faa03aaf1958492d23509807182,VALID,
2026-09-05,11:19:13,2026,9,HEAD_TRUCK,203,127.96,online,,ujb_dashboard_scrape,569,566ad7e8580328e8729bf85bdf82ce690be4d5c0,VALID,
2026-09-05,11:15:15,2026,9,HEAD_TRUCK,213,69.94,online,,ujb_dashboard_scrape,570,e6be53382630b54225869a156683b81b1020f414,VALID,
2026-09-05,11:12:07,2026,9,HEAD_TRUCK,141,68.78,online,,ujb_dashboard_scrape,571,17069b855a0ea8e4e7443cbb1fe1c57c8005857c,VALID,
2026-09-05,11:09:18,2026,9,HEAD_TRUCK,207,80.13,online,,ujb_dashboard_scrape,572,adcc8a8f84869be36c9cc9198ae01223194bf181,VALID,
2026-09-05,11:03:08,2026,9,HEAD_TRUCK,136,63.65,online,,ujb_dashboard_scrape,573,e71dbf0d4d5b3e62e91ceed2c2cfa91a5e454584,VALID,
2026-09-05,10:57:58,2026,9,HEAD_TRUCK,151,61.52,online,,ujb_dashboard_scrape,574,0b760196880dfe02ab75fa199c56761ff0585ed5,VALID,
2026-09-05,10:51:07,2026,9,HEAD_TRUCK,194,76.36,online,,ujb_dashboard_scrape,575,6d4f9549ebb7e1aed95e10c3955c593a726e977b,VALID,
2026-09-05,10:48:45,2026,9,HEAD_TRUCK,161,74.15,online,,ujb_dashboard_scrape,576,b4d05883c971946534dfaaf586bbc2aff0e965cf,VALID,
2026-09-05,10:46:06,2026,9,HEAD_TRUCK,153,69.31,online,,ujb_dashboard_scrape,577,1559a6c8ad86e7af27b52a476058f8b9c85bf80b,VALID,
2026-09-05,10:43:24,2026,9,KEND_OPS,RANGGA 15,33.0,online,,ujb_dashboard_scrape,578,495945ef61849309ad082e26df98f50698129bee,VALID,
2026-09-05,10:40:52,2026,9,KEND_OPS,RANGGA 15,0.61,online,,ujb_dashboard_scrape,579,1a72f7a9af16dc678142bf69beb43897fea8cc65,VALID,
2026-09-05,10:38:15,2026,9,KEND_OPS,HILUX 03,16.13,online,,ujb_dashboard_scrape,580,3b6264ec6a20d3f88c817337e58e14572174a312,VALID,
2026-09-05,10:34:50,2026,9,HEAD_TRUCK,205,71.62,online,,ujb_dashboard_scrape,581,0bd3ca94d01f026ccfadc52242336518755cd9ce,VALID,
2026-09-05,10:29:42,2026,9,HEAD_TRUCK,192,74.93,online,,ujb_dashboard_scrape,582,945ef08eedaf7a03143cbd99939533465c684931,VALID,
2026-09-05,10:23:12,2026,9,HEAD_TRUCK,159,84.72,online,,ujb_dashboard_scrape,583,85b8209a4d5da4c0f7300b49df15dc181891d55d,VALID,
2026-09-05,10:20:09,2026,9,HEAD_TRUCK,209,88.73,online,,ujb_dashboard_scrape,584,2557b03a860b38daabce52b0060e3a87214bc8dd,VALID,
2026-09-05,10:17:46,2026,9,HEAD_TRUCK,157,60.1,online,,ujb_dashboard_scrape,585,beb9e1b07bf01f5b7cb187ae80ac0101f51ce846,VALID,
2026-09-05,10:14:55,2026,9,HEAD_TRUCK,206,84.59,online,,ujb_dashboard_scrape,586,80bcb5b6fe8f2d4f175c9766aceeb8d58f258094,VALID,
2026-09-05,10:11:25,2026,9,HEAD_TRUCK,145,67.3,online,,ujb_dashboard_scrape,587,2bc831e3519480133cc796d0b47164f347e87290,VALID,
2026-09-05,09:56:17,2026,9,HEAD_TRUCK,182,53.66,online,,ujb_dashboard_scrape,588,7b2cfe002c717f1b8e96e7878320608877b4b2fc,VALID,
2026-09-05,09:54:02,2026,9,HEAD_TRUCK,181,98.39,online,,ujb_dashboard_scrape,589,22ff7f5506cbdc0f54bb89800461366c347fecf2,VALID,
2026-09-05,09:48:12,2026,9,HEAD_TRUCK,128,82.77,online,,ujb_dashboard_scrape,590,e1dde404d198101b0a3a19df17c9f7838446054f,VALID,
2026-09-05,09:47:40,2026,9,ELF,03,35.0,online,,ujb_dashboard_scrape,591,2a019d82fb0cb0ee60a2b3f73ca7a467d6b5efa3,VALID,
2026-09-05,09:45:09,2026,9,HEAD_TRUCK,211,58.71,online,,ujb_dashboard_scrape,592,3b705f27bfeb6509efe69a2fdc4024c9368a8b2a,VALID,
2026-09-05,09:44:43,2026,9,HEAD_TRUCK,142,93.07,online,,ujb_dashboard_scrape,593,bd7c51013e6fd47ae71922f2049f6d0524e689a7,VALID,
2026-09-05,09:42:01,2026,9,BUS,02,55.0,online,,ujb_dashboard_scrape,594,48f78f39dc96a3ea529abb112fc3e8ec9fbfe7d9,VALID,
2026-09-05,09:39:48,2026,9,ELF,02,35.0,online,,ujb_dashboard_scrape,595,a104a7eab2f5c3ea9b656b35c07859c5e9de52e5,VALID,
2026-09-05,09:37:58,2026,9,HEAD_TRUCK,138,92.23,online,,ujb_dashboard_scrape,596,6920e1eb953d65f163593a14747f76666acdfa46,VALID,
2026-09-05,09:35:39,2026,9,BUS,01,50.74,online,,ujb_dashboard_scrape,597,e43f38e3e8d998dc573af87762da681f63b21b35,VALID,
2026-09-05,09:33:01,2026,9,HEAD_TRUCK,152,80.92,online,,ujb_dashboard_scrape,598,d1245a104346e94c72af295fa09fb5cece1d6b8f,VALID,
2026-09-05,09:31:48,2026,9,HEAD_TRUCK,201,82.26,online,,ujb_dashboard_scrape,599,47fe362ec52a1edf8324e86ec0f8071cb3e885b7,VALID,
2026-09-05,09:30:25,2026,9,HEAD_TRUCK,95,68.52,online,,ujb_dashboard_scrape,600,efecab8b3d985e418aca1e2449c10f665ace97fa,VALID,
2026-09-05,09:29:07,2026,9,HEAD_TRUCK,175,57.3,online,,ujb_dashboard_scrape,601,b7eed4d2ecbc10d6e0f4ab780976e89e1b64708e,VALID,
2026-09-05,09:26:59,2026,9,HEAD_TRUCK,135,80.96,online,,ujb_dashboard_scrape,602,1b17a135efa3a6343891ddf9b633a75983af8692,VALID,
2026-09-05,09:26:30,2026,9,HEAD_TRUCK,190,70.67,online,,ujb_dashboard_scrape,603,68a7cb7054d68a46e2134ab970ceb5d7ddc6bb7c,VALID,
2026-09-05,09:23:09,2026,9,HEAD_TRUCK,162,55.08,online,,ujb_dashboard_scrape,604,24c5e35c9b095e5e91ecc227f413429027b0c6ad,VALID,
2026-09-05,09:22:33,2026,9,HEAD_TRUCK,183,71.26,online,,ujb_dashboard_scrape,605,e50d940977b31978d89716aaf62c2b81bcdf6a80,VALID,
2026-09-05,09:20:19,2026,9,HEAD_TRUCK,156,73.48,online,,ujb_dashboard_scrape,606,7c85edf3b53a2aaa57c19e2829d2d23c82ee0483,VALID,
2026-09-05,09:19:34,2026,9,HEAD_TRUCK,193,85.11,online,,ujb_dashboard_scrape,607,a2ac0571956be4a817def6f54e7fda942204ddf3,VALID,
2026-09-05,09:17:03,2026,9,HEAD_TRUCK,204,48.91,online,,ujb_dashboard_scrape,608,b31e910269072be62703be301af696f43697c337,VALID,
2026-09-05,09:15:54,2026,9,HEAD_TRUCK,202,56.06,online,,ujb_dashboard_scrape,609,80bf1c8a4a31a7d54c293f57fa6b0ed771d099f1,VALID,
2026-09-05,09:15:05,2026,9,HEAD_TRUCK,144,67.49,online,,ujb_dashboard_scrape,610,e24817624609f9154fdaa992658dd1649952871d,VALID,
2026-09-05,09:12:34,2026,9,HEAD_TRUCK,137,81.51,online,,ujb_dashboard_scrape,611,4198871bd51ebb382c44ea87a636e24998acc853,VALID,
2026-09-05,09:09:32,2026,9,HEAD_TRUCK,214,69.09,online,,ujb_dashboard_scrape,612,29d76674f8f3e698ce4409a1c85346a56e0fe320,VALID,
2026-09-05,09:08:56,2026,9,KEND_OPS,TRAGA,40.0,online,,ujb_dashboard_scrape,613,4eb45c384b504b0b7bedeeb6d6ab3a83da589587,VALID,
2026-09-05,09:06:23,2026,9,HEAD_TRUCK,168,56.62,online,,ujb_dashboard_scrape,614,515c5502293bb1be45a9850c17875b592ad0e1bc,VALID,
2026-09-05,09:06:00,2026,9,HEAD_TRUCK,179,13.6,online,,ujb_dashboard_scrape,615,8fe0e282643dadcd3bfcb23464f5902b8c4f35db,VALID,
2026-09-05,09:04:36,2026,9,HEAD_TRUCK,188,66.31,online,,ujb_dashboard_scrape,616,c21541efa9831db1d236654a0f08e9b04d4abcc6,VALID,
2026-09-05,09:03:56,2026,9,HEAD_TRUCK,208,72.64,online,,ujb_dashboard_scrape,617,8b49c4dd563cf61299317a5035d9ec24300c4921,VALID,
2026-09-05,09:00:27,2026,9,HEAD_TRUCK,149,66.24,online,,ujb_dashboard_scrape,618,a6430bbabda13d74f51c10fd893ebe1f5524cc76,VALID,
2026-09-05,08:59:28,2026,9,HEAD_TRUCK,195,84.17,online,,ujb_dashboard_scrape,619,359446636a6ac9a971c14a29a8cad830e586ee44,VALID,
2026-09-05,08:56:32,2026,9,ELF,01,35.0,online,,ujb_dashboard_scrape,620,2b0cf774a9ae2047c413d85fc68a20e199002e3a,VALID,
2026-09-05,08:54:12,2026,9,HEAD_TRUCK,185,82.3,online,,ujb_dashboard_scrape,621,eb75431eaaa761684488d0955205718c4b31fb73,VALID,
2026-09-05,08:50:38,2026,9,HEAD_TRUCK,155,85.21,online,,ujb_dashboard_scrape,622,240dd6764f00eb8bc8756154d0baac3f0020f8a6,VALID,
2026-09-05,08:49:12,2026,9,HEAD_TRUCK,185,5.44,online,,ujb_dashboard_scrape,623,011d56c5ab17d170e9395b76876c013eda052d6e,VALID,
2026-09-05,08:42:27,2026,9,HEAD_TRUCK,178,67.61,online,,ujb_dashboard_scrape,624,12414df8a00ea62a8591c21d52d39e55815c9a19,VALID,
2026-09-05,08:40:13,2026,9,HEAD_TRUCK,180,29.33,online,,ujb_dashboard_scrape,625,fd1d37e194382cbd271bff4e6a23a9f319ceb610,VALID,
2026-09-05,08:40:10,2026,9,HEAD_TRUCK,171,78.66,online,,ujb_dashboard_scrape,626,baa90fb335fa91bd9d9807af52415e229d3e8525,VALID,
2026-09-05,08:37:45,2026,9,HEAD_TRUCK,140,80.82,online,,ujb_dashboard_scrape,627,7b7b5e8ecc4c8e247124215f05c3bcb51a69aa7c,VALID,
2026-09-05,08:35:21,2026,9,INOVADM,INOVADM,34.39,online,,ujb_dashboard_scrape,628,34d31097263a8f84921b1528cac2b371c308b315,VALID,
2026-09-05,08:28:53,2026,9,HEAD_TRUCK,150,53.55,online,,ujb_dashboard_scrape,629,b8f7f9813ad549561e4c05a7f8797a0bb805da8b,VALID,
2026-09-05,08:28:31,2026,9,HEAD_TRUCK,186,65.01,online,,ujb_dashboard_scrape,630,29bd886ffb7d10ed5ef97e022b36875b14c396fd,VALID,
2026-09-05,08:26:10,2026,9,HEAD_TRUCK,158,85.05,online,,ujb_dashboard_scrape,631,c70abfe572eed066c4b3185cf17ed822fb71e98a,VALID,
2026-09-05,08:24:01,2026,9,HEAD_TRUCK,212,70.56,online,,ujb_dashboard_scrape,632,ede8a15222c8a15904c60199fcbf05f55b6dff36,VALID,
2026-09-05,08:18:35,2026,9,HEAD_TRUCK,164,71.67,online,,ujb_dashboard_scrape,633,c82f2cc33467eef6d625f4eaa9d8fe968537461b,VALID,
2026-09-05,08:16:46,2026,9,HEAD_TRUCK,179,59.51,online,,ujb_dashboard_scrape,634,5c6591909c42fda247381bffb45aeb29f43f5dad,VALID,
2026-09-05,08:15:35,2026,9,HEAD_TRUCK,170,73.64,online,,ujb_dashboard_scrape,635,34ab185e6060e8ebb1c457319a2a55ba90fc39db,VALID,
2026-09-05,08:13:12,2026,9,HEAD_TRUCK,148,74.08,online,,ujb_dashboard_scrape,636,478fd762a9cf70548478e70f2e4a2e2ef22802cf,VALID,
2026-09-05,08:11:14,2026,9,HEAD_TRUCK,215,89.67,online,,ujb_dashboard_scrape,637,85c14616090b143830d01d0a23bded6f26a7d56b,VALID,
2026-09-05,08:08:52,2026,9,HEAD_TRUCK,197,57.25,online,,ujb_dashboard_scrape,638,021781779d30f99870427d82edcc7a51000a7e10,VALID,
2026-09-05,08:08:51,2026,9,HEAD_TRUCK,132,52.29,online,,ujb_dashboard_scrape,639,a822423dfa0ab0b4a106746128b1b4ee7d732787,VALID,
2026-08-24,14:03:43,2026,8,HEAD_TRUCK,203,17.07,online,,ujb_dashboard_scrape,1,963aa222d9c52b5fe0aab777165ee62d763765ad,VALID,
2026-08-24,13:06:49,2026,8,HEAD_TRUCK,149,63.8,online,,ujb_dashboard_scrape,2,f07079fbb9e53068fbf5ef48b74d19fc4b24bc46,VALID,
2026-08-24,13:04:20,2026,8,HEAD_TRUCK,161,101.38,online,,ujb_dashboard_scrape,3,a160ddd4021332b372ef73096a3347ff70a87c4c,VALID,
2026-08-24,11:23:48,2026,8,HEAD_TRUCK,136,93.16,online,,ujb_dashboard_scrape,4,8b35a4fb59f9dda6b6792a980838bce828b06808,VALID,
2026-08-24,11:21:21,2026,8,HEAD_TRUCK,151,62.66,online,,ujb_dashboard_scrape,5,ab6517234c581dd9023510e3fbf946610bb44d90,VALID,
2026-08-24,11:19:10,2026,8,KEND_OPS,RANGGA 01,18.27,online,,ujb_dashboard_scrape,6,6ae2b74fc45ca15b9b7e19198afeade151fbc6d0,VALID,
2026-08-24,11:12:09,2026,8,HEAD_TRUCK,188,59.91,online,,ujb_dashboard_scrape,7,d9799b924e0f615be8337d995bb58e1fc6245468,VALID,
2026-08-24,11:10:37,2026,8,HEAD_TRUCK,215,129.75,online,,ujb_dashboard_scrape,8,f7b0d32329325f064f112ce51218155c9c4a6a05,VALID,
2026-08-24,11:07:32,2026,8,HEAD_TRUCK,181,78.28,online,,ujb_dashboard_scrape,9,3de171920db60c2d6af7ad78912c009dfe923242,VALID,
2026-08-24,11:04:37,2026,8,HEAD_TRUCK,171,96.05,online,,ujb_dashboard_scrape,10,2971b209660e662b978dc76d50c11290fd4545ee,VALID,
2026-08-24,10:55:31,2026,8,HEAD_TRUCK,191,73.15,online,,ujb_dashboard_scrape,11,a6549b704b3e01e1efd3f3c69d94ef83d6dc33ea,VALID,
2026-08-24,10:53:55,2026,8,HEAD_TRUCK,158,90.95,online,,ujb_dashboard_scrape,12,ae3b7cb71064fed8894542f70c12b12d8d5379cf,VALID,
2026-08-24,10:52:54,2026,8,HEAD_TRUCK,202,73.38,online,,ujb_dashboard_scrape,13,e2a5d43b85cc5c9009ff731e320e7c03dfa9ec35,VALID,
2026-08-24,10:50:31,2026,8,KEND_OPS,RANGGA 14,40.0,online,,ujb_dashboard_scrape,14,a924786f6b36a6c3a14bc93136a109a75e75bfef,VALID,
2026-08-24,10:47:45,2026,8,KEND_OPS,RANGGA 04,40.0,online,,ujb_dashboard_scrape,15,c00f34a7dc2d9b864f4add0ad1f94a09ac2b5db2,VALID,
2026-08-24,10:43:29,2026,8,HEAD_TRUCK,196,80.85,online,,ujb_dashboard_scrape,16,2394996f851ed1fc3d763bc210afb6da761ff906,VALID,
2026-08-24,10:42:19,2026,8,HEAD_TRUCK,142,77.74,online,,ujb_dashboard_scrape,17,308152c43f246fd69ac45ac256eb6596fa482bc7,VALID,
2026-08-24,10:39:43,2026,8,HEAD_TRUCK,179,71.4,online,,ujb_dashboard_scrape,18,cd30e6a13884ed108feee2684dc5fb40405c7aa5,VALID,
2026-08-24,10:36:50,2026,8,HEAD_TRUCK,190,82.55,online,,ujb_dashboard_scrape,19,b5ccad67e11f02a4d107abba5c3974cf7ba3925b,VALID,
2026-08-24,10:33:49,2026,8,HEAD_TRUCK,201,55.83,online,,ujb_dashboard_scrape,20,090b02d1c9609f0d13edb8e759699944664b97b5,VALID,
2026-08-24,10:31:14,2026,8,HEAD_TRUCK,143,78.71,online,,ujb_dashboard_scrape,21,b13613099a7d42a7205832e2b45a3711a4d037de,VALID,
2026-08-24,10:28:43,2026,8,HEAD_TRUCK,208,58.26,online,,ujb_dashboard_scrape,22,b257ff7afe6c0c6e6d12186175aaa3a0067b5b55,VALID,
2026-08-24,10:24:06,2026,8,HEAD_TRUCK,133,63.07,online,,ujb_dashboard_scrape,23,6dcabc093da2c9944a1ef1ee20fd4fd3b5f5a69a,VALID,
2026-08-24,10:20:13,2026,8,HEAD_TRUCK,193,97.96,online,,ujb_dashboard_scrape,24,15cfd882420db51cb687f449982e5e6849f2e33b,VALID,
2026-08-24,10:19:05,2026,8,HEAD_TRUCK,131,84.77,online,,ujb_dashboard_scrape,25,a9a48b4b271d51ae2194ff8bc84244bd8d17d63e,VALID,
2026-08-24,10:13:08,2026,8,BUS,03,55.81,online,,ujb_dashboard_scrape,26,8ff9c42bb0161681224ba21b2ef75abda89eeaed,VALID,
2026-08-24,10:08:27,2026,8,BUS,02,45.62,online,,ujb_dashboard_scrape,27,8e8d54e198854556b39561154be4cad050c5f630,VALID,
2026-08-24,09:59:47,2026,8,HEAD_TRUCK,207,76.44,online,,ujb_dashboard_scrape,28,5b90a3575f7c5e814db5aa2aada5913c9b2df0ea,VALID,
2026-08-24,09:57:54,2026,8,KEND_OPS,INOVA DM,40.0,online,,ujb_dashboard_scrape,29,294826c27c39bfaa643ffd00439441c7ebf8d614,VALID,
2026-08-24,09:57:11,2026,8,HEAD_TRUCK,205,83.93,online,,ujb_dashboard_scrape,30,6572df6a6a609b58d1d91a0433f302028e8d3bfb,VALID,
2026-08-24,09:54:50,2026,8,HEAD_TRUCK,154,91.47,online,,ujb_dashboard_scrape,31,6203db68697f3babe550ac98edba7d6750a6d7e1,VALID,
2026-08-24,09:54:16,2026,8,HEAD_TRUCK,138,88.0,online,,ujb_dashboard_scrape,32,f51707c3799f564644f34dbd47d929a42edc842d,VALID,
2026-08-24,09:51:18,2026,8,HEAD_TRUCK,150,74.39,online,,ujb_dashboard_scrape,33,f913ba43a03ff86444055ecee1e0662ee7e4ff08,VALID,
2026-08-24,09:50:26,2026,8,HEAD_TRUCK,159,71.85,online,,ujb_dashboard_scrape,34,0fac3384676b14bb2e7edd9a9beba9ddaeb5294b,VALID,
2026-08-24,09:46:58,2026,8,HEAD_TRUCK,157,82.79,online,,ujb_dashboard_scrape,35,c42425f3b575cac0fa241b987a09dd519508d447,VALID,
2026-08-24,09:46:53,2026,8,HEAD_TRUCK,153,65.71,online,,ujb_dashboard_scrape,36,995a5d8fde0e82976dcf9dd1634e303b85cb711d,VALID,
2026-08-24,09:43:19,2026,8,HEAD_TRUCK,198,71.88,online,,ujb_dashboard_scrape,37,de463c581c00b84fde1e1c437dab93e208ae97cf,VALID,
2026-08-24,09:42:16,2026,8,HEAD_TRUCK,140,77.32,online,,ujb_dashboard_scrape,38,5983fb9f1bf7a9eac41c52bb3de17240228dee16,VALID,
2026-08-24,09:39:58,2026,8,HEAD_TRUCK,166,61.86,online,,ujb_dashboard_scrape,39,f1567b3830c47790e92268c17359fd76158e03f8,VALID,
2026-08-24,09:38:47,2026,8,HEAD_TRUCK,199,62.61,online,,ujb_dashboard_scrape,40,42c83371b48da741f8056361e8ba532fc7f07d77,VALID,
2026-08-24,09:35:45,2026,8,HEAD_TRUCK,169,70.16,online,,ujb_dashboard_scrape,41,ce41d67d639e55feb3755fa12d0390cce97e0b64,VALID,
2026-08-24,09:35:07,2026,8,HEAD_TRUCK,162,77.6,online,,ujb_dashboard_scrape,42,435a068ae89b0660df2dd31875d3419ce3d94b67,VALID,
2026-08-24,09:32:03,2026,8,HEAD_TRUCK,211,67.89,online,,ujb_dashboard_scrape,43,7bfe18730d62e72a7800dd14d9e02e1a2aafdd4b,VALID,
2026-08-24,09:31:19,2026,8,HEAD_TRUCK,206,80.97,online,,ujb_dashboard_scrape,44,acbb872875c1c93080e0f9035a5bc14622cb3436,VALID,
2026-08-24,09:26:25,2026,8,HEAD_TRUCK,145,51.74,online,,ujb_dashboard_scrape,45,6bfd5996628654f6abc38c0eeb0cb5f3c39af781,VALID,
2026-08-24,09:24:00,2026,8,HEAD_TRUCK,213,85.56,online,,ujb_dashboard_scrape,46,06461271a204974cb28e272a20f423b0b9e7ff3d,VALID,
2026-08-24,09:23:11,2026,8,HEAD_TRUCK,174,72.91,online,,ujb_dashboard_scrape,47,32b19a58de79a51652b70230bed1669268ed51e2,VALID,
2026-08-24,09:20:56,2026,8,ELF,03,30.0,online,,ujb_dashboard_scrape,48,30ee36026b7634c0772926249e570e6d2975a55b,VALID,
2026-08-24,09:20:52,2026,8,HEAD_TRUCK,128,91.42,online,,ujb_dashboard_scrape,49,f769635db9c8167d99d4bce3fa5588f0cf27bcf9,VALID,
2026-08-24,09:17:43,2026,8,HEAD_TRUCK,209,104.26,online,,ujb_dashboard_scrape,50,e4f2902f0f62902d14bf3e5c1e82595f447c81d2,VALID,
2026-08-24,09:16:15,2026,8,HEAD_TRUCK,155,76.05,online,,ujb_dashboard_scrape,51,84e891470d9b191c18e9933b8c7a92847385bd89,VALID,
2026-08-24,09:13:53,2026,8,HEAD_TRUCK,164,78.92,online,,ujb_dashboard_scrape,52,bc5481cc86a8291e6a599b68c0c0f176a7dbb429,VALID,
2026-08-24,09:09:17,2026,8,HEAD_TRUCK,177,78.24,online,,ujb_dashboard_scrape,53,3a8c3ba2512fdf18f7f967884139b5d8b5cdf21d,VALID,
2026-08-24,09:00:43,2026,8,HEAD_TRUCK,189,75.61,online,,ujb_dashboard_scrape,54,37f5ec822038db666eb644b67e0fbaf651cce436,VALID,
2026-08-24,09:00:28,2026,8,HEAD_TRUCK,137,81.96,online,,ujb_dashboard_scrape,55,39d617e487d63932eef2508cd2d0634ac887b1c3,VALID,
2026-08-24,08:56:55,2026,8,FORKLIFT,17,17.94,online,,ujb_dashboard_scrape,56,1f975bde43aaef296f3c2e937af838a2d7e16328,VALID,
2026-08-24,08:56:52,2026,8,HEAD_TRUCK,156,79.44,online,,ujb_dashboard_scrape,57,809eb16f41da049efb5f173bad347dd71f977665,VALID,
2026-08-24,08:54:25,2026,8,HEAD_TRUCK,95,63.12,online,,ujb_dashboard_scrape,58,34d41cc20a66246f0e800732c51250b25bebb2d2,VALID,
2026-08-24,08:53:28,2026,8,HEAD_TRUCK,178,86.46,online,,ujb_dashboard_scrape,59,217ce27e7e0711c0858603b2b130372bb82c0484,VALID,
2026-08-24,08:51:21,2026,8,HEAD_TRUCK,152,90.61,online,,ujb_dashboard_scrape,60,0806b555aee8e9aa009a4118222440b371db06b6,VALID,
2026-08-24,08:49:56,2026,8,HEAD_TRUCK,183,77.35,online,,ujb_dashboard_scrape,61,7b5b9442c73dd2dbb0a49bbbd7d9b5bb2e4da045,VALID,
2026-08-24,08:49:03,2026,8,BUS,01,58.12,online,,ujb_dashboard_scrape,62,b0ff60c246e7ee656a0096aacf0d37ca59200417,VALID,
2026-08-24,08:47:03,2026,8,HEAD_TRUCK,186,64.28,online,,ujb_dashboard_scrape,63,30aa76d8bf77359b4cfd35690c9150a31283aafa,VALID,
2026-08-24,08:43:39,2026,8,HEAD_TRUCK,141,66.11,online,,ujb_dashboard_scrape,64,d46d24aada9336a61ab2436152078f509728fd50,VALID,
2026-08-24,08:42:25,2026,8,HEAD_TRUCK,210,63.56,online,,ujb_dashboard_scrape,65,57d7b3798183be9bd6e7d4bc780f3929bc6dc42e,VALID,
2026-08-24,08:40:25,2026,8,HEAD_TRUCK,163,65.28,online,,ujb_dashboard_scrape,66,c8635c110be372974bc4ee8e054b449e78489ec8,VALID,
2026-08-24,08:39:26,2026,8,HEAD_TRUCK,182,73.75,online,,ujb_dashboard_scrape,67,24700510f5d9d61133095206f77db99523a60961,VALID,
2026-08-24,08:38:25,2026,8,HEAD_TRUCK,212,87.84,online,,ujb_dashboard_scrape,68,1fcf930f8f6d5a4edd134d0d15e8bf2b43732321,VALID,
2026-08-24,08:36:18,2026,8,HEAD_TRUCK,194,144.82,online,,ujb_dashboard_scrape,69,ce4ff0306d5bd93df374ad925e99fe33ca0030a6,VALID,
2026-08-24,08:34:38,2026,8,HEAD_TRUCK,170,86.62,online,,ujb_dashboard_scrape,70,14424dd48924898650e98f2be5ac99ee828afab8,VALID,
2026-08-24,08:32:35,2026,8,HEAD_TRUCK,173,150.76,online,,ujb_dashboard_scrape,71,c4e0794fa36138d7b05709018b547ae778b96137,VALID,
2026-08-24,08:31:58,2026,8,HEAD_TRUCK,139,57.36,online,,ujb_dashboard_scrape,72,33c3e774faf3748253ea85d9e9ec8b2cd8c12016,VALID,
2026-08-24,08:29:06,2026,8,HEAD_TRUCK,144,66.48,online,,ujb_dashboard_scrape,73,9ae4006096a694136d48440a4e870f0414a44fc4,VALID,
2026-08-24,08:26:42,2026,8,HEAD_TRUCK,204,72.21,online,,ujb_dashboard_scrape,74,243fb81baeddda599e6c7ca00ffb6f7d373a8175,VALID,
2026-08-24,08:26:25,2026,8,HEAD_TRUCK,135,66.26,online,,ujb_dashboard_scrape,75,58b2ecd2c03fc3200436bffcc2b034e3e50f2035,VALID,
2026-08-24,08:23:58,2026,8,ELF,02,30.0,online,,ujb_dashboard_scrape,76,de821a8a591a9de561fd0224a71cc948ff456cdd,VALID,
2026-08-24,08:22:23,2026,8,ELF,01,30.0,online,,ujb_dashboard_scrape,77,860c02e6045ec23a027e408e22c25e9738e13720,VALID,
2026-08-24,08:20:06,2026,8,HEAD_TRUCK,216,47.43,online,,ujb_dashboard_scrape,78,0ac73f742112b7b4e4aa3249e64fe1f7cd35bd42,VALID,
2026-08-24,08:16:45,2026,8,HEAD_TRUCK,132,78.63,online,,ujb_dashboard_scrape,79,a711e77013b805173d8875f401f79b3aade0f3b6,VALID,
2026-08-24,08:14:22,2026,8,HEAD_TRUCK,147,77.86,online,,ujb_dashboard_scrape,80,bfd1ddfaf60567c2bf8a399c1a131c9084d8ddf9,VALID,
2026-08-24,08:14:12,2026,8,HEAD_TRUCK,214,82.69,online,,ujb_dashboard_scrape,81,da067850362496f5e74fb51e50b249e87db2f150,VALID,
2026-08-24,08:10:41,2026,8,HEAD_TRUCK,175,52.29,online,,ujb_dashboard_scrape,82,2e316521b3c00c543a14c3542d1ada4f96f87a6a,VALID,
2026-08-24,08:08:14,2026,8,HEAD_TRUCK,197,62.57,online,,ujb_dashboard_scrape,83,2aa88a75455a998e2fc8689f7eb1914c9b9bb24e,VALID,
2026-08-24,08:07:46,2026,8,HEAD_TRUCK,168,65.46,online,,ujb_dashboard_scrape,84,b91ca3e9959a74442aa77b46dfd15ad1b4227931,VALID,
2026-08-24,08:05:03,2026,8,HEAD_TRUCK,184,50.02,online,,ujb_dashboard_scrape,85,78896b698d89ed63a30b1b6a221a89437152d8bc,VALID,
2026-08-24,08:03:53,2026,8,HEAD_TRUCK,165,70.25,online,,ujb_dashboard_scrape,86,f928594ba84577cab75e55d667f8f1d6a00ed5fa,VALID,
2026-08-23,14:11:39,2026,8,HEAD_TRUCK,208,90.6,online,,ujb_dashboard_scrape,87,ce05026b86be9f20f2cbd1dd61121bf54bbaa39e,VALID,
2026-08-23,14:00:24,2026,8,HEAD_TRUCK,159,85.53,online,,ujb_dashboard_scrape,88,7059c5c10334b3a26938e457d4c2342daf6efd0d,VALID,
2026-08-23,13:53:10,2026,8,HEAD_TRUCK,195,72.49,online,,ujb_dashboard_scrape,89,1fb0b4f0cb0c67417a06269a16cf8fe0ff54f338,VALID,
2026-08-23,13:42:17,2026,8,FORKLIFT,26,18.58,online,,ujb_dashboard_scrape,90,6e2a91bd441ca5ac6ace399b2160b4972877d069,VALID,
2026-08-23,13:33:18,2026,8,HEAD_TRUCK,179,99.65,online,,ujb_dashboard_scrape,91,bc54b8a3c28ee54e678ef9d88dee27aa16754398,VALID,
2026-08-23,13:29:58,2026,8,KEND_OPS,RANGGA 04,39.85,online,,ujb_dashboard_scrape,92,7fa35dd783816dee3deb86558485c14d594b630c,VALID,
2026-08-23,13:26:37,2026,8,HEAD_TRUCK,153,102.73,online,,ujb_dashboard_scrape,93,69fc880d187908b3bb2defd1160a2406d4068947,VALID,
2026-08-23,13:18:18,2026,8,HEAD_TRUCK,149,92.9,online,,ujb_dashboard_scrape,94,ae26cb5cac4a0d794f60bda76bfe05c31bd987a5,VALID,
2026-08-23,13:06:58,2026,8,HEAD_TRUCK,166,37.37,online,,ujb_dashboard_scrape,95,f5610bc03d686308e515b80a3e4ea0de517b3eba,VALID,
2026-08-23,13:04:27,2026,8,HEAD_TRUCK,142,66.93,online,,ujb_dashboard_scrape,96,4867db9072f8ea0d69417c393b79c4462c367171,VALID,
2026-08-23,11:12:21,2026,8,HEAD_TRUCK,188,64.04,online,,ujb_dashboard_scrape,97,ea9b3c56a02eee306c460f133f80b3719d3c9673,VALID,
2026-08-23,11:03:46,2026,8,HEAD_TRUCK,189,85.14,online,,ujb_dashboard_scrape,98,7988a7650bee5ad9934fb5d40531410b90808add,VALID,
2026-08-23,10:58:26,2026,8,ELF,03,30.0,online,,ujb_dashboard_scrape,99,e0bc457cd02a72be5f3ec174287b267e43765e25,VALID,
2026-08-23,10:56:41,2026,8,HEAD_TRUCK,95,60.92,online,,ujb_dashboard_scrape,100,f0281bd4934ff2f88c508549d2a1bcab2ddfd585,VALID,
2026-08-23,10:49:46,2026,8,KEND_OPS,RANGGA 02,36.31,online,,ujb_dashboard_scrape,101,3e72434ec0b3723870861cbdb6821062391ad6a2,VALID,
2026-08-23,10:47:13,2026,8,HEAD_TRUCK,185,79.46,online,,ujb_dashboard_scrape,102,a57d7466af364903d3d1aaf27c907a694720b4eb,VALID,
2026-08-23,10:44:22,2026,8,HEAD_TRUCK,206,94.6,online,,ujb_dashboard_scrape,103,feefc3a52b4e21d41afdfe1a22349282f2931c6d,VALID,
2026-08-23,10:41:12,2026,8,HEAD_TRUCK,215,88.29,online,,ujb_dashboard_scrape,104,e7bb56355f7e1ce2267abe934e0bfcaaecf25b7a,VALID,
2026-08-23,10:38:06,2026,8,HEAD_TRUCK,205,105.23,online,,ujb_dashboard_scrape,105,5594c2e2ced6dae6a30d7b1fb20ea73ad471457f,VALID,
2026-08-23,10:35:28,2026,8,HEAD_TRUCK,135,89.8,online,,ujb_dashboard_scrape,106,3ccd2ce7e7a353d53a1b38cf156aa72c9ed03156,VALID,
2026-08-23,10:33:12,2026,8,BUS,03,56.95,online,,ujb_dashboard_scrape,107,5236c9b36e965c7a1ca534435e1fb00a76536d42,VALID,
2026-08-23,10:29:57,2026,8,HEAD_TRUCK,198,68.35,online,,ujb_dashboard_scrape,108,ddc7f23ffac77cc8298cacdd74cdf9fbce377ab6,VALID,
2026-08-23,10:21:00,2026,8,HEAD_TRUCK,171,116.51,online,,ujb_dashboard_scrape,109,3d205f3cb79dca803b12c3e4788fe13cb87f2ec8,VALID,
2026-08-23,10:18:35,2026,8,HEAD_TRUCK,143,73.31,online,,ujb_dashboard_scrape,110,5c115c9dc94eb92018ee3ae89e6146a724361d64,VALID,
2026-08-23,10:16:23,2026,8,HEAD_TRUCK,212,70.66,online,,ujb_dashboard_scrape,111,4fa8864d08733d5d8184bff3d9ea8057a29f5a46,VALID,
2026-08-23,10:14:28,2026,8,HEAD_TRUCK,133,70.17,online,,ujb_dashboard_scrape,112,303c0bca0b90be672b7cba1ce3e67bfc2f440395,VALID,
2026-08-23,10:13:39,2026,8,HEAD_TRUCK,186,78.74,online,,ujb_dashboard_scrape,113,64d99d006dd406d417a7ed69055639199e328d4a,VALID,
2026-08-23,10:11:22,2026,8,HEAD_TRUCK,145,67.76,online,,ujb_dashboard_scrape,114,9750312e62cc61aa60abe31303bc8287fde3153a,VALID,
2026-08-23,10:09:27,2026,8,HEAD_TRUCK,150,76.67,online,,ujb_dashboard_scrape,115,a4af707fcb2e18335a0babf8d93e9720029c4787,VALID,
2026-08-23,10:06:59,2026,8,ELF,02,30.0,online,,ujb_dashboard_scrape,116,8d4647f2e7e6c4a026ef8a7eeea40f22d6770a41,VALID,
2026-08-23,10:01:37,2026,8,HEAD_TRUCK,211,92.95,online,,ujb_dashboard_scrape,117,3947c8422e133c3a5a7f3025d434e51f4d8ed4c4,VALID,
2026-08-23,09:58:20,2026,8,HEAD_TRUCK,165,60.6,online,,ujb_dashboard_scrape,118,c02b5a4af9c1f7c046ac5160eb64f93d092ea4c7,VALID,
2026-08-23,09:56:26,2026,8,HEAD_TRUCK,155,62.92,online,,ujb_dashboard_scrape,119,a9623722744dcd174bd65366fa3244fcbc8b6f5e,VALID,
2026-08-23,09:54:03,2026,8,HEAD_TRUCK,163,69.58,online,,ujb_dashboard_scrape,120,c28c348297ea780203dbcf42038ff5635158a23e,VALID,
2026-08-23,09:51:53,2026,8,HEAD_TRUCK,197,76.1,online,,ujb_dashboard_scrape,121,16cb27c6b93a161a2717b96a01702d0fd212e469,VALID,
2026-08-23,09:51:32,2026,8,HEAD_TRUCK,209,89.29,online,,ujb_dashboard_scrape,122,300b5491aa6949ef92616ebfe27deca6fd4d827f,VALID,
2026-08-23,09:48:37,2026,8,HEAD_TRUCK,183,77.24,online,,ujb_dashboard_scrape,123,9049fef81f2f65f08d40ab79c7a12ba96dd8cd72,VALID,
2026-08-23,09:48:16,2026,8,HEAD_TRUCK,214,78.81,online,,ujb_dashboard_scrape,124,83a5bdc9042bceaba6c4164fa85922504cd36656,VALID,
2026-08-23,09:46:35,2026,8,HEAD_TRUCK,190,54.23,online,,ujb_dashboard_scrape,125,6357a34cf328f49dadacf301a66c69fc78680a3e,VALID,
2026-08-23,09:37:44,2026,8,HEAD_TRUCK,137,71.15,online,,ujb_dashboard_scrape,126,27d9d2c3a0b4c012b4196cc809c956d39c7d81e5,VALID,
2026-08-23,09:34:19,2026,8,HEAD_TRUCK,154,77.01,online,,ujb_dashboard_scrape,127,1c84d925c44f29050d8f10b6a547b410be74a640,VALID,
2026-08-23,09:32:06,2026,8,HEAD_TRUCK,192,74.19,online,,ujb_dashboard_scrape,128,1cdbe26717fc698df8176d0a6c2aea7209fcd21b,VALID,
2026-08-23,09:31:17,2026,8,HEAD_TRUCK,157,54.76,online,,ujb_dashboard_scrape,129,61cf1b4e737f799a3926e63db070fb0df142b0e6,VALID,
2026-08-23,09:28:17,2026,8,ELF,01,30.0,online,,ujb_dashboard_scrape,130,2f632a700305608036aa74e0b57c0976afd8ba3e,VALID,
2026-08-23,09:28:03,2026,8,HEAD_TRUCK,196,69.33,online,,ujb_dashboard_scrape,131,0b860da6012e61935bbc60a4851e430eb7a41594,VALID,
2026-08-23,09:25:38,2026,8,HEAD_TRUCK,141,94.34,online,,ujb_dashboard_scrape,132,9daccf151ca03080c64ca44054eb7456242c9f67,VALID,
2026-08-23,09:22:33,2026,8,HEAD_TRUCK,204,65.26,online,,ujb_dashboard_scrape,133,4c4c53ba5f6f1a410f470e8e70f11be917144750,VALID,
2026-08-23,09:20:11,2026,8,HEAD_TRUCK,175,71.47,online,,ujb_dashboard_scrape,134,354bbd6335a781411c3a01dc9d2a6b8da99ce4de,VALID,
2026-08-23,09:19:27,2026,8,HEAD_TRUCK,168,75.41,online,,ujb_dashboard_scrape,135,505a9a040dd7881c1f41a3ce662e342871a3b1ec,VALID,
2026-08-23,09:17:05,2026,8,HEAD_TRUCK,216,70.76,online,,ujb_dashboard_scrape,136,66ea8dacc53026fc609aca5d41c63c66b9ab29ef,VALID,
2026-08-23,09:16:05,2026,8,HEAD_TRUCK,139,73.57,online,,ujb_dashboard_scrape,137,687f4f34bcb7b39194966685cd791fc4610b4516,VALID,
2026-08-23,09:13:32,2026,8,HEAD_TRUCK,207,76.07,online,,ujb_dashboard_scrape,138,db402153bc4ffcb5aeec7d67d59d2ffb24ce577a,VALID,
2026-08-23,09:12:43,2026,8,HEAD_TRUCK,132,74.83,online,,ujb_dashboard_scrape,139,29a3efaf3edab15b4cf9638d67a8f5f03d173686,VALID,
2026-08-23,09:10:23,2026,8,HEAD_TRUCK,144,71.9,online,,ujb_dashboard_scrape,140,7973da30b13b983619f18c6dad2c3afc66bfffdc,VALID,
2026-08-23,09:08:21,2026,8,HEAD_TRUCK,140,79.3,online,,ujb_dashboard_scrape,141,f88f4789ef6719977f26f0478871bf6a55a87e9c,VALID,
2026-08-23,09:06:29,2026,8,HEAD_TRUCK,158,92.35,online,,ujb_dashboard_scrape,142,eee232967ae95e3c069dc826ef984b94a6fcaea2,VALID,
2026-08-23,09:04:16,2026,8,HEAD_TRUCK,164,67.31,online,,ujb_dashboard_scrape,143,5b5eae1440319d17bd5762dd17137cc2ddda7b7a,VALID,
2026-08-23,09:02:18,2026,8,HEAD_TRUCK,170,84.1,online,,ujb_dashboard_scrape,144,db17065ea36c9522c7e187267d6d30184c353bba,VALID,
2026-08-23,09:00:13,2026,8,HEAD_TRUCK,156,76.27,online,,ujb_dashboard_scrape,145,20660d66664d226c8c119e7b426a154d36b08c0c,VALID,
2026-08-23,08:57:58,2026,8,HEAD_TRUCK,131,78.09,online,,ujb_dashboard_scrape,146,2934451c47797f797c2fc71d206c0ce2b37bcdd8,VALID,
2026-08-23,08:57:36,2026,8,HEAD_TRUCK,201,59.27,online,,ujb_dashboard_scrape,147,7bd314d433eae0c64478a94a9922f029efe39025,VALID,
2026-08-23,08:55:09,2026,8,HEAD_TRUCK,147,87.96,online,,ujb_dashboard_scrape,148,7dd1d94a36db99a6c6229524dca0ba667a50189a,VALID,
2026-08-23,08:54:25,2026,8,HEAD_TRUCK,191,78.72,online,,ujb_dashboard_scrape,149,c513dfd0695612a22a9d9ae69c6a45d8607bcc65,VALID,
2026-08-23,08:52:02,2026,8,HEAD_TRUCK,161,75.69,online,,ujb_dashboard_scrape,150,4c3a64e69ceaf09d9de4b86e4489fde5c81d4419,VALID,
2026-08-23,08:51:15,2026,8,HEAD_TRUCK,199,69.93,online,,ujb_dashboard_scrape,151,09938209b8652883601639d8f1256270971a6c9f,VALID,
2026-08-23,08:49:11,2026,8,HEAD_TRUCK,136,75.44,online,,ujb_dashboard_scrape,152,3c229785c209107cb1ac603f161ba323d9e4a593,VALID,
2026-08-23,08:48:27,2026,8,HEAD_TRUCK,174,76.17,online,,ujb_dashboard_scrape,153,bc1a8328008e31ef0c53beccea0f8e215ebf06c7,VALID,
2026-08-23,08:47:07,2026,8,HEAD_TRUCK,162,71.15,online,,ujb_dashboard_scrape,154,5c109f2a767f2a902402dea7e7fe305ef67aa2ac,VALID,
2026-08-23,08:44:53,2026,8,HEAD_TRUCK,213,80.51,online,,ujb_dashboard_scrape,155,da2b76c1c9b37cba286a63f52c3bba861561aaca,VALID,
2026-08-23,08:42:50,2026,8,HEAD_TRUCK,138,64.5,online,,ujb_dashboard_scrape,156,7e8c45ef0218e603fb341e54522dc0fc216d9286,VALID,
2026-08-23,08:42:03,2026,8,HEAD_TRUCK,181,80.51,online,,ujb_dashboard_scrape,157,01195177b7c0b434db2e2f48b9e82e11b3f09721,VALID,
2026-08-23,08:37:37,2026,8,HEAD_TRUCK,184,29.86,online,,ujb_dashboard_scrape,158,78fcc31cd59492ad0fba5ba6dc89d180204d00da,VALID,
2026-08-23,08:37:18,2026,8,HEAD_TRUCK,152,92.31,online,,ujb_dashboard_scrape,159,0d48fc8fb72059c25c9646854c35d168050fe35c,VALID,
2026-08-23,08:29:19,2026,8,HEAD_TRUCK,210,91.76,online,,ujb_dashboard_scrape,160,f325fa768f693aa8eee4b4f2f3d94683f9e1a38d,VALID,
2026-08-23,08:28:03,2026,8,KEND_OPS,RANGGA 13,40.0,online,,ujb_dashboard_scrape,161,eb31d145f8c1b7643f2794305bafa9553cf699d0,VALID,
2026-08-23,08:25:41,2026,8,HEAD_TRUCK,182,67.22,online,,ujb_dashboard_scrape,162,36e05493333bffe07ad72ee4bd5e5adce524bf94,VALID,
2026-08-23,08:23:22,2026,8,HEAD_TRUCK,202,68.68,online,,ujb_dashboard_scrape,163,cf9d0c6dc2750ba07a082c9195a05db3a5cc2182,VALID,
2026-08-23,08:21:00,2026,8,HEAD_TRUCK,177,64.74,online,,ujb_dashboard_scrape,164,0aa0a83f0e766f756899270fb0992ff6bb50f36a,VALID,
2026-08-23,08:20:42,2026,8,HEAD_TRUCK,148,76.06,online,,ujb_dashboard_scrape,165,f2cd7853b7ca9413bb9f0ab3e761401779d2bb90,VALID,
2026-08-23,08:18:01,2026,8,BUS,02,42.98,online,,ujb_dashboard_scrape,166,0a4aaccc8c7fc79dc14493b2cb4c3e15117142d1,VALID,
2026-08-23,08:14:51,2026,8,BUS,01,50.96,online,,ujb_dashboard_scrape,167,f24839e7600eb7188e9a5f9c487a6d5026a70493,VALID,
2026-08-23,08:13:20,2026,8,HEAD_TRUCK,178,83.78,online,,ujb_dashboard_scrape,168,3aae5acd83e26b79e65edaf7be86ac6435e911c4,VALID,
2026-08-23,08:10:02,2026,8,HEAD_TRUCK,193,86.47,online,,ujb_dashboard_scrape,169,0150887412c42ff907322d9b4683b661936eaedf,VALID,
2026-08-23,08:09:07,2026,8,HEAD_TRUCK,169,185.09,online,,ujb_dashboard_scrape,170,4e960d574d216376556176811a1e941df77ae82d,VALID,
2026-08-23,08:05:20,2026,8,HEAD_TRUCK,128,83.19,online,,ujb_dashboard_scrape,171,17970176a7c1fcdf6efed4f9f5972f89d3e547d5,VALID,
2026-08-22,14:25:39,2026,8,KEND_OPS,RANGGA 03,37.57,online,,ujb_dashboard_scrape,172,2599d48427200f98d9cfd6659035881da9541f7f,VALID,
2026-08-22,14:09:26,2026,8,HEAD_TRUCK,188,82.35,online,,ujb_dashboard_scrape,173,0a7fee87183f6f1ccdf3bcfac30f1125a81357c9,VALID,
2026-08-22,13:51:33,2026,8,HEAD_TRUCK,157,20.86,online,,ujb_dashboard_scrape,174,2ea171092cb6023cfc7ddb6ae8091418d0771eed,VALID,
2026-08-22,13:50:03,2026,8,FORKLIFT,26,30.9,online,,ujb_dashboard_scrape,175,507d57fb171f032c7c4f650780455960729ce9c7,VALID,
2026-08-22,13:48:18,2026,8,HEAD_TRUCK,142,37.18,online,,ujb_dashboard_scrape,176,d97fbc1f39c0c143b6f44050976cd1a8c4563e5a,VALID,
2026-08-22,13:45:54,2026,8,HEAD_TRUCK,198,25.77,online,,ujb_dashboard_scrape,177,626c833653a888d584ad316fd629ffd15b27809b,VALID,
2026-08-22,13:38:53,2026,8,HEAD_TRUCK,212,57.23,online,,ujb_dashboard_scrape,178,ce9985dfde274ffcb1fed75440bc1beb5eef54f3,VALID,
2026-08-22,13:33:59,2026,8,HEAD_TRUCK,162,59.09,online,,ujb_dashboard_scrape,179,e4216df5cc724ed0d8568e24ab5b33d10452c86a,VALID,
2026-08-22,13:16:18,2026,8,HEAD_TRUCK,138,55.43,online,,ujb_dashboard_scrape,180,b4222fbc3d28b3c2074db43098b856ae3177fffc,VALID,
2026-08-22,13:12:08,2026,8,HEAD_TRUCK,195,25.37,online,,ujb_dashboard_scrape,181,8fddbfb906dee3f344139e6932ee1ea6130269fa,VALID,
2026-08-22,13:06:37,2026,8,HEAD_TRUCK,201,35.94,online,,ujb_dashboard_scrape,182,27014896c2e17c4dfbd46a3131e7c9ad787b4564,VALID,
2026-08-22,13:00:02,2026,8,HEAD_TRUCK,132,45.02,online,,ujb_dashboard_scrape,183,f9c2669e0da271abfb21e891b105c96e6caae461,VALID,
2026-08-22,12:53:28,2026,8,HEAD_TRUCK,205,32.88,online,,ujb_dashboard_scrape,184,15d095051ff9a5ee0e67aa8292f23e1c529865cc,VALID,
2026-08-22,12:51:23,2026,8,HEAD_TRUCK,143,38.72,online,,ujb_dashboard_scrape,185,e68c689e3638290392ec5d59d01fbe53dedf518d,VALID,
2026-08-22,11:57:04,2026,8,KEND_OPS,AD 8137 OH,40.0,online,,ujb_dashboard_scrape,186,53befd4d8bb23896db14f21a3ffc5770a9e0f198,VALID,
2026-08-22,11:19:33,2026,8,HEAD_TRUCK,215,41.97,online,,ujb_dashboard_scrape,187,1b2c10ef49ada8b1ab3c08f1f9f22f9d5684ca3b,VALID,
2026-08-22,11:12:05,2026,8,HEAD_TRUCK,145,44.0,online,,ujb_dashboard_scrape,188,3ca624871bc5b078fa918cf831fe5671fcdffb1a,VALID,
2026-08-22,10:54:39,2026,8,HEAD_TRUCK,156,30.96,online,,ujb_dashboard_scrape,189,43b5821326cd8be13c48eeec9e99bda7d611344c,VALID,
2026-08-22,10:52:45,2026,8,KEND_OPS,RANGGA 15,17.24,online,,ujb_dashboard_scrape,190,d66ac3f3622b93c5f868fd39d9a01aef135a95db,VALID,
2026-08-22,10:51:04,2026,8,KEND_OPS,RANGGA 16,27.71,online,,ujb_dashboard_scrape,191,3af9e6b483148d9e0bbf8520b5ef438c99db6fc1,VALID,
2026-08-22,10:30:00,2026,8,HEAD_TRUCK,190,22.09,online,,ujb_dashboard_scrape,192,35f2ed36b22694b262869776271ae382fa58fd4d,VALID,
2026-08-22,10:25:19,2026,8,HEAD_TRUCK,184,7.0,online,,ujb_dashboard_scrape,193,7f429f3133b04849d8c6f45aef0105fe9f617d1e,VALID,
2026-08-22,10:24:06,2026,8,HEAD_TRUCK,152,17.92,online,,ujb_dashboard_scrape,194,80bfa9fb11ea8879b1cb27888b2ec8140f3a81d1,VALID,
2026-08-22,10:22:28,2026,8,HEAD_TRUCK,196,31.9,online,,ujb_dashboard_scrape,195,40441ae75e5c435c72a9a32ab45f66234fc1b742,VALID,
2026-08-22,10:20:23,2026,8,KEND_OPS,ENGINEERING,21.6,online,,ujb_dashboard_scrape,196,fbb8eff4c09e8fce79e3096adec2fbd290702512,VALID,
2026-08-22,10:17:37,2026,8,HEAD_TRUCK,150,22.15,online,,ujb_dashboard_scrape,197,793c469651b4ac7ba9a6332c51f627bf4bcf7941,VALID,
2026-08-22,10:06:53,2026,8,HEAD_TRUCK,154,16.05,online,,ujb_dashboard_scrape,198,3602b25a199fa5d79d95551643e4c40b3f2978bb,VALID,
2026-08-22,10:05:32,2026,8,HEAD_TRUCK,191,13.27,online,,ujb_dashboard_scrape,199,54856f8db1a4532579dbefae8666048629794efa,VALID,
2026-08-22,10:03:40,2026,8,HEAD_TRUCK,155,21.3,online,,ujb_dashboard_scrape,200,167fcd9e72d60dc8fafb41793be91f5d9b0faad1,VALID,
2026-08-22,10:01:40,2026,8,HEAD_TRUCK,137,30.75,online,,ujb_dashboard_scrape,201,e883a50bc553a4141a548d7c9fe858ddb3f174e3,VALID,
2026-08-22,09:55:53,2026,8,HEAD_TRUCK,164,19.9,online,,ujb_dashboard_scrape,202,ee4c4e1c8d1eb75120193f7a25f94a704b448c0a,VALID,
2026-08-22,09:53:51,2026,8,HEAD_TRUCK,175,6.62,online,,ujb_dashboard_scrape,203,a5bb0cfa3075714b053619986d1cd453d05831b4,VALID,
2026-08-22,09:53:05,2026,8,HEAD_TRUCK,163,67.59,online,,ujb_dashboard_scrape,204,907364a48b3d9e9ed9abb01baa292dd345506622,VALID,
2026-08-22,09:48:52,2026,8,BUS,03,57.28,online,,ujb_dashboard_scrape,205,5407714fbbd8ea9d08ecf136f928b6de7df50db9,VALID,
2026-08-22,09:39:16,2026,8,HEAD_TRUCK,139,35.43,online,,ujb_dashboard_scrape,206,26e3ba784a187400878cb8bac25b593c0c8a9a02,VALID,
2026-08-22,09:38:04,2026,8,HEAD_TRUCK,185,21.97,online,,ujb_dashboard_scrape,207,de4be4488159deb412d9324c3c76c5448ecb357a,VALID,
2026-08-22,09:36:29,2026,8,BUS,02,38.4,online,,ujb_dashboard_scrape,208,42c8e31dcf2947e905f8685ee415d6d8479f8032,VALID,
2026-08-22,09:33:03,2026,8,HEAD_TRUCK,165,14.09,online,,ujb_dashboard_scrape,209,0e00a37c23b03188cea5d5e5def8015442d5230b,VALID,
2026-08-22,09:31:45,2026,8,HEAD_TRUCK,171,78.26,online,,ujb_dashboard_scrape,210,bac40165791d155a7b8a1dc2c699bbe818456cf2,VALID,
2026-08-22,09:29:44,2026,8,HEAD_TRUCK,170,27.82,online,,ujb_dashboard_scrape,211,a3003570a99a689889e8d6e51450f849dc81d74b,VALID,
2026-08-22,09:28:03,2026,8,HEAD_TRUCK,151,10.5,online,,ujb_dashboard_scrape,212,3e377d5be3a1c01b8a6afc739db9a18058ec43d0,VALID,
2026-08-22,09:27:01,2026,8,HEAD_TRUCK,178,18.2,online,,ujb_dashboard_scrape,213,bc65d67ea53cba87bf8618a46135ca835edc32f1,VALID,
2026-08-22,09:26:11,2026,8,HEAD_TRUCK,144,19.9,online,,ujb_dashboard_scrape,214,947941985b44f387fada23926cbd70368e04a68c,VALID,
2026-08-22,09:24:26,2026,8,HEAD_TRUCK,159,28.79,online,,ujb_dashboard_scrape,215,3d85ff7ab08a8849ae105044e4d3a76ec70e5f14,VALID,
2026-08-22,09:23:12,2026,8,HEAD_TRUCK,174,23.71,online,,ujb_dashboard_scrape,216,7f9628bf33968a6c7bd5775991490d2a92243bb5,VALID,
2026-08-22,09:21:58,2026,8,HEAD_TRUCK,95,25.8,online,,ujb_dashboard_scrape,217,fa36b5efb21daa88324abd9e825196cfa3267375,VALID,
2026-08-22,09:20:42,2026,8,HEAD_TRUCK,197,20.44,online,,ujb_dashboard_scrape,218,bdf3f3a902fa86e96f4dd1c301d5aeb99beec721,VALID,
2026-08-22,09:19:36,2026,8,HEAD_TRUCK,135,18.55,online,,ujb_dashboard_scrape,219,5be7cafe36748364800c3ac58bb0f790e2e0c3e3,VALID,
2026-08-22,09:18:15,2026,8,HEAD_TRUCK,182,8.68,online,,ujb_dashboard_scrape,220,3626be51fc801a27f287278cc1c6f4a989f06d2f,VALID,
2026-08-22,09:17:21,2026,8,HEAD_TRUCK,136,40.66,online,,ujb_dashboard_scrape,221,30a2f4c842c8bab21bf266ae6832eba1a47503fb,VALID,
2026-08-22,09:15:48,2026,8,ELF,03,30.0,online,,ujb_dashboard_scrape,222,35c16da4aa298aa4dfd15783d020902a060166af,VALID,
2026-08-22,09:14:20,2026,8,HEAD_TRUCK,206,43.67,online,,ujb_dashboard_scrape,223,46cd9925caae0d2fff1c0fbcd2beb0463cfa660f,VALID,
2026-08-22,09:10:21,2026,8,HEAD_TRUCK,210,64.43,online,,ujb_dashboard_scrape,224,56c7aed47990ddf37904c176a168d31921895994,VALID,
2026-08-22,09:00:49,2026,8,HEAD_TRUCK,216,18.79,online,,ujb_dashboard_scrape,225,507c1d5d20439cee17fffd2951c8fe652a6cbc01,VALID,
2026-08-22,08:58:21,2026,8,HEAD_TRUCK,167,24.47,online,,ujb_dashboard_scrape,226,2b5518b9bbbc6636b75be3ec405257ad8d9ce1b4,VALID,
2026-08-22,08:55:59,2026,8,HEAD_TRUCK,131,40.07,online,,ujb_dashboard_scrape,227,4b518e398283386952b7ae70ccb1a7d88e76f80f,VALID,
2026-08-22,08:52:04,2026,8,ELF,02,30.0,online,,ujb_dashboard_scrape,228,3e80a30b493c388f4d0e697e111d17e31d420892,VALID,
2026-08-22,08:50:53,2026,8,HEAD_TRUCK,133,27.3,online,,ujb_dashboard_scrape,229,c2097e625296aadcc5b272084a05c39597a47f30,VALID,
2026-08-22,08:49:04,2026,8,HEAD_TRUCK,179,6.84,online,,ujb_dashboard_scrape,230,a60b02fec976f2d7346b509204558b4cf2fbd881,VALID,
2026-08-22,08:41:18,2026,8,HEAD_TRUCK,202,28.22,online,,ujb_dashboard_scrape,231,1151f509237e13a15f7c4b3030da4cb2b75dda2a,VALID,
2026-08-22,08:39:06,2026,8,ELF,01,30.0,online,,ujb_dashboard_scrape,232,261bb7b3dcc9ed7ba27073b4fa123e7d3000f7f5,VALID,
2026-08-22,08:37:09,2026,8,HEAD_TRUCK,204,27.78,online,,ujb_dashboard_scrape,233,b45c97e19fe0c785b00a3300fa3f7579281e2ed7,VALID,
2026-08-22,08:35:07,2026,8,BUS,01,57.65,online,,ujb_dashboard_scrape,234,dc45dd0f8555c48107f2e07ed157be14c7e6d994,VALID,
2026-08-22,08:28:11,2026,8,HEAD_TRUCK,153,47.86,online,,ujb_dashboard_scrape,235,2952090816453555b58078ffa37de2c7e6357aa4,VALID,
2026-08-22,08:26:32,2026,8,HEAD_TRUCK,166,19.59,online,,ujb_dashboard_scrape,236,308c6f6183507cc7025cb12db1a142b649098e12,VALID,
2026-08-22,08:25:11,2026,8,HEAD_TRUCK,214,30.05,online,,ujb_dashboard_scrape,237,3a9bec013892a258e8337ebbef35a65eb25a332e,VALID,
2026-08-22,08:23:29,2026,8,HEAD_TRUCK,141,8.72,online,,ujb_dashboard_scrape,238,66a572158bfc56626d7e5e1fb28c8984d63deab7,VALID,
2026-08-22,08:22:19,2026,8,HEAD_TRUCK,208,21.81,online,,ujb_dashboard_scrape,239,ac2a6d308c89822cdf6ec557cf04c974987b41fa,VALID,
2026-08-22,08:21:04,2026,8,HEAD_TRUCK,205,48.57,online,,ujb_dashboard_scrape,240,1f9f813927f9a89b2d661928d3fd6e4c30dc05b5,VALID,
2026-08-22,08:19:20,2026,8,HEAD_TRUCK,213,37.52,online,,ujb_dashboard_scrape,241,f2a216056c5f0bbdbefcd8bed3a5db32418225ec,VALID,
2026-08-22,08:18:09,2026,8,HEAD_TRUCK,193,26.38,online,,ujb_dashboard_scrape,242,e7f464f250bf2b5200fb3e26e41eb47ff259b732,VALID,
2026-08-22,08:16:55,2026,8,HEAD_TRUCK,148,28.99,online,,ujb_dashboard_scrape,243,b1342a93fab892e97632f1ec47e716fccc13c162,VALID,
2026-08-22,08:15:40,2026,8,HEAD_TRUCK,194,40.22,online,,ujb_dashboard_scrape,244,77ebacc8e5f005301a2ae4d27fb1991456ba23ac,VALID,
2026-08-22,08:14:23,2026,8,HEAD_TRUCK,140,39.16,online,,ujb_dashboard_scrape,245,54d2c652cce1b267c9a61a1d42322db33885cace,VALID,
2026-08-22,08:13:17,2026,8,HEAD_TRUCK,181,25.14,online,,ujb_dashboard_scrape,246,71b8d3e51b03d5ce4b17ddc1ae4396f384f0af65,VALID,
2026-08-22,08:11:51,2026,8,HEAD_TRUCK,211,43.69,online,,ujb_dashboard_scrape,247,8df1dda5da08c53bb30dc5f35b7273bb1de00b4a,VALID,
2026-08-22,08:10:44,2026,8,HEAD_TRUCK,186,22.14,online,,ujb_dashboard_scrape,248,dd5e54d3e69b81a8e49c88a1ccec59f310986f18,VALID,
2026-08-22,08:09:32,2026,8,HEAD_TRUCK,158,20.47,online,,ujb_dashboard_scrape,249,168b6a7e9d235d678e3e5d7d5d6c4ac6a6158715,VALID,
2026-08-22,08:08:36,2026,8,HEAD_TRUCK,189,8.56,online,,ujb_dashboard_scrape,250,a3127f105b0746792dbb2b6900817952916681d5,VALID,
2026-08-22,08:07:23,2026,8,HEAD_TRUCK,209,45.53,online,,ujb_dashboard_scrape,251,1ddffc74a0331da04ef9aeec41fbbabada613aad,VALID,
2026-08-22,08:06:04,2026,8,HEAD_TRUCK,177,10.97,online,,ujb_dashboard_scrape,252,3746dcf943e1f5b5fdd8d882e2fc162ddc7ba4d3,VALID,
2026-08-22,08:05:47,2026,8,HEAD_TRUCK,147,22.9,online,,ujb_dashboard_scrape,253,a8db66ad1bc380f26117697c284837724d688178,VALID,
2026-08-22,08:04:02,2026,8,HEAD_TRUCK,207,46.26,online,,ujb_dashboard_scrape,254,9421b2330c31ad5b2fdd861710ebc6e176ea016c,VALID,
2026-08-22,08:03:30,2026,8,HEAD_TRUCK,192,13.56,online,,ujb_dashboard_scrape,255,e5cc2126956fbb3a402c47d4b559a3ba16318cb2,VALID,
2026-08-21,14:33:41,2026,8,KEND_OPS,B 9080 VE,44.86,online,,ujb_dashboard_scrape,256,b0e3b2e71dcc9f6f995e21cfa79a6ee3de0aec33,VALID,
2026-08-21,14:18:22,2026,8,BUS,02,50.0,online,,ujb_dashboard_scrape,257,04a16f7ba00a00eddae6c8856bcfdf200662cdae,VALID,
2026-08-21,13:56:40,2026,8,HEAD_TRUCK,170,38.68,online,,ujb_dashboard_scrape,258,7b0086dc0616cc0c3ca2fa08bc2e1ebd38ac1283,VALID,
2026-08-21,13:46:17,2026,8,KEND_OPS,RANGGA 04,29.94,online,,ujb_dashboard_scrape,259,2d312d57b0d2d24b24da24719e88e4b8879c0fdf,VALID,
2026-08-21,13:42:36,2026,8,HEAD_TRUCK,147,36.35,online,,ujb_dashboard_scrape,260,095ef76fee54a611a8b8e2dde2d88a90d33a886b,VALID,
2026-08-21,13:18:44,2026,8,HEAD_TRUCK,164,85.79,online,,ujb_dashboard_scrape,261,4db894b0ecb8e28a0654464d2282af937ad6f9cb,VALID,
2026-08-21,13:15:19,2026,8,KEND_OPS,HILUX 03,36.88,online,,ujb_dashboard_scrape,262,00e3cc2465629702cc9363cc8aa46f7bf901027b,VALID,
2026-08-21,11:04:11,2026,8,HEAD_TRUCK,142,61.84,online,,ujb_dashboard_scrape,263,e73619aa1215afb960cd8c67b69486dae69a7c50,VALID,
2026-08-21,10:59:27,2026,8,KEND_OPS,HILUX 02,40.0,online,,ujb_dashboard_scrape,264,82878bac3687c0ca6cd1dd9e4d34929ca608de75,VALID,
2026-08-21,10:53:38,2026,8,HEAD_TRUCK,165,62.67,online,,ujb_dashboard_scrape,265,4288d1862fab1c216a3cb53c33bb5bfd20e5903e,VALID,
2026-08-21,10:51:00,2026,8,HEAD_TRUCK,199,20.79,online,,ujb_dashboard_scrape,266,2b8acc147b93b91886572694675bb69bd59d7105,VALID,
2026-08-21,10:34:53,2026,8,HEAD_TRUCK,151,88.12,online,,ujb_dashboard_scrape,267,5b262dfd491555911e9f2fa48a782e3106cc3632,VALID,
2026-08-21,10:32:31,2026,8,BUS,03,50.68,online,,ujb_dashboard_scrape,268,5c9bbbd98a23a7e3f253fa9f0ae66ae0c6f7b54c,VALID,
2026-08-21,10:30:35,2026,8,HEAD_TRUCK,143,67.7,online,,ujb_dashboard_scrape,269,f380a65def0cdc6ef7f491dd34d0d718979f308f,VALID,
2026-08-21,10:27:42,2026,8,HEAD_TRUCK,213,65.1,online,,ujb_dashboard_scrape,270,a2a30ea46f865c85b858a1e27a26480535cdec03,VALID,
2026-08-21,10:25:14,2026,8,KEND_OPS,AMBULANCE,18.05,online,,ujb_dashboard_scrape,271,1b6538b6bba968de1af27e883196f2034a37751a,VALID,
2026-08-21,10:21:06,2026,8,HEAD_TRUCK,202,58.37,online,,ujb_dashboard_scrape,272,edd8ddc6fea241891545c913d18a385c75932ed4,VALID,
2026-08-21,10:18:38,2026,8,KEND_OPS,GALMON 09,77.92,online,,ujb_dashboard_scrape,273,0e6a9e69e0c78d6050de792252a729b097b3d498,VALID,
2026-08-21,10:15:09,2026,8,KEND_OPS,POLISI,26.74,online,,ujb_dashboard_scrape,274,d2a66ca821a5cb1d7387d0d93585e488ca4c3e11,VALID,
2026-08-21,10:11:03,2026,8,HEAD_TRUCK,179,37.26,online,,ujb_dashboard_scrape,275,98f09c62b1ae47cfb78372c1533e67b073d45d16,VALID,
2026-08-21,10:05:28,2026,8,HEAD_TRUCK,212,82.14,online,,ujb_dashboard_scrape,276,cb549dc13cb6ff3d080d468dd2e23678b644e36e,VALID,
2026-08-21,10:02:44,2026,8,HEAD_TRUCK,191,62.63,online,,ujb_dashboard_scrape,277,2e2a54f36e39f7b8400ebd914878f2a48ee7896e,VALID,
2026-08-21,10:00:16,2026,8,HEAD_TRUCK,149,29.45,online,,ujb_dashboard_scrape,278,01d943e9d7ecdc68c1a15eea9ce5318d595c5ed1,VALID,
2026-08-21,09:52:32,2026,8,HEAD_TRUCK,145,60.24,online,,ujb_dashboard_scrape,279,39402827cc533ad0529cc0ee35b9b761f36d4bd8,VALID,
2026-08-21,09:50:22,2026,8,HEAD_TRUCK,189,18.93,online,,ujb_dashboard_scrape,280,b0e2ecb699152e5580260a3a04c47130cece08dd,VALID,
2026-08-21,09:50:04,2026,8,HEAD_TRUCK,186,6.81,online,,ujb_dashboard_scrape,281,b6de1f32726254d905ac823c49b477cbf346c482,VALID,
2026-08-21,09:46:25,2026,8,HEAD_TRUCK,137,23.9,online,,ujb_dashboard_scrape,282,f822fb5e6786c7a156b3afc32eca4b0a4eb7381b,VALID,
2026-08-21,09:46:05,2026,8,HEAD_TRUCK,177,58.75,online,,ujb_dashboard_scrape,283,0ee52cd558fbae272065fbcc5741a518d9b5fec8,VALID,
2026-08-21,09:44:20,2026,8,HEAD_TRUCK,144,44.42,online,,ujb_dashboard_scrape,284,7f038845ca2c77ba6e2debe231cb48ddc77240b2,VALID,
2026-08-21,09:42:04,2026,8,HEAD_TRUCK,141,34.15,online,,ujb_dashboard_scrape,285,d24b3274e08b1d2e9e0f963c4b600b7e9903c181,VALID,
2026-08-21,09:38:23,2026,8,HEAD_TRUCK,208,64.91,online,,ujb_dashboard_scrape,286,7bbaea3e911a589f874e35acdfa475b700c5eaf0,VALID,
2026-08-21,09:35:12,2026,8,HEAD_TRUCK,208,15.71,online,,ujb_dashboard_scrape,287,d00ec04039720d36197f1eb83901e9754bc5ba5b,VALID,
2026-08-21,09:33:29,2026,8,HEAD_TRUCK,207,71.39,online,,ujb_dashboard_scrape,288,b497390da2e5dc52b50d6c0d788d2ea170381327,VALID,
2026-08-21,09:33:07,2026,8,HEAD_TRUCK,185,14.97,online,,ujb_dashboard_scrape,289,5dbb728d3ae193292e0aa9b5d8307ffafb1a2faf,VALID,
2026-08-21,09:30:54,2026,8,HEAD_TRUCK,153,55.39,online,,ujb_dashboard_scrape,290,161554fe8f9d4e465c751a8042c408ad9b63b512,VALID,
2026-08-21,09:30:08,2026,8,HEAD_TRUCK,198,33.38,online,,ujb_dashboard_scrape,291,138d91a1e1697abaab27ad4d2754ac97f403e0c8,VALID,
2026-08-21,09:28:22,2026,8,HEAD_TRUCK,215,64.65,online,,ujb_dashboard_scrape,292,a4c4a082bda7f1b4b8f43030d6de442c864439c9,VALID,
2026-08-21,09:26:12,2026,8,HEAD_TRUCK,133,97.44,online,,ujb_dashboard_scrape,293,2732d0f4517c1a8a162309c4e2aa930915e1c89a,VALID,
2026-08-21,09:26:09,2026,8,HEAD_TRUCK,155,65.44,online,,ujb_dashboard_scrape,294,a0ef397511bea870b868fa832d60bfba48c086b5,VALID,
2026-08-21,09:23:17,2026,8,HEAD_TRUCK,206,72.39,online,,ujb_dashboard_scrape,295,8bc642f90e6f98d17edc4780ecbe558b25e03649,VALID,
2026-08-21,09:21:06,2026,8,HEAD_TRUCK,211,61.97,online,,ujb_dashboard_scrape,296,3610fdf15d5756f1f5fb63464dea9bf7b8a97dd7,VALID,
2026-08-21,09:19:56,2026,8,HEAD_TRUCK,192,40.71,online,,ujb_dashboard_scrape,297,ab28ff7a8ea52d8aedbbb7c2647342a1278aac26,VALID,
2026-08-21,09:18:45,2026,8,HEAD_TRUCK,182,58.52,online,,ujb_dashboard_scrape,298,9f814aef1ce26f809e4d15116a36345ec02ae546,VALID,
2026-08-21,09:18:07,2026,8,HEAD_TRUCK,182,36.14,online,,ujb_dashboard_scrape,299,e7348c84be22f38466adb901246814fc30897a75,VALID,
2026-08-21,09:13:00,2026,8,HEAD_TRUCK,135,35.59,online,,ujb_dashboard_scrape,300,cab80a7a593f54b4c7cfa3ec59f4dc3bc568a5a9,VALID,
2026-08-21,09:12:08,2026,8,HEAD_TRUCK,201,55.25,online,,ujb_dashboard_scrape,301,8856821f9758a17c56e863ed77b64aeff3fbbfc2,VALID,
2026-08-21,09:10:04,2026,8,HEAD_TRUCK,154,46.3,online,,ujb_dashboard_scrape,302,546394c86a0306f2e3b18ed9aadb15a0fa12381b,VALID,
2026-08-21,09:07:30,2026,8,HEAD_TRUCK,183,49.87,online,,ujb_dashboard_scrape,303,bd86ea6e7875487e4b607654b5986460a1708fe7,VALID,
2026-08-21,09:06:42,2026,8,HEAD_TRUCK,139,17.39,online,,ujb_dashboard_scrape,304,4d741af57ef60ce3829be2a86ee8e8147d89ccb5,VALID,
2026-08-21,09:05:22,2026,8,HEAD_TRUCK,159,53.57,online,,ujb_dashboard_scrape,305,66f64518cb90c04795646893b67aa6fd35c5600a,VALID,
2026-08-21,09:03:42,2026,8,HEAD_TRUCK,161,54.37,online,,ujb_dashboard_scrape,306,45fbbb66636960f88d6e692e477c71385d0fd700,VALID,
2026-08-21,09:01:21,2026,8,BUS,01,50.0,online,,ujb_dashboard_scrape,307,70d602c0812eb39a3cd8f7f09e540aeac0545bd4,VALID,
2026-08-21,09:01:08,2026,8,ELF,03,38.46,online,,ujb_dashboard_scrape,308,301287ff795f5e2270f1081fa1d25c497faeeb66,VALID,
2026-08-21,08:58:17,2026,8,HEAD_TRUCK,150,60.61,online,,ujb_dashboard_scrape,309,3a6b933da3e4509b4cb163d64625e67c1b8ca568,VALID,
2026-08-21,08:58:07,2026,8,HEAD_TRUCK,194,73.36,online,,ujb_dashboard_scrape,310,6a18b6bc75a21d2aeb78d8862689c6c48e4e2102,VALID,
2026-08-21,08:55:57,2026,8,HEAD_TRUCK,205,63.63,online,,ujb_dashboard_scrape,311,62abd21b075a4fb6d3d945b1d4e7cf3532dbf9d2,VALID,
2026-08-21,08:54:11,2026,8,ELF,02,40.0,online,,ujb_dashboard_scrape,312,15abdf4c0632fd23c9ef7e67ba29649e7f62f1d8,VALID,
2026-08-21,08:52:29,2026,8,ELF,01,40.0,online,,ujb_dashboard_scrape,313,9d8fd4dcb09c0abbfc5b1cd8cd1cd0a0b7397523,VALID,
2026-08-21,08:50:31,2026,8,HEAD_TRUCK,167,90.54,online,,ujb_dashboard_scrape,314,3c90d19f78097f6b3d519468b30199c3e2064382,VALID,
2026-08-21,08:46:22,2026,8,HEAD_TRUCK,203,35.39,online,,ujb_dashboard_scrape,315,02ccfce8d6ca91b38bf3e9888ade1b85d89a7cd1,VALID,
2026-08-21,08:43:39,2026,8,HEAD_TRUCK,157,23.13,online,,ujb_dashboard_scrape,316,d7ca551f02140abf4c77bb91d8e7f8e7472f5ed8,VALID,
2026-08-21,08:41:56,2026,8,HEAD_TRUCK,214,53.83,online,,ujb_dashboard_scrape,317,e955ffff7647d8abc71c3a2a9f99f593b7fb89e4,VALID,
2026-08-21,08:39:47,2026,8,HEAD_TRUCK,209,70.28,online,,ujb_dashboard_scrape,318,4be7e97f2f3937f5a411b65221c8344aab5a1db1,VALID,
2026-08-21,08:39:37,2026,8,HEAD_TRUCK,181,41.37,online,,ujb_dashboard_scrape,319,9d72672cf7831a029a6aed15d818a2bbf8fbb226,VALID,
2026-08-21,08:37:51,2026,8,HEAD_TRUCK,216,31.27,online,,ujb_dashboard_scrape,320,ac121e80a72deeec5fdcc2d3a9d8e5101b828b7d,VALID,
2026-08-21,08:36:04,2026,8,HEAD_TRUCK,156,15.54,online,,ujb_dashboard_scrape,321,6da727c0d5b100bbd2ac5c6bf1871415e5e321ae,VALID,
2026-08-21,08:34:38,2026,8,HEAD_TRUCK,136,37.77,online,,ujb_dashboard_scrape,322,000f299d6320b3eb680f5ccff4adf4aea3fe7fc5,VALID,
2026-08-21,08:34:19,2026,8,HEAD_TRUCK,184,8.72,online,,ujb_dashboard_scrape,323,b726795d3bbdb36aa5d18517008b91891695d9d9,VALID,
2026-08-21,08:33:26,2026,8,HEAD_TRUCK,168,51.65,online,,ujb_dashboard_scrape,324,f1f2d8a3f03e32bbe8412f16d340de317146cae1,VALID,
2026-08-21,08:32:10,2026,8,HEAD_TRUCK,128,50.04,online,,ujb_dashboard_scrape,325,5d2f3f27b42c9beabeba86802c815e40d4dfa573,VALID,
2026-08-21,08:30:13,2026,8,HEAD_TRUCK,163,126.76,online,,ujb_dashboard_scrape,326,80c0392b60d4e9396760035e95ad3eaf26270982,VALID,
2026-08-21,08:29:26,2026,8,HEAD_TRUCK,175,9.42,online,,ujb_dashboard_scrape,327,0aead89418e070afaea3784472d178102e26f03d,VALID,
2026-08-21,08:27:47,2026,8,HEAD_TRUCK,162,32.9,online,,ujb_dashboard_scrape,328,ef5de4c122d28ca6f5a1e0fcf9507a93999f534f,VALID,
2026-08-21,08:26:22,2026,8,HEAD_TRUCK,174,47.79,online,,ujb_dashboard_scrape,329,67894d8a90cfa85d20a278a4e7374dd0c796d9b0,VALID,
2026-08-21,08:22:21,2026,8,HEAD_TRUCK,95,34.85,online,,ujb_dashboard_scrape,330,4b77b3e12f04b3a069c0d06b3d9bc0351ab0e236,VALID,
2026-08-21,08:21:01,2026,8,HEAD_TRUCK,132,42.69,online,,ujb_dashboard_scrape,331,10bbaa6d4f59a39030a33f6549350052d24be1e2,VALID,
2026-08-21,08:19:19,2026,8,HEAD_TRUCK,204,29.42,online,,ujb_dashboard_scrape,332,1254011444989820ca8b0d3841acc9a02c827fab,VALID,
2026-08-21,08:16:54,2026,8,HEAD_TRUCK,178,52.69,online,,ujb_dashboard_scrape,333,1894b1ba977e69614f705d94e2373205c0eb9619,VALID,
2026-08-21,08:16:37,2026,8,HEAD_TRUCK,152,54.18,online,,ujb_dashboard_scrape,334,73a5e80d20b118ba9e2e73a2faf6c68b0102b431,VALID,
2026-08-21,08:13:35,2026,8,HEAD_TRUCK,140,53.5,online,,ujb_dashboard_scrape,335,fd4adfa5c3caf1bc343c60f80969a29c38e5ced9,VALID,
2026-08-21,08:13:09,2026,8,HEAD_TRUCK,195,55.45,online,,ujb_dashboard_scrape,336,395c2a834e5cc986da3e2092afc6014908902da9,VALID,
2026-08-21,08:11:45,2026,8,HEAD_TRUCK,166,62.3,online,,ujb_dashboard_scrape,337,3ded1124569e3b47b66fe5a0fb818be71d74274a,VALID,
2026-08-21,08:11:19,2026,8,HEAD_TRUCK,193,20.3,online,,ujb_dashboard_scrape,338,c61051841c0769a4d7b8829a0dd261dc39bb650f,VALID,
2026-08-21,08:09:19,2026,8,HEAD_TRUCK,131,52.39,online,,ujb_dashboard_scrape,339,915166f738075361c1e6f2c9315d429e754b7684,VALID,
2026-08-21,08:09:01,2026,8,HEAD_TRUCK,190,29.72,online,,ujb_dashboard_scrape,340,29cdb90610f8df78c0f8f5594cfec05af9a2a2df,VALID,
2026-08-21,08:06:53,2026,8,HEAD_TRUCK,138,56.79,online,,ujb_dashboard_scrape,341,bdf360a70a77eb7d0efddd1a287a29d8441ea5db,VALID,
2026-08-21,08:06:35,2026,8,HEAD_TRUCK,196,5.54,online,,ujb_dashboard_scrape,342,fb1613fd620d29762992ab994faf6abe2f364ccd,VALID,
2026-08-21,08:04:48,2026,8,HEAD_TRUCK,148,35.79,online,,ujb_dashboard_scrape,343,ca0a12db20bee73d4142cd99efafb227479ec818,VALID,
2026-08-21,08:04:17,2026,8,HEAD_TRUCK,197,38.45,online,,ujb_dashboard_scrape,344,66ac7bd40a7ad54ef247a36b202e08a941497737,VALID,
2026-08-20,14:41:00,2026,8,KEND_OPS,RANGGA 10,37.94,online,,ujb_dashboard_scrape,345,878a6a1b94811a56b713c9e7e93026958d339877,VALID,
2026-08-20,13:58:46,2026,8,MODUL,GENSET 06,40.0,online,,ujb_dashboard_scrape,346,40fd64051d547e675caeaaf118dc3b1a2bcf6ec1,VALID,
2026-08-20,13:45:49,2026,8,BUS,03,50.0,online,,ujb_dashboard_scrape,347,bda365a3762c9d228ac11748990360ceadd306db,VALID,
2026-08-20,13:41:08,2026,8,BUS,02,50.0,online,,ujb_dashboard_scrape,348,a39e92e86e73c18a1eab97b7b4cc913b7cea1ed3,VALID,
2026-08-20,13:40:32,2026,8,FORKLIFT,28,31.95,online,,ujb_dashboard_scrape,349,6cabe3cae3ba1d03289aca2ba5fde164dc540b3c,VALID,
2026-08-20,11:09:26,2026,8,HEAD_TRUCK,136,60.09,online,,ujb_dashboard_scrape,350,a1ebd2f14dc086682710e61fe73b6f324954a6bb,VALID,
2026-08-20,10:53:27,2026,8,HEAD_TRUCK,210,52.85,online,,ujb_dashboard_scrape,351,cffaaccd5e5941810c1b7c30ea79f14d3556fc51,VALID,
2026-08-20,10:48:54,2026,8,HEAD_TRUCK,190,26.42,online,,ujb_dashboard_scrape,352,a66d9727195470aedaa36148aa5e4cf9418f3d9d,VALID,
2026-08-20,10:42:18,2026,8,HEAD_TRUCK,204,66.26,online,,ujb_dashboard_scrape,353,c3f53245b17569c09c4eee26710f29022232938f,VALID,
2026-08-20,10:39:33,2026,8,HEAD_TRUCK,141,64.87,online,,ujb_dashboard_scrape,354,8c676fdb12a2231db035c9bcdb704625cae03ee8,VALID,
2026-08-20,10:35:40,2026,8,KEND_OPS,RANGGA 05,38.01,online,,ujb_dashboard_scrape,355,0118fc1a3ee974ebfee085f51a2680c912e1fdb5,VALID,
2026-08-20,10:32:12,2026,8,BUS,01,50.0,online,,ujb_dashboard_scrape,356,30bb0542a16e04f792ea841e7e85c7b2753ee02d,VALID,
2026-08-20,10:29:47,2026,8,HEAD_TRUCK,142,80.91,online,,ujb_dashboard_scrape,357,cefce740a81ee007c6d14f19cae35d04ad713331,VALID,
2026-08-20,10:27:06,2026,8,HEAD_TRUCK,214,48.18,online,,ujb_dashboard_scrape,358,476b4b904a9dfc682464728b45bb20d8812798cb,VALID,
2026-08-20,10:24:15,2026,8,HEAD_TRUCK,212,64.72,online,,ujb_dashboard_scrape,359,ca80e054b927d5dea9b318187205f9c6972b6d5a,VALID,
2026-08-20,10:21:56,2026,8,KEND_OPS,RANGGA 04,36.72,online,,ujb_dashboard_scrape,360,7449014176f5c9e19134b535cd1377321a288070,VALID,
2026-08-20,10:18:38,2026,8,HEAD_TRUCK,189,59.08,online,,ujb_dashboard_scrape,361,9ae74c0955fb1f61354d875f955147370d05c1b1,VALID,
2026-08-20,10:16:08,2026,8,HEAD_TRUCK,148,46.96,online,,ujb_dashboard_scrape,362,12dd3765bbbaa2566a33f51a199d1ea729872315,VALID,
2026-08-20,10:14:11,2026,8,HEAD_TRUCK,148,1.96,online,,ujb_dashboard_scrape,363,c6765576d298e94aa9107a525689fcdaa8fafdcf,VALID,
2026-08-20,10:13:20,2026,8,HEAD_TRUCK,202,36.2,online,,ujb_dashboard_scrape,364,7fd69f3f75673b1599bbdccd38102c0775628958,VALID,
2026-08-20,10:05:15,2026,8,HEAD_TRUCK,152,75.75,online,,ujb_dashboard_scrape,365,ed936e87bde941f2206c423668fcf8ddb094c509,VALID,
2026-08-20,09:44:02,2026,8,HEAD_TRUCK,143,66.04,online,,ujb_dashboard_scrape,366,bc8165d71d1bbb9ec0c0c025195a6e63014d9941,VALID,
2026-08-20,09:38:21,2026,8,HEAD_TRUCK,208,18.36,online,,ujb_dashboard_scrape,367,38be785aebd8278c9f18d22ed85509b62ae81bc9,VALID,
2026-08-20,09:37:44,2026,8,HEAD_TRUCK,192,46.98,online,,ujb_dashboard_scrape,368,d7dece9f8c1237228d879a0e8f0e63895dd7ec54,VALID,
2026-08-20,09:36:32,2026,8,HEAD_TRUCK,185,42.61,online,,ujb_dashboard_scrape,369,0605f49d1cb66272901eb5544a7b371d49bac182,VALID,
2026-08-20,09:35:56,2026,8,HEAD_TRUCK,159,58.82,online,,ujb_dashboard_scrape,370,ed6a927b009de49c4a637ed4070bd477f541d13c,VALID,
2026-08-20,09:33:57,2026,8,ELF,03,40.0,online,,ujb_dashboard_scrape,371,5ed8a18220bfeb073ac9c5e52f479b6f48c85578,VALID,
2026-08-20,09:31:49,2026,8,HEAD_TRUCK,207,80.3,online,,ujb_dashboard_scrape,372,6f9ea81eeafc8b3495fa636c5aa78623c9998c36,VALID,
2026-08-20,09:29:59,2026,8,HEAD_TRUCK,150,51.81,online,,ujb_dashboard_scrape,373,f7da1c13c51a481765e268742497df9da2779783,VALID,
2026-08-20,09:28:46,2026,8,HEAD_TRUCK,191,79.45,online,,ujb_dashboard_scrape,374,97096e513ca4480d45cd34b1da5656c84cdc61c8,VALID,
2026-08-20,09:27:43,2026,8,HEAD_TRUCK,135,82.91,online,,ujb_dashboard_scrape,375,861d37eed2eea1fa6094cc888a50954dc6259044,VALID,
2026-08-20,09:25:44,2026,8,HEAD_TRUCK,154,79.36,online,,ujb_dashboard_scrape,376,bc0d0f8fb8f1ea6f67cb713e548c630566a9f26d,VALID,
2026-08-20,09:23:49,2026,8,ELF,02,40.0,online,,ujb_dashboard_scrape,377,48d095afa43ea0887f83cb66e98bc83789c02784,VALID,
2026-08-20,09:21:58,2026,8,HEAD_TRUCK,216,50.96,online,,ujb_dashboard_scrape,378,bebe2ece5247646816afafc82ce0b43c7bf95371,VALID,
2026-08-20,09:20:23,2026,8,HEAD_TRUCK,177,47.22,online,,ujb_dashboard_scrape,379,4aad412e6f57dda8a9843b06cac98df311321118,VALID,
2026-08-20,09:18:50,2026,8,HEAD_TRUCK,95,63.19,online,,ujb_dashboard_scrape,380,6d0dbf6674a50be39a23d0157f32db68de4750b1,VALID,
2026-08-20,09:17:13,2026,8,HEAD_TRUCK,149,44.27,online,,ujb_dashboard_scrape,381,63256abb072765c0d8f8db78173722d979035b07,VALID,
2026-08-20,09:16:36,2026,8,HEAD_TRUCK,168,74.47,online,,ujb_dashboard_scrape,382,17780b9bc0495eea606743b8d9a768ccd7e67f9f,VALID,
2026-08-20,09:14:13,2026,8,HEAD_TRUCK,215,115.27,online,,ujb_dashboard_scrape,383,d670024d4188c83926857750f3e8092571fbf373,VALID,
2026-08-20,09:13:27,2026,8,HEAD_TRUCK,206,52.12,online,,ujb_dashboard_scrape,384,5455717a7fe716652d79387fd7d05167a3b3aa1b,VALID,
2026-08-20,09:10:56,2026,8,HEAD_TRUCK,165,55.83,online,,ujb_dashboard_scrape,385,580cb53cd2f5e275250b62bbb769d9606892dbf3,VALID,
2026-08-20,09:09:47,2026,8,HEAD_TRUCK,194,65.82,online,,ujb_dashboard_scrape,386,04c784f2c133f8a33e1b3ff075c6993a0b27c213,VALID,
2026-08-20,09:08:21,2026,8,HEAD_TRUCK,133,41.81,online,,ujb_dashboard_scrape,387,523bb1d90fd38b8d166b00daa1aacc1ff1be6baf,VALID,
2026-08-20,09:07:52,2026,8,FORKLIFT,26,32.89,online,,ujb_dashboard_scrape,388,97ccc3f766bfae880b72c93c66aa251709c9b062,VALID,
2026-08-20,09:06:24,2026,8,HEAD_TRUCK,155,72.3,online,,ujb_dashboard_scrape,389,e6c92093986cffafb674e0ed6056ea243ecb63a6,VALID,
2026-08-20,09:05:30,2026,8,HEAD_TRUCK,213,51.96,online,,ujb_dashboard_scrape,390,1214e75c2058ab59f15c997080273450d3f276e5,VALID,
2026-08-20,09:03:21,2026,8,KEND_OPS,RANGGA 11,40.0,online,,ujb_dashboard_scrape,391,bcc4490b115161c3f9adb010026428a744829594,VALID,
2026-08-20,09:02:52,2026,8,HEAD_TRUCK,170,56.68,online,,ujb_dashboard_scrape,392,27437a760179a2bbbe2c3518f3320f803b75bcdf,VALID,
2026-08-20,09:00:46,2026,8,HEAD_TRUCK,211,43.7,online,,ujb_dashboard_scrape,393,b561e745bc28153549326e6cd3fdbeec086ff2ae,VALID,
2026-08-20,09:00:34,2026,8,HEAD_TRUCK,139,59.83,online,,ujb_dashboard_scrape,394,77358c5fea134b7fba3d16cd8ac41b821638ae06,VALID,
2026-08-20,08:58:19,2026,8,HEAD_TRUCK,156,60.24,online,,ujb_dashboard_scrape,395,e24ad265a79ef65896cd6b7dc9573e6557425d04,VALID,
2026-08-20,08:56:25,2026,8,KEND_OPS,RANGGA 15,21.79,online,,ujb_dashboard_scrape,396,315dd00fed08f8cdd9d5833d18b2c9d0b20a4047,VALID,
2026-08-20,08:56:03,2026,8,HEAD_TRUCK,151,62.45,online,,ujb_dashboard_scrape,397,5aa8456a90114c6f2196d8f65c9e928c82a82f13,VALID,
2026-08-20,08:53:58,2026,8,HEAD_TRUCK,128,52.14,online,,ujb_dashboard_scrape,398,ae8a421e4e9bae41fa84ee73e90b053f33855268,VALID,
2026-08-20,08:51:46,2026,8,HEAD_TRUCK,164,57.54,online,,ujb_dashboard_scrape,399,1b0cf4312d3906baa709ed986c2237a35df77e21,VALID,
2026-08-20,08:51:13,2026,8,HEAD_TRUCK,195,79.82,online,,ujb_dashboard_scrape,400,7b9ef24f3194c9778d8162f5a4def2b6ec065cbd,VALID,
2026-08-20,08:49:47,2026,8,HEAD_TRUCK,137,50.03,online,,ujb_dashboard_scrape,401,dd0054d1d7465ebd499ada2f670e8761e6bdaabc,VALID,
2026-08-20,08:48:26,2026,8,HEAD_TRUCK,179,37.48,online,,ujb_dashboard_scrape,402,70cea425c88745813bbb8b99c291ecd2ab5e40f5,VALID,
2026-08-20,08:47:01,2026,8,ELF,01,40.0,online,,ujb_dashboard_scrape,403,b367f7a777a75816a3fee7560decb9e899e8979b,VALID,
2026-08-20,08:46:27,2026,8,HEAD_TRUCK,175,34.51,online,,ujb_dashboard_scrape,404,6b1f1b9bc7f0014cdef7c10d09621b16d02250d6,VALID,
2026-08-20,08:44:08,2026,8,HEAD_TRUCK,145,56.5,online,,ujb_dashboard_scrape,405,f91778e4debca46413d94392affdac35228641f6,VALID,
2026-08-20,08:43:35,2026,8,HEAD_TRUCK,182,62.65,online,,ujb_dashboard_scrape,406,c20ca60c004dfcc56215ab17b86795c9b39235c9,VALID,
2026-08-20,08:41:47,2026,8,HEAD_TRUCK,138,53.71,online,,ujb_dashboard_scrape,407,5b2c97b38f2a28520c3b200a85ad283d16eaabc0,VALID,
2026-08-20,08:41:24,2026,8,HEAD_TRUCK,183,78.31,online,,ujb_dashboard_scrape,408,bdc009e7c71185cd001515412748fe8568d468cf,VALID,
2026-08-20,08:39:27,2026,8,HEAD_TRUCK,131,40.95,online,,ujb_dashboard_scrape,409,b32dad963de97b049353f1bae28fad4e6c728e2b,VALID,
2026-08-20,08:39:07,2026,8,HEAD_TRUCK,186,34.29,online,,ujb_dashboard_scrape,410,1f240c5d0bdfb139858a2af7dc17b5ec6be46ac9,VALID,
2026-08-20,08:36:18,2026,8,HEAD_TRUCK,181,105.63,online,,ujb_dashboard_scrape,411,7ded89f11020d6eac3621159e2e39ef126a22d88,VALID,
2026-08-20,08:36:15,2026,8,HEAD_TRUCK,152,142.27,online,,ujb_dashboard_scrape,412,879dfc4060a09d73e3fdf53c8b9cb8cd7bf991a3,VALID,
2026-08-20,08:32:35,2026,8,HEAD_TRUCK,167,36.24,online,,ujb_dashboard_scrape,413,cd780f935cc07d736dd0aa76d2a1e1a1e416e2f6,VALID,
2026-08-20,08:30:32,2026,8,HEAD_TRUCK,205,46.98,online,,ujb_dashboard_scrape,414,ab0fb7215e0b8d6217c485b73dbc983dd481e29f,VALID,
2026-08-20,08:30:20,2026,8,HEAD_TRUCK,201,25.35,online,,ujb_dashboard_scrape,415,7bf199acc79811df0c85aee02ad50f4cc730496f,VALID,
2026-08-20,08:28:25,2026,8,HEAD_TRUCK,158,40.17,online,,ujb_dashboard_scrape,416,660bfa011bb4dfa1c87369fd00a4a889fee0ba0b,VALID,
2026-08-20,08:27:53,2026,8,HEAD_TRUCK,193,55.4,online,,ujb_dashboard_scrape,417,8e49804c18385d98337984eeda02262eed8f1955,VALID,
2026-08-20,08:25:53,2026,8,HEAD_TRUCK,198,52.19,online,,ujb_dashboard_scrape,418,cc0f8141f6c678e98517f53c3f1b188ea7d0c5fd,VALID,
2026-08-20,08:25:48,2026,8,HEAD_TRUCK,166,113.54,online,,ujb_dashboard_scrape,419,b4801eb4d905e078e484339549f0c9f725475866,VALID,
2026-08-20,08:22:47,2026,8,HEAD_TRUCK,209,55.75,online,,ujb_dashboard_scrape,420,8980cab93cd8754d672e33b194c9d398d66c54d1,VALID,
2026-08-20,08:22:09,2026,8,HEAD_TRUCK,184,44.46,online,,ujb_dashboard_scrape,421,007bd0e9d4122d2b86b490764d656dc4fa483714,VALID,
2026-08-20,08:20:13,2026,8,HEAD_TRUCK,153,51.97,online,,ujb_dashboard_scrape,422,a631d05b2b27fb1a1cdf1a192490ac661659a112,VALID,
2026-08-20,08:20:08,2026,8,HEAD_TRUCK,196,49.12,online,,ujb_dashboard_scrape,423,8bfb869ee64c8d6b30bcffe7c46670ea4b96540b,VALID,
2026-08-20,08:17:32,2026,8,HEAD_TRUCK,171,73.49,online,,ujb_dashboard_scrape,424,351cb4946bcf42095462518b90b1126a788b646c,VALID,
2026-08-20,08:16:02,2026,8,HEAD_TRUCK,178,57.2,online,,ujb_dashboard_scrape,425,22983695fd9bd7a3ab0187c6e5e5b3a46ce56595,VALID,
2026-08-20,08:14:16,2026,8,HEAD_TRUCK,140,62.22,online,,ujb_dashboard_scrape,426,c1bb0e533358ee4f0afb44c83777141936cb6beb,VALID,
2026-08-20,08:12:25,2026,8,HEAD_TRUCK,199,68.75,online,,ujb_dashboard_scrape,427,28f1bf86c315308a8311c9a7415a87f9749fdb37,VALID,
2026-08-20,08:10:08,2026,8,HEAD_TRUCK,161,69.72,online,,ujb_dashboard_scrape,428,c8ea23a3458bfbb32772ec367c18149f5a5ca992,VALID,
2026-08-19,14:32:55,2026,8,HEAD_TRUCK,178,71.49,online,,ujb_dashboard_scrape,429,d97c1c074333898f46c2ab12989f3339b3cf59b3,VALID,
2026-08-19,13:55:32,2026,8,HEAD_TRUCK,211,90.22,online,,ujb_dashboard_scrape,430,3f6fb64fbae1f05cfe2fefb6ea8c5f2902b3fd70,VALID,
2026-08-19,13:51:46,2026,8,HEAD_TRUCK,158,96.83,online,,ujb_dashboard_scrape,431,b6fca2ef6331d4172f2b87a7f192e13dd410a129,VALID,
2026-08-19,13:48:09,2026,8,HEAD_TRUCK,202,78.95,online,,ujb_dashboard_scrape,432,4d3ae3be83dd2e5824a3d2633e8c86a16e30a4e1,VALID,
2026-08-19,13:44:16,2026,8,HEAD_TRUCK,162,78.34,online,,ujb_dashboard_scrape,433,72a687a33cc0cd93c723de5388917ba24f36f00d,VALID,
2026-08-19,13:40:38,2026,8,HEAD_TRUCK,199,70.84,online,,ujb_dashboard_scrape,434,93f1ed2f4b3dd935387e4ee3d0fa509af2d52615,VALID,
2026-08-19,13:33:13,2026,8,HEAD_TRUCK,149,91.85,online,,ujb_dashboard_scrape,435,342bfd0b1c4c196ffed689a8ba6ec2e3b36be9ad,VALID,
2026-08-19,13:28:35,2026,8,KEND_OPS,RANGGA 16,40.0,online,,ujb_dashboard_scrape,436,ff21ec2b1da2e48d25cba93764b49f2aa9217227,VALID,
2026-08-19,13:24:18,2026,8,KEND_OPS,ENGINEERING,38.1,online,,ujb_dashboard_scrape,437,e3bc171b08671b7f3516fe62b404947b2e260972,VALID,
2026-08-19,13:20:45,2026,8,HEAD_TRUCK,179,72.36,online,,ujb_dashboard_scrape,438,44cb2e8b7bda62df8940c8a036574b02ecd0d69c,VALID,
2026-08-19,13:17:05,2026,8,HEAD_TRUCK,132,93.58,online,,ujb_dashboard_scrape,439,3062440b7016929f22c55f4601594300f70258b1,VALID,
2026-08-19,13:11:53,2026,8,HEAD_TRUCK,212,75.23,online,,ujb_dashboard_scrape,440,f49edbc6dce297c244478a46e5c845e22d1fac74,VALID,
2026-08-19,13:08:50,2026,8,HEAD_TRUCK,203,73.57,online,,ujb_dashboard_scrape,441,be82d8e93137f3a061380ee4be7c45256db9bdd7,VALID,
2026-08-19,13:01:36,2026,8,HEAD_TRUCK,192,95.58,online,,ujb_dashboard_scrape,442,b99ccabc61672c610bad453cfbd47ba2382dd203,VALID,
2026-08-19,11:31:55,2026,8,HEAD_TRUCK,142,75.46,online,,ujb_dashboard_scrape,443,da548579e3709f7cad730ecef3fecb9aa8f75a97,VALID,
2026-08-19,11:29:42,2026,8,HEAD_TRUCK,175,65.72,online,,ujb_dashboard_scrape,444,9c561da1fb87c9ed7ec0322142911015fcd5901c,VALID,
2026-08-19,10:49:32,2026,8,HEAD_TRUCK,208,88.1,online,,ujb_dashboard_scrape,445,9664f6570ceb2c2269c1c41b3c7dcede42687190,VALID,
2026-08-19,10:47:10,2026,8,HEAD_TRUCK,213,75.91,online,,ujb_dashboard_scrape,446,70ccc9acf0ad5b7658ae6a1cfb484c170955d60a,VALID,
2026-08-19,10:39:05,2026,8,HEAD_TRUCK,139,67.59,online,,ujb_dashboard_scrape,447,f9dad719abbe928ec04155a2bb7c637513f841aa,VALID,
2026-08-19,10:38:26,2026,8,HEAD_TRUCK,184,47.99,online,,ujb_dashboard_scrape,448,95934b170115bcf7eca3d4853d60773cb9645552,VALID,
2026-08-19,10:35:01,2026,8,HEAD_TRUCK,155,78.15,online,,ujb_dashboard_scrape,449,2442950ea47262c2f3f2aebf0057686d7bc83036,VALID,
2026-08-19,10:32:46,2026,8,HEAD_TRUCK,168,68.62,online,,ujb_dashboard_scrape,450,f6c5aae67e12bc8893f4fa82edbe537552b314a7,VALID,
2026-08-19,10:30:43,2026,8,HEAD_TRUCK,128,79.11,online,,ujb_dashboard_scrape,451,3175fd250a3b094e160b40e7e29f55a0bd7cf769,VALID,
2026-08-19,10:28:19,2026,8,HEAD_TRUCK,156,101.91,online,,ujb_dashboard_scrape,452,bbf79a404a0886c2f617b7efbf0754f51ea0484c,VALID,
2026-08-19,10:22:57,2026,8,HEAD_TRUCK,205,71.41,online,,ujb_dashboard_scrape,453,9bfa3068b409fc7179a55156fa777c002b4e7a36,VALID,
2026-08-19,10:19:49,2026,8,HEAD_TRUCK,153,71.9,online,,ujb_dashboard_scrape,454,8e2a1a4401dead091e665573b2252a7e7b3156d7,VALID,
2026-08-19,10:18:26,2026,8,KEND_OPS,RANGGA 01,29.32,online,,ujb_dashboard_scrape,455,693e8f7b8b7009281f1c833c542981b3efb18753,VALID,
2026-08-19,10:15:04,2026,8,HEAD_TRUCK,183,73.36,online,,ujb_dashboard_scrape,456,443ba4fee292168d926eeaffc122ca8ddeadc7bc,VALID,
2026-08-19,10:13:07,2026,8,HEAD_TRUCK,143,67.89,online,,ujb_dashboard_scrape,457,c62ff6f9bf031a38efd6bb3e850cc6602040281b,VALID,
2026-08-19,10:10:08,2026,8,HEAD_TRUCK,189,61.47,online,,ujb_dashboard_scrape,458,377269454709c25e082610484b5257ede813472a,VALID,
2026-08-19,10:08:33,2026,8,KEND_OPS,RANGGA 06,38.68,online,,ujb_dashboard_scrape,459,332b21d40950c26ee9161efd42ecafa57769a99b,VALID,
2026-08-19,10:04:19,2026,8,HEAD_TRUCK,207,54.09,online,,ujb_dashboard_scrape,460,40342a2402b6a98d4d5d3e0bf849a32de856ebf7,VALID,
2026-08-19,10:04:12,2026,8,HEAD_TRUCK,95,97.98,online,,ujb_dashboard_scrape,461,80e305ad956fc04097c477161305f2ac6b53e7b2,VALID,
2026-08-19,10:00:51,2026,8,HEAD_TRUCK,186,75.37,online,,ujb_dashboard_scrape,462,2115e2cdce106cca3fce01c190c3d25723c59ca7,VALID,
2026-08-19,09:58:37,2026,8,HEAD_TRUCK,165,56.59,online,,ujb_dashboard_scrape,463,3315f42daedf6d4d661fd4c2fa8b46c4046a8c67,VALID,
2026-08-19,09:57:47,2026,8,HEAD_TRUCK,193,83.45,online,,ujb_dashboard_scrape,464,94e7eee1df9bcf85b2c31d6aa289694534d0453d,VALID,
2026-08-19,09:54:22,2026,8,HEAD_TRUCK,209,77.52,online,,ujb_dashboard_scrape,465,57d408d34d7044def827484c02418d391359ff49,VALID,
2026-08-19,09:53:15,2026,8,HEAD_TRUCK,154,62.2,online,,ujb_dashboard_scrape,466,084d9e8cba3679ef5882e041cd2ac03428a75f60,VALID,
2026-08-19,09:51:06,2026,8,HEAD_TRUCK,171,83.42,online,,ujb_dashboard_scrape,467,3e2b91a8bc35f8e45ac4b17630d12ef094c8c480,VALID,
2026-08-19,09:47:51,2026,8,HEAD_TRUCK,185,86.93,online,,ujb_dashboard_scrape,468,f0e12eb24eca3a6b3bc4f86c447805bd789d5423,VALID,
2026-08-19,09:47:15,2026,8,HEAD_TRUCK,167,91.35,online,,ujb_dashboard_scrape,469,929e038647ed6e1b79eab15dbad723bc22e05d0f,VALID,
2026-08-19,09:41:07,2026,8,HEAD_TRUCK,140,62.21,online,,ujb_dashboard_scrape,470,6e89f460eb59801ac10ad4c0aaa7f20b2d5e2098,VALID,
2026-08-19,09:38:07,2026,8,HEAD_TRUCK,133,64.92,online,,ujb_dashboard_scrape,471,e848e2793a5eb839ae55b5125ec1a9546a36474f,VALID,
2026-08-19,09:36:35,2026,8,HEAD_TRUCK,159,76.47,online,,ujb_dashboard_scrape,472,a1f4357f406c3b27ff1fd1a6cda26a31d2cdd2de,VALID,
2026-08-19,09:33:47,2026,8,HEAD_TRUCK,170,70.74,online,,ujb_dashboard_scrape,473,c1f46cf3bbfff3f266bf34ceffe99085fd0e9976,VALID,
2026-08-19,09:28:57,2026,8,HEAD_TRUCK,141,79.07,online,,ujb_dashboard_scrape,474,14cd1aa55b193a40209f20ca64432028b7812843,VALID,
2026-08-19,09:27:00,2026,8,HEAD_TRUCK,214,64.21,online,,ujb_dashboard_scrape,475,bc29abb42330f646d7e96dc1e74795c1d0072b34,VALID,
2026-08-19,09:22:16,2026,8,HEAD_TRUCK,147,72.8,online,,ujb_dashboard_scrape,476,9a143a8ac4e8c5385bd0be83be3dab7a9074c637,VALID,
2026-08-19,09:20:18,2026,8,HEAD_TRUCK,147,5.22,online,,ujb_dashboard_scrape,477,b1f58187e5216dc4922258c354ffd16bac74416c,VALID,
2026-08-19,09:15:55,2026,8,HEAD_TRUCK,138,79.35,online,,ujb_dashboard_scrape,478,f0abe9daa6b3f71a49d9c3a8651c09415d7ee17e,VALID,
2026-08-19,09:14:10,2026,8,BUS,03,49.86,online,,ujb_dashboard_scrape,479,6cec4332f75e421dec1bbf137aa6e413e95cb051,VALID,
2026-08-19,09:13:46,2026,8,HEAD_TRUCK,177,65.92,online,,ujb_dashboard_scrape,480,be5a212e0bd8a741c7e65a10f71c870b60db28d3,VALID,
2026-08-19,09:11:02,2026,8,HEAD_TRUCK,135,65.49,online,,ujb_dashboard_scrape,481,2b4e3a1990ea21c896bcd07cd8d2e9316dda4028,VALID,
2026-08-19,09:10:11,2026,8,HEAD_TRUCK,210,71.44,online,,ujb_dashboard_scrape,482,887f6508156fb4e849a4d54431947bf4b3f43210,VALID,
2026-08-19,09:06:11,2026,8,HEAD_TRUCK,144,59.82,online,,ujb_dashboard_scrape,483,7f682b6eb38cf6b0c323d0083456796242ddb026,VALID,
2026-08-19,09:04:14,2026,8,HEAD_TRUCK,182,51.04,online,,ujb_dashboard_scrape,484,2ab42150c41de8406289e80739a8b56721acea70,VALID,
2026-08-19,09:00:17,2026,8,HEAD_TRUCK,150,77.05,online,,ujb_dashboard_scrape,485,5059acc955b7f7f9a00a4615b2a2f990502d784e,VALID,
2026-08-19,08:58:23,2026,8,HEAD_TRUCK,151,92.98,online,,ujb_dashboard_scrape,486,a2e31eab4030ca8fb861d72c2e2453cc700085a0,VALID,
2026-08-19,08:55:44,2026,8,ELF,03,39.63,online,,ujb_dashboard_scrape,487,c0164b974666386e7e334dd187d8085a5550611f,VALID,
2026-08-19,08:54:10,2026,8,KEND_OPS,TRAGA,23.35,online,,ujb_dashboard_scrape,488,e5b1f8a204324973a48853c3ec67c0fb775010fa,VALID,
2026-08-19,08:52:34,2026,8,HEAD_TRUCK,137,82.59,online,,ujb_dashboard_scrape,489,f56fa06af78db9116dc9ff4537c17c3f63192234,VALID,
2026-08-19,08:50:46,2026,8,HEAD_TRUCK,201,60.4,online,,ujb_dashboard_scrape,490,95b20dbd894fc56cea24d3e13b502d541aabfc06,VALID,
2026-08-19,08:48:43,2026,8,HEAD_TRUCK,148,72.81,online,,ujb_dashboard_scrape,491,19b19051676a9a1ef58e816c687a465db41c93aa,VALID,
2026-08-19,08:46:09,2026,8,HEAD_TRUCK,216,86.63,online,,ujb_dashboard_scrape,492,78d7ac26e07c3132810eee163139b88be9a85b15,VALID,
2026-08-19,08:42:53,2026,8,HEAD_TRUCK,145,73.88,online,,ujb_dashboard_scrape,493,2bf4a9c5b17c07d81b413fa10f71027d7614e81e,VALID,
2026-08-19,08:42:07,2026,8,HEAD_TRUCK,174,68.1,online,,ujb_dashboard_scrape,494,2d214c84917fa0a8c4205138c0c322a5d538446f,VALID,
2026-08-19,08:39:39,2026,8,HEAD_TRUCK,204,84.69,online,,ujb_dashboard_scrape,495,c529978b682e50e8154db831e79129e4e5ff54a7,VALID,
2026-08-19,08:38:10,2026,8,HEAD_TRUCK,194,56.11,online,,ujb_dashboard_scrape,496,4f29a5993861308affcd5c2123100c985eff8113,VALID,
2026-08-19,08:36:05,2026,8,HEAD_TRUCK,215,96.43,online,,ujb_dashboard_scrape,497,2a70cbcf969acc34e2f9d54c71392c702a24b605,VALID,
2026-08-19,08:34:56,2026,8,HEAD_TRUCK,196,68.89,online,,ujb_dashboard_scrape,498,d2c2e9bc143076cd26a8f99631dfba6e833d383f,VALID,
2026-08-19,08:34:00,2026,8,HEAD_TRUCK,136,79.43,online,,ujb_dashboard_scrape,499,2aaab032b38dbd9f4a12c35dbe731288f7310bfa,VALID,
2026-08-19,08:31:35,2026,8,HEAD_TRUCK,195,74.13,online,,ujb_dashboard_scrape,500,5f5e1ec01dc96c40ed11b46baa59c5c344a859e4,VALID,
2026-08-19,08:30:01,2026,8,HEAD_TRUCK,161,72.62,online,,ujb_dashboard_scrape,501,2ce1a95743f92cc5f34ddf50b0e4a7a037bf0f5f,VALID,
2026-08-19,08:27:50,2026,8,HEAD_TRUCK,206,89.35,online,,ujb_dashboard_scrape,502,b46072111f9c160e38252b2b0ab77788c40366f3,VALID,
2026-08-19,08:25:09,2026,8,HEAD_TRUCK,191,73.02,online,,ujb_dashboard_scrape,503,4367f045465a7fabdfaefcadbe54b5e91c27e0e7,VALID,
2026-08-19,08:24:35,2026,8,ELF,02,40.0,online,,ujb_dashboard_scrape,504,e54e904cc7ab222f3f27c31415e6430b4bad03fc,VALID,
2026-08-19,08:22:41,2026,8,HEAD_TRUCK,164,98.59,online,,ujb_dashboard_scrape,505,7ee0d035e93b9d34d20b3fc84213892e199c0abc,VALID,
2026-08-19,08:21:58,2026,8,HEAD_TRUCK,197,73.6,online,,ujb_dashboard_scrape,506,cef99ebbbcee12f75bb8db2c6bcc092a59f28c2f,VALID,
2026-08-19,08:19:18,2026,8,BUS,02,9.73,online,,ujb_dashboard_scrape,507,4466563109f95d23bfb3fe6630677fc75e893d2f,VALID,
2026-08-19,08:17:25,2026,8,BUS,02,40.59,online,,ujb_dashboard_scrape,508,0e7da6587df0af7e2efb4b9a46fe5960b543386c,VALID,
2026-08-19,08:16:53,2026,8,HEAD_TRUCK,181,106.96,online,,ujb_dashboard_scrape,509,0a75008a435859642d4830cfef5955624a8951a8,VALID,
2026-08-19,08:14:43,2026,8,ELF,01,37.92,online,,ujb_dashboard_scrape,510,bd98d48c7b2a1f538a277f48e4b4d389e393fb37,VALID,
2026-08-19,08:13:01,2026,8,HEAD_TRUCK,198,71.98,online,,ujb_dashboard_scrape,511,6108787a623a6505812c7156879458e2d6008223,VALID,
2026-08-19,08:10:57,2026,8,BUS,01,49.71,online,,ujb_dashboard_scrape,512,1070edeaa6e00e647b01665bec52fea1f3a28717,VALID,
2026-08-19,08:06:29,2026,8,HEAD_TRUCK,131,48.36,online,,ujb_dashboard_scrape,513,6cb9954417d46269ac9a29fd30e3efb94cc441ea,VALID,
2026-08-18,14:39:02,2026,8,FORKLIFT,26,22.62,online,,ujb_dashboard_scrape,514,9cda5446c11cbd6eea4e2e3188d5385421fb1ded,VALID,
2026-08-18,14:26:04,2026,8,HEAD_TRUCK,178,137.74,online,,ujb_dashboard_scrape,515,fd7a1f2ff62d80d3036574deaf18eb0d343d514b,VALID,
2026-08-18,14:12:53,2026,8,KEND_OPS,RANGGA 15,35.65,online,,ujb_dashboard_scrape,516,2512f6b92be8dc7632631e87548a29a3126d9f9d,VALID,
2026-08-18,14:03:46,2026,8,HEAD_TRUCK,144,112.95,online,,ujb_dashboard_scrape,517,6629063d9df48ad4563725a13e0e383956b22dc0,VALID,
2026-08-18,13:54:05,2026,8,HEAD_TRUCK,179,111.5,online,,ujb_dashboard_scrape,518,e0692f9c53472ca94262ae7bb3da91082cc2f472,VALID,
2026-08-18,13:49:49,2026,8,HEAD_TRUCK,150,96.62,online,,ujb_dashboard_scrape,519,4ae04a2265eea38cb6f0c75d0a593eebab842539,VALID,
2026-08-18,13:47:20,2026,8,HEAD_TRUCK,189,100.34,online,,ujb_dashboard_scrape,520,d41fa8da1e345c501f278632703cddbe2e1b8399,VALID,
2026-08-18,13:44:48,2026,8,HEAD_TRUCK,208,79.62,online,,ujb_dashboard_scrape,521,c7cb2eeab4c01ccff09f95e97f9caaab070c72c2,VALID,
2026-08-18,13:42:52,2026,8,HEAD_TRUCK,183,100.44,online,,ujb_dashboard_scrape,522,cb92409c342a06d7b83aff087aac65084c8a0c73,VALID,
2026-08-18,13:40:24,2026,8,HEAD_TRUCK,211,66.85,online,,ujb_dashboard_scrape,523,23659d524e9b677a3e9b2b8d2adbe04e78655a94,VALID,
2026-08-18,13:37:46,2026,8,HEAD_TRUCK,202,83.47,online,,ujb_dashboard_scrape,524,79c347921121f5fff39d376e5ad056f950c6318a,VALID,
2026-08-18,13:35:51,2026,8,HEAD_TRUCK,131,96.01,online,,ujb_dashboard_scrape,525,3d865f4694c84579220bccf5767787996ad513de,VALID,
2026-08-18,13:33:36,2026,8,HEAD_TRUCK,142,106.54,online,,ujb_dashboard_scrape,526,e4be7365a522c71720a83b0746edd7cca3f59f87,VALID,
2026-08-18,13:31:20,2026,8,KEND_OPS,RANGGA 04,38.72,online,,ujb_dashboard_scrape,527,2925a907df8b17484529266f0408e1d25c111492,VALID,
2026-08-18,13:28:59,2026,8,HEAD_TRUCK,154,118.65,online,,ujb_dashboard_scrape,528,c75cb917ee90da4a085b2ebe69005b496f269487,VALID,
2026-08-18,13:24:23,2026,8,HEAD_TRUCK,145,79.09,online,,ujb_dashboard_scrape,529,f02ecc9f24d9add1b85cd80d9acce231f3174031,VALID,
2026-08-18,13:21:56,2026,8,HEAD_TRUCK,177,78.52,online,,ujb_dashboard_scrape,530,761df8ef068dbdb34651e6f903ca58830a47fa5a,VALID,
2026-08-18,13:15:37,2026,8,HEAD_TRUCK,184,79.87,online,,ujb_dashboard_scrape,531,210fed1aea67954b02b1619cfbcc8c53761720ed,VALID,
2026-08-18,13:12:52,2026,8,HEAD_TRUCK,143,96.6,online,,ujb_dashboard_scrape,532,2ea17a0b6a87aea9dcd977ecd2ccdabe4b199d22,VALID,
2026-08-18,13:09:55,2026,8,HEAD_TRUCK,165,73.82,online,,ujb_dashboard_scrape,533,2598ee84cef4cca2532ce32502a486cd0757f673,VALID,
2026-08-18,13:07:30,2026,8,HEAD_TRUCK,203,78.28,online,,ujb_dashboard_scrape,534,3cec8009623a1266a7e8746e9138405a025c9f5f,VALID,
2026-08-18,11:22:45,2026,8,KEND_OPS,RANGGA 04,24.06,online,,ujb_dashboard_scrape,535,498cd6eef26a105fef7e78eb3c779f008bbfcd29,VALID,
2026-08-18,11:18:09,2026,8,HEAD_TRUCK,162,81.88,online,,ujb_dashboard_scrape,536,743b79d32eebc855e26d8ffff0c2b357fac76595,VALID,
2026-08-18,11:15:29,2026,8,HEAD_TRUCK,170,100.64,online,,ujb_dashboard_scrape,537,130fdbd7e35110b1ca8dbfb0df9f257b393ef45e,VALID,
2026-08-18,11:13:33,2026,8,HEAD_TRUCK,95,103.11,online,,ujb_dashboard_scrape,538,7450603410769c860510ef86223321c88b9a29f6,VALID,
2026-08-18,11:10:36,2026,8,HEAD_TRUCK,214,97.18,online,,ujb_dashboard_scrape,539,8b468eb8c2f88a8fcf5493900085f9ce26cc076d,VALID,
2026-08-18,11:01:24,2026,8,HEAD_TRUCK,199,69.52,online,,ujb_dashboard_scrape,540,e6a4a3a72f9bb5eefc55317dd8d22699b6dd5136,VALID,
2026-08-18,10:59:00,2026,8,HEAD_TRUCK,140,112.01,online,,ujb_dashboard_scrape,541,01d27e5f93b69656720bfa82fb78fb2e6c75bb9c,VALID,
2026-08-18,10:54:41,2026,8,HEAD_TRUCK,213,83.45,online,,ujb_dashboard_scrape,542,4903150e581dee16af9e21fc3c229dbe832aa2e9,VALID,
2026-08-18,10:54:05,2026,8,HEAD_TRUCK,193,93.85,online,,ujb_dashboard_scrape,543,432e070f683927a8251c281008644772c8b0d902,VALID,
2026-08-18,10:38:42,2026,8,HEAD_TRUCK,185,49.03,online,,ujb_dashboard_scrape,544,fb862bc7202b80d9d38c208c50d3fcdaafcdd9db,VALID,
2026-08-18,10:34:55,2026,8,HEAD_TRUCK,163,24.31,online,,ujb_dashboard_scrape,545,73e24c3a80dfce69199aef6f6444a358a934f656,VALID,
2026-08-18,10:31:44,2026,8,HEAD_TRUCK,185,17.89,online,,ujb_dashboard_scrape,546,31abb278dedb5606bee013029d0c16fc3ad182eb,VALID,
2026-08-18,10:31:37,2026,8,HEAD_TRUCK,163,63.55,online,,ujb_dashboard_scrape,547,68d968bff60c569366d1c9923d38393936b87f67,VALID,
2026-08-18,10:29:11,2026,8,HEAD_TRUCK,212,93.58,online,,ujb_dashboard_scrape,548,9c082ea9618677d076288911535f31f2e254c9ab,VALID,
2026-08-18,10:22:12,2026,8,HEAD_TRUCK,194,93.37,online,,ujb_dashboard_scrape,549,447822fb76d02c7be0eee2c47a95e3e6d4de5a85,VALID,
2026-08-18,10:19:47,2026,8,HEAD_TRUCK,135,89.7,online,,ujb_dashboard_scrape,550,905b37206a315858f669ad617414aaa7a64539f3,VALID,
2026-08-18,10:17:04,2026,8,HEAD_TRUCK,155,101.0,online,,ujb_dashboard_scrape,551,2af15e59dbff10500b395c94aa0beecd05b2a1c5,VALID,
2026-08-18,10:14:30,2026,8,HEAD_TRUCK,149,97.28,online,,ujb_dashboard_scrape,552,144900985a4353cae6f4283238bd652e7dfa4cd8,VALID,
2026-08-18,10:08:07,2026,8,HEAD_TRUCK,157,55.48,online,,ujb_dashboard_scrape,553,6b530f7ba4d2fc9094ede4f23bb2f82838df29dd,VALID,
2026-08-18,10:04:56,2026,8,ELF,03,40.0,online,,ujb_dashboard_scrape,554,f035fedb4f3237d37a828f5d9ec02666acf94e52,VALID,
2026-08-18,10:02:42,2026,8,HEAD_TRUCK,167,74.61,online,,ujb_dashboard_scrape,555,fa1f9b0ec41094aabeb5ab17d5a6c7f5e9a6bd98,VALID,
2026-08-18,10:02:41,2026,8,HEAD_TRUCK,182,92.94,online,,ujb_dashboard_scrape,556,7ccc6a27d5561dfb971313b2e958e4ca4be3feb7,VALID,
2026-08-18,09:59:15,2026,8,HEAD_TRUCK,209,99.62,online,,ujb_dashboard_scrape,557,ec55c92967511e0a9c1ba722aa0aa1de31402094,VALID,
2026-08-18,09:54:35,2026,8,HEAD_TRUCK,171,133.61,online,,ujb_dashboard_scrape,558,d5cc14b65fec8eda853c3afffc18ba4d965c06cd,VALID,
2026-08-18,09:50:45,2026,8,HEAD_TRUCK,159,75.64,online,,ujb_dashboard_scrape,559,976e217b8b5a2c2b62a01114fcc4943ce59105eb,VALID,
2026-08-18,09:49:56,2026,8,HEAD_TRUCK,196,108.98,online,,ujb_dashboard_scrape,560,01e71016ceba8c868d1c211040c87460aa8b3ea1,VALID,
2026-08-18,09:48:25,2026,8,BUS,03,50.0,online,,ujb_dashboard_scrape,561,a7d5a9a74c76be4130d9bcb18b218029dd4035a4,VALID,
2026-08-18,09:46:12,2026,8,HEAD_TRUCK,191,90.48,online,,ujb_dashboard_scrape,562,5725e7d5f6f308993ab5bd04223ccd64e7436c24,VALID,
2026-08-18,09:45:45,2026,8,HEAD_TRUCK,128,111.61,online,,ujb_dashboard_scrape,563,978f24e7eeeb596d915b0564abef76d9b32122e8,VALID,
2026-08-18,09:42:36,2026,8,BUS,02,50.0,online,,ujb_dashboard_scrape,564,c2d089f31917e6591c0631afbcf0107ad55caa30,VALID,
2026-08-18,09:37:39,2026,8,HEAD_TRUCK,138,96.8,online,,ujb_dashboard_scrape,565,50d863fa4358f883b4189a528e64b12686f8cc01,VALID,
2026-08-18,09:37:17,2026,8,HEAD_TRUCK,168,95.67,online,,ujb_dashboard_scrape,566,b42385cb29e405abe18f930920dddb14d631c8b4,VALID,
2026-08-18,09:34:33,2026,8,HEAD_TRUCK,205,90.17,online,,ujb_dashboard_scrape,567,d87cb241d8094190137e85daf69009f080bc41f4,VALID,
2026-08-18,09:33:13,2026,8,HEAD_TRUCK,180,29.51,online,,ujb_dashboard_scrape,568,9d86595ab8e63aba4ed392967643c67bbe00736c,VALID,
2026-08-18,09:31:22,2026,8,HEAD_TRUCK,137,92.87,online,,ujb_dashboard_scrape,569,483f016c1f998fcc4cbd6c64d1cb9ba8eed61afe,VALID,
2026-08-18,09:30:17,2026,8,HEAD_TRUCK,175,68.04,online,,ujb_dashboard_scrape,570,0bd77884ed7c6b011ce3c4f9a9bf8fb3a15af18e,VALID,
2026-08-18,09:27:39,2026,8,HEAD_TRUCK,186,77.66,online,,ujb_dashboard_scrape,571,faf0c7f7693999d9dc957ece87019b19dcd174ae,VALID,
2026-08-18,09:27:13,2026,8,FORKLIFT,28,21.59,online,,ujb_dashboard_scrape,572,df62071723f1223b149be766ff2188b1677f7261,VALID,
2026-08-18,09:21:19,2026,8,HEAD_TRUCK,201,77.09,online,,ujb_dashboard_scrape,573,c05b5473c57c33b617bba7e9f3a81281f579e30e,VALID,
2026-08-18,09:19:12,2026,8,HEAD_TRUCK,210,76.52,online,,ujb_dashboard_scrape,574,2ff4fbcea2df51e6bb30477ee0be355e69922b3e,VALID,
2026-08-18,09:17:05,2026,8,HEAD_TRUCK,136,91.43,online,,ujb_dashboard_scrape,575,5fcf1701864508a22fa90bd8413c4418b27ad034,VALID,
2026-08-18,09:14:48,2026,8,HEAD_TRUCK,207,75.27,online,,ujb_dashboard_scrape,576,6bb29bb20cfb56d1e0e1a1558cbfabd89399ed1f,VALID,
2026-08-18,09:12:22,2026,8,HEAD_TRUCK,192,93.53,online,,ujb_dashboard_scrape,577,50ab917aa8e26811bd9662652a62f0c04cea5cf6,VALID,
2026-08-18,09:06:10,2026,8,HEAD_TRUCK,181,77.87,online,,ujb_dashboard_scrape,578,50410f4451cb85dbe367895b237d30acaaf6ad9e,VALID,
2026-08-18,09:04:48,2026,8,HEAD_TRUCK,153,80.1,online,,ujb_dashboard_scrape,579,0b5452a7d93b03a74880cb433bed08ff4feafc52,VALID,
2026-08-18,09:02:40,2026,8,HEAD_TRUCK,141,86.48,online,,ujb_dashboard_scrape,580,b0e5938a543a1a9e5ac2f80f05a5759d87f7f987,VALID,
2026-08-18,09:01:27,2026,8,KEND_OPS,RANGGA 12,39.65,online,,ujb_dashboard_scrape,581,94efe5f89b29638feda8496bc3b5d8fd01ec8a6f,VALID,
2026-08-18,08:58:04,2026,8,HEAD_TRUCK,158,113.19,online,,ujb_dashboard_scrape,582,bce58b87ca8c4d71c956cc969e82b60c818c0694,VALID,
2026-08-18,08:52:25,2026,8,HEAD_TRUCK,204,66.96,online,,ujb_dashboard_scrape,583,4cdeb8672903d2ac5174cad2e0d099af87034a4a,VALID,
2026-08-18,08:49:09,2026,8,HEAD_TRUCK,132,110.48,online,,ujb_dashboard_scrape,584,0338492ba4a426a47bee4d4b83e1782247878b4b,VALID,
2026-08-18,08:46:18,2026,8,HEAD_TRUCK,147,103.07,online,,ujb_dashboard_scrape,585,b2d5bae31dd1b3640e08d62f2d852284c6ab21e6,VALID,
2026-08-18,08:43:28,2026,8,BUS,01,49.72,online,,ujb_dashboard_scrape,586,5eff7f7bcf99dd12763c05864af7c978a49c3bbd,VALID,
2026-08-18,08:39:34,2026,8,ELF,02,35.46,online,,ujb_dashboard_scrape,587,d7e6d92b51fd25e7f036ecbde0db95589b068622,VALID,
2026-08-18,08:36:45,2026,8,HEAD_TRUCK,198,83.8,online,,ujb_dashboard_scrape,588,3919eea281744e6ec951296e3fb6f769f19745ea,VALID,
2026-08-18,08:33:48,2026,8,HEAD_TRUCK,139,75.81,online,,ujb_dashboard_scrape,589,cd969d12b929ec2020c3fe9ac9473688aaa959e0,VALID,
2026-08-18,08:33:45,2026,8,HEAD_TRUCK,148,94.39,online,,ujb_dashboard_scrape,590,076619fb66023af07b57222d1b8774ce1043d9ba,VALID,
2026-08-18,08:30:35,2026,8,HEAD_TRUCK,216,93.49,online,,ujb_dashboard_scrape,591,20ae9fafa5c77afc597421dabeeabd3f0208c308,VALID,
2026-08-18,08:30:25,2026,8,HEAD_TRUCK,197,73.16,online,,ujb_dashboard_scrape,592,3a6a03f128e537b043f06773ea96c0c6cd3d8e60,VALID,
2026-08-18,08:27:10,2026,8,HEAD_TRUCK,206,103.69,online,,ujb_dashboard_scrape,593,b726381dfe4e1ead881dd06569caa419e87e2266,VALID,
2026-08-18,08:27:07,2026,8,HEAD_TRUCK,151,84.26,online,,ujb_dashboard_scrape,594,b6a8dc69dcb6dc5fac14c29e69566a715037fe22,VALID,
2026-08-18,08:23:48,2026,8,HEAD_TRUCK,152,59.93,online,,ujb_dashboard_scrape,595,db0ad12abb44b69f2cd07f671c442b2f71851447,VALID,
2026-08-18,08:22:56,2026,8,HEAD_TRUCK,195,91.94,online,,ujb_dashboard_scrape,596,b7bc5dbd555f0ba1f1c4f801cf08a5debff3d071,VALID,
2026-08-18,08:21:46,2026,8,HEAD_TRUCK,152,18.35,online,,ujb_dashboard_scrape,597,247063e9f7b53fc7fbb431f557f1a9fdf820e4bf,VALID,
2026-08-18,08:19:11,2026,8,HEAD_TRUCK,174,80.88,online,,ujb_dashboard_scrape,598,d4062f7f5fd803df8447f62541809bee16046600,VALID,
2026-08-18,08:16:26,2026,8,HEAD_TRUCK,133,95.83,online,,ujb_dashboard_scrape,599,1fb23691fb1fb686e1a0895a53a6d25de9a93157,VALID,
2026-08-18,08:10:31,2026,8,ELF,01,36.81,online,,ujb_dashboard_scrape,600,5558620afa8688fb143f90e367cf55e088012094,VALID,
2026-08-18,08:07:49,2026,8,HEAD_TRUCK,161,68.13,online,,ujb_dashboard_scrape,601,9470cc4183172442af24320f0331be5eefd4efd1,VALID,
